<?xml version="1.0"?>
<!DOCTYPE pathway SYSTEM "http://www.genome.jp/kegg/xml/KGML_v0.6.1_.dtd">
<!-- Creation date: Jan 16 2009 02:49:48 +0900 (JST) -->
<pathway name="path:map00631" org="map" number="00631"
         title="1,2-Dichloroethane degradation"
         image="http://www.genome.jp/kegg/pathway/map/map00631.gif"
         link="http://www.genome.jp/dbget-bin/show_pathway?map00631">
    <entry id="1" name="ko:K01560" type="ortholog" reaction="rn:R05287"
        link="http://www.genome.jp/dbget-bin/www_bget?ko+K01560">
        <graphics name="K01560" fgcolor="#000000" bgcolor="#FFFFFF"
             type="rectangle" x="221" y="339" width="46" height="17"/>
    </entry>
    <entry id="2" name="path:map00630" type="map"
        link="http://www.genome.jp/kegg/pathway/map/map00630.html">
        <graphics name="Glyoxylate and dicarboxylate metabolism" fgcolor="#000000" bgcolor="#FFFFFF"
             type="roundrectangle" x="197" y="437" width="154" height="34"/>
    </entry>
    <entry id="3" name="ko:K01561" type="ortholog" reaction="rn:R05287"
        link="http://www.genome.jp/dbget-bin/www_bget?ko+K01561">
        <graphics name="K01561" fgcolor="#000000" bgcolor="#FFFFFF"
             type="rectangle" x="171" y="339" width="46" height="17"/>
    </entry>
    <entry id="4" name="ko:K00114" type="ortholog" reaction="rn:R05285"
        link="http://www.genome.jp/dbget-bin/www_bget?ko+K00114">
        <graphics name="K00114" fgcolor="#000000" bgcolor="#FFFFFF"
             type="rectangle" x="196" y="206" width="46" height="17"/>
    </entry>
    <entry id="5" name="ko:K01563" type="ortholog" reaction="rn:R05284"
        link="http://www.genome.jp/dbget-bin/www_bget?ko+K01563">
        <graphics name="K01563" fgcolor="#000000" bgcolor="#FFFFFF"
             type="rectangle" x="197" y="140" width="46" height="17"/>
    </entry>
    <entry id="6" name="path:map00631" type="map"
        link="http://www.genome.jp/dbget-bin/get_linkdb?pathway+map00631">
        <graphics name="TITLE:1,2-Dichloroethane degradation" fgcolor="#000000" bgcolor="#FFFFFF"
             type="roundrectangle" x="199" y="67" width="278" height="25"/>
    </entry>
    <entry id="7" name="ko:K00128" type="ortholog" reaction="rn:R05286"
        link="http://www.genome.jp/dbget-bin/www_bget?ko+K00128">
        <graphics name="K00128" fgcolor="#000000" bgcolor="#FFFFFF"
             type="rectangle" x="197" y="270" width="46" height="17"/>
    </entry>
    <entry id="8" name="cpd:C06752" type="compound"
        link="http://www.genome.jp/dbget-bin/www_bget?compound+C06752">
        <graphics name="C06752" fgcolor="#000000" bgcolor="#FFFFFF"
             type="circle" x="196" y="115" width="8" height="8"/>
    </entry>
    <entry id="9" name="cpd:C06753" type="compound"
        link="http://www.genome.jp/dbget-bin/www_bget?compound+C06753">
        <graphics name="C06753" fgcolor="#000000" bgcolor="#FFFFFF"
             type="circle" x="196" y="180" width="8" height="8"/>
    </entry>
    <entry id="10" name="cpd:C06754" type="compound"
        link="http://www.genome.jp/dbget-bin/www_bget?compound+C06754">
        <graphics name="C06754" fgcolor="#000000" bgcolor="#FFFFFF"
             type="circle" x="196" y="245" width="8" height="8"/>
    </entry>
    <entry id="11" name="cpd:C00160" type="compound"
        link="http://www.genome.jp/dbget-bin/www_bget?compound+C00160">
        <graphics name="C00160" fgcolor="#000000" bgcolor="#FFFFFF"
             type="circle" x="196" y="375" width="8" height="8"/>
    </entry>
    <entry id="12" name="cpd:C06755" type="compound"
        link="http://www.genome.jp/dbget-bin/www_bget?compound+C06755">
        <graphics name="C06755" fgcolor="#000000" bgcolor="#FFFFFF"
             type="circle" x="196" y="310" width="8" height="8"/>
    </entry>
    <relation entry1="4" entry2="5" type="ECrel">
        <subtype name="compound" value="9"/>
    </relation>
    <relation entry1="4" entry2="7" type="ECrel">
        <subtype name="compound" value="10"/>
    </relation>
    <relation entry1="3" entry2="7" type="ECrel">
        <subtype name="compound" value="12"/>
    </relation>
    <relation entry1="7" entry2="1" type="ECrel">
        <subtype name="compound" value="12"/>
    </relation>
    <relation entry1="3" entry2="2" type="maplink">
        <subtype name="compound" value="11"/>
    </relation>
    <relation entry1="1" entry2="2" type="maplink">
        <subtype name="compound" value="11"/>
    </relation>
    <reaction name="rn:R05287" type="irreversible">
        <substrate name="cpd:C06755"/>
        <product name="cpd:C00160"/>
    </reaction>
    <reaction name="rn:R05285" type="irreversible">
        <substrate name="cpd:C06753"/>
        <product name="cpd:C06754"/>
    </reaction>
    <reaction name="rn:R05284" type="irreversible">
        <substrate name="cpd:C06752"/>
        <product name="cpd:C06753"/>
    </reaction>
    <reaction name="rn:R05286" type="irreversible">
        <substrate name="cpd:C06754"/>
        <product name="cpd:C06755"/>
    </reaction>
</pathway>
