<?xml version="1.0"?>
<!DOCTYPE pathway SYSTEM "http://www.genome.jp/kegg/xml/KGML_v0.6.1_.dtd">
<!-- Creation date: Mar 21 2009 02:44:05 +0900 (JST) -->
<pathway name="path:map01054" org="map" number="01054"
         title="Nonribosomal peptide structures"
         image="http://www.genome.jp/kegg/pathway/map/map01054.gif"
         link="http://www.genome.jp/dbget-bin/show_pathway?map01054">
    <entry id="1" name="cpd:C01540" type="compound"
        link="http://www.genome.jp/dbget-bin/www_bget?compound+C01540">
        <graphics name="C01540" fgcolor="#000000" bgcolor="#FFFFFF"
             type="rectangle" x="799" y="766" width="53" height="14"/>
    </entry>
    <entry id="2" name="up:Q6WZA3" type="other"
        link="http://www.genome.jp/dbget-bin/www_bget?up+Q6WZA3">
        <graphics name="Q6WZA3" fgcolor="#000000" bgcolor="#FFFFFF"
             type="rectangle" x="903" y="680" width="46" height="17"/>
    </entry>
    <entry id="3" name="up:Q84CG4" type="other"
        link="http://www.genome.jp/dbget-bin/www_bget?up+Q84CG4">
        <graphics name="Q84CG4" fgcolor="#000000" bgcolor="#FFFFFF"
             type="rectangle" x="843" y="723" width="46" height="17"/>
    </entry>
    <entry id="4" name="up:Q6WZA1" type="other"
        link="http://www.genome.jp/dbget-bin/www_bget?up+Q6WZA1">
        <graphics name="Q6WZA1" fgcolor="#000000" bgcolor="#FFFFFF"
             type="rectangle" x="1000" y="646" width="46" height="17"/>
    </entry>
    <entry id="5" name="up:Q6WZA4" type="other"
        link="http://www.genome.jp/dbget-bin/www_bget?up+Q6WZA4">
        <graphics name="Q6WZA4" fgcolor="#000000" bgcolor="#FFFFFF"
             type="rectangle" x="967" y="605" width="46" height="17"/>
    </entry>
    <entry id="6" name="up:Q6WZB2" type="other"
        link="http://www.genome.jp/dbget-bin/www_bget?up+Q6WZB2">
        <graphics name="Q6WZB2" fgcolor="#000000" bgcolor="#FFFFFF"
             type="rectangle" x="851" y="545" width="46" height="17"/>
    </entry>
    <entry id="7" name="up:Q6WZA7" type="other"
        link="http://www.genome.jp/dbget-bin/www_bget?up+Q6WZA7">
        <graphics name="Q6WZA7" fgcolor="#000000" bgcolor="#FFFFFF"
             type="rectangle" x="744" y="668" width="46" height="17"/>
    </entry>
    <entry id="8" name="up:Q6WZA0" type="other"
        link="http://www.genome.jp/dbget-bin/www_bget?up+Q6WZA0">
        <graphics name="Q6WZA0" fgcolor="#000000" bgcolor="#FFFFFF"
             type="rectangle" x="665" y="579" width="46" height="17"/>
    </entry>
    <entry id="9" name="up:Q6WZ98" type="other"
        link="http://www.genome.jp/dbget-bin/www_bget?up+Q6WZ98">
        <graphics name="Q6WZ98" fgcolor="#000000" bgcolor="#FFFFFF"
             type="rectangle" x="665" y="560" width="46" height="17"/>
    </entry>
    <entry id="10" name="up:Q9FB22" type="other"
        link="http://www.genome.jp/dbget-bin/www_bget?up+Q9FB22">
        <graphics name="Q9FB22" fgcolor="#000000" bgcolor="#FFFFFF"
             type="rectangle" x="126" y="877" width="46" height="17"/>
    </entry>
    <entry id="11" name="cpd:C05371" type="compound"
        link="http://www.genome.jp/dbget-bin/www_bget?compound+C05371">
        <graphics name="C05371" fgcolor="#000000" bgcolor="#FFFFFF"
             type="rectangle" x="573" y="2561" width="88" height="15"/>
    </entry>
    <entry id="12" name="cpd:C12268" type="compound"
        link="http://www.genome.jp/dbget-bin/www_bget?compound+C12268">
        <graphics name="C12268" fgcolor="#000000" bgcolor="#FFFFFF"
             type="rectangle" x="814" y="2146" width="74" height="14"/>
    </entry>
    <entry id="13" name="cpd:C12042" type="compound"
        link="http://www.genome.jp/dbget-bin/www_bget?compound+C12042">
        <graphics name="C12042" fgcolor="#000000" bgcolor="#FFFFFF"
             type="rectangle" x="312" y="2148" width="49" height="14"/>
    </entry>
    <entry id="14" name="cpd:C12267" type="compound"
        link="http://www.genome.jp/dbget-bin/www_bget?compound+C12267">
        <graphics name="C12267" fgcolor="#000000" bgcolor="#FFFFFF"
             type="rectangle" x="888" y="1795" width="80" height="14"/>
    </entry>
    <entry id="15" name="cpd:C12266" type="compound"
        link="http://www.genome.jp/dbget-bin/www_bget?compound+C12266">
        <graphics name="C12266" fgcolor="#000000" bgcolor="#FFFFFF"
             type="rectangle" x="539" y="1795" width="43" height="15"/>
    </entry>
    <entry id="16" name="cpd:C12030" type="compound"
        link="http://www.genome.jp/dbget-bin/www_bget?compound+C12030">
        <graphics name="C12030" fgcolor="#000000" bgcolor="#FFFFFF"
             type="rectangle" x="208" y="1792" width="71" height="14"/>
    </entry>
    <entry id="17" name="cpd:C12265" type="compound"
        link="http://www.genome.jp/dbget-bin/www_bget?compound+C12265">
        <graphics name="C12265" fgcolor="#000000" bgcolor="#FFFFFF"
             type="rectangle" x="808" y="1434" width="72" height="14"/>
    </entry>
    <entry id="18" name="cpd:C12043" type="compound"
        link="http://www.genome.jp/dbget-bin/www_bget?compound+C12043">
        <graphics name="C12043" fgcolor="#000000" bgcolor="#FFFFFF"
             type="rectangle" x="324" y="1432" width="51" height="14"/>
    </entry>
    <entry id="19" name="cpd:C01895" type="compound"
        link="http://www.genome.jp/dbget-bin/www_bget?compound+C01895">
        <graphics name="C01895" fgcolor="#000000" bgcolor="#FFFFFF"
             type="rectangle" x="398" y="1072" width="74" height="15"/>
    </entry>
    <entry id="20" name="cpd:C11615" type="compound"
        link="http://www.genome.jp/dbget-bin/www_bget?compound+C11615">
        <graphics name="C11615" fgcolor="#000000" bgcolor="#FFFFFF"
             type="rectangle" x="861" y="1073" width="92" height="14"/>
    </entry>
    <entry id="21" name="cpd:C11218" type="compound"
        link="http://www.genome.jp/dbget-bin/www_bget?compound+C11218">
        <graphics name="C11218" fgcolor="#000000" bgcolor="#FFFFFF"
             type="rectangle" x="310" y="765" width="73" height="14"/>
    </entry>
    <entry id="22" name="cpd:C12041" type="compound"
        link="http://www.genome.jp/dbget-bin/www_bget?compound+C12041">
        <graphics name="C12041" fgcolor="#000000" bgcolor="#FFFFFF"
             type="rectangle" x="804" y="454" width="66" height="13"/>
    </entry>
    <entry id="23" name="cpd:C15482" type="compound"
        link="http://www.genome.jp/dbget-bin/www_bget?compound+C15482">
        <graphics name="C15482" fgcolor="#000000" bgcolor="#FFFFFF"
             type="rectangle" x="328" y="454" width="67" height="13"/>
    </entry>
    <entry id="24" name="up:Q9RNB4" type="other"
        link="http://www.genome.jp/dbget-bin/www_bget?up+Q9RNB4">
        <graphics name="Q9RNB4" fgcolor="#000000" bgcolor="#FFFFFF"
             type="rectangle" x="620" y="2508" width="46" height="17"/>
    </entry>
    <entry id="25" name="up:Q9RNA9" type="other"
        link="http://www.genome.jp/dbget-bin/www_bget?up+Q9RNA9">
        <graphics name="Q9RNA9" fgcolor="#000000" bgcolor="#FFFFFF"
             type="rectangle" x="468" y="2471" width="46" height="17"/>
    </entry>
    <entry id="26" name="up:Q9RNB0" type="other"
        link="http://www.genome.jp/dbget-bin/www_bget?up+Q9RNB0">
        <graphics name="Q9RNB0" fgcolor="#000000" bgcolor="#FFFFFF"
             type="rectangle" x="722" y="2476" width="46" height="17"/>
    </entry>
    <entry id="27" name="up:Q9RNB7" type="other"
        link="http://www.genome.jp/dbget-bin/www_bget?up+Q9RNB7">
        <graphics name="Q9RNB7" fgcolor="#000000" bgcolor="#FFFFFF"
             type="rectangle" x="735" y="2337" width="46" height="17"/>
    </entry>
    <entry id="28" name="up:Q9RNB1" type="other"
        link="http://www.genome.jp/dbget-bin/www_bget?up+Q9RNB1">
        <graphics name="Q9RNB1" fgcolor="#000000" bgcolor="#FFFFFF"
             type="rectangle" x="696" y="2293" width="46" height="17"/>
    </entry>
    <entry id="29" name="up:Q9RNB5" type="other"
        link="http://www.genome.jp/dbget-bin/www_bget?up+Q9RNB5">
        <graphics name="Q9RNB5" fgcolor="#000000" bgcolor="#FFFFFF"
             type="rectangle" x="366" y="2417" width="46" height="17"/>
    </entry>
    <entry id="30" name="up:Q9RNB8" type="other"
        link="http://www.genome.jp/dbget-bin/www_bget?up+Q9RNB8">
        <graphics name="Q9RNB8" fgcolor="#000000" bgcolor="#FFFFFF"
             type="rectangle" x="352" y="2352" width="46" height="17"/>
    </entry>
    <entry id="31" name="up:Q9RNB2" type="other"
        link="http://www.genome.jp/dbget-bin/www_bget?up+Q9RNB2">
        <graphics name="Q9RNB2" fgcolor="#000000" bgcolor="#FFFFFF"
             type="rectangle" x="453" y="2316" width="46" height="17"/>
    </entry>
    <entry id="32" name="up:Q9RNB3" type="other"
        link="http://www.genome.jp/dbget-bin/www_bget?up+Q9RNB3">
        <graphics name="Q9RNB3" fgcolor="#000000" bgcolor="#FFFFFF"
             type="rectangle" x="517" y="2266" width="46" height="17"/>
    </entry>
    <entry id="33" name="up:Q9RNB4" type="other"
        link="http://www.genome.jp/dbget-bin/www_bget?up+Q9RNB4">
        <graphics name="Q9RNB4" fgcolor="#000000" bgcolor="#FFFFFF"
             type="rectangle" x="563" y="2242" width="46" height="17"/>
    </entry>
    <entry id="34" name="up:O85168" type="other"
        link="http://www.genome.jp/dbget-bin/www_bget?up+O85168">
        <graphics name="O85168" fgcolor="#000000" bgcolor="#FFFFFF"
             type="rectangle" x="957" y="2018" width="46" height="17"/>
    </entry>
    <entry id="35" name="up:Q52400" type="other"
        link="http://www.genome.jp/dbget-bin/www_bget?up+Q52400">
        <graphics name="Q52400" fgcolor="#000000" bgcolor="#FFFFFF"
             type="rectangle" x="706" y="2103" width="46" height="17"/>
    </entry>
    <entry id="36" name="up:O30980" type="other"
        link="http://www.genome.jp/dbget-bin/www_bget?up+O30980">
        <graphics name="O30980" fgcolor="#000000" bgcolor="#FFFFFF"
             type="rectangle" x="465" y="2067" width="46" height="17"/>
    </entry>
    <entry id="37" name="up:O30981" type="other"
        link="http://www.genome.jp/dbget-bin/www_bget?up+O30981">
        <graphics name="O30981" fgcolor="#000000" bgcolor="#FFFFFF"
             type="rectangle" x="472" y="1921" width="46" height="17"/>
    </entry>
    <entry id="38" name="up:Q45563" type="other"
        link="http://www.genome.jp/dbget-bin/www_bget?up+Q45563">
        <graphics name="Q45563" fgcolor="#000000" bgcolor="#FFFFFF"
             type="rectangle" x="177" y="2039" width="46" height="17"/>
    </entry>
    <entry id="39" name="up:O87606" type="other"
        link="http://www.genome.jp/dbget-bin/www_bget?up+O87606">
        <graphics name="O87606" fgcolor="#000000" bgcolor="#FFFFFF"
             type="rectangle" x="154" y="1887" width="46" height="17"/>
    </entry>
    <entry id="40" name="up:O87704" type="other"
        link="http://www.genome.jp/dbget-bin/www_bget?up+O87704">
        <graphics name="O87704" fgcolor="#000000" bgcolor="#FFFFFF"
             type="rectangle" x="303" y="1835" width="46" height="17"/>
    </entry>
    <entry id="41" name="up:Q9R9I9" type="other"
        link="http://www.genome.jp/dbget-bin/www_bget?up+Q9R9I9">
        <graphics name="Q9R9I9" fgcolor="#000000" bgcolor="#FFFFFF"
             type="rectangle" x="107" y="1737" width="46" height="17"/>
    </entry>
    <entry id="42" name="up:Q9R9J1" type="other"
        link="http://www.genome.jp/dbget-bin/www_bget?up+Q9R9J1">
        <graphics name="Q9R9J1" fgcolor="#000000" bgcolor="#FFFFFF"
             type="rectangle" x="106" y="1544" width="46" height="17"/>
    </entry>
    <entry id="43" name="up:Q9R9J0" type="other"
        link="http://www.genome.jp/dbget-bin/www_bget?up+Q9R9J0">
        <graphics name="Q9R9J0" fgcolor="#000000" bgcolor="#FFFFFF"
             type="rectangle" x="302" y="1575" width="46" height="17"/>
    </entry>
    <entry id="44" name="up:Q93I54" type="other"
        link="http://www.genome.jp/dbget-bin/www_bget?up+Q93I54">
        <graphics name="Q93I54" fgcolor="#000000" bgcolor="#FFFFFF"
             type="rectangle" x="421" y="1726" width="46" height="17"/>
    </entry>
    <entry id="45" name="bsu:BSU03510" type="other">
        <graphics name="srfAC, comL" fgcolor="#000000" bgcolor="#FFFFFF"
             type="rectangle" x="194" y="1297" width="46" height="17"/>
    </entry>
    <entry id="46" name="up:Q93I56" type="other"
        link="http://www.genome.jp/dbget-bin/www_bget?up+Q93I56">
        <graphics name="Q93I56" fgcolor="#000000" bgcolor="#FFFFFF"
             type="rectangle" x="446" y="1545" width="46" height="17"/>
    </entry>
    <entry id="47" name="up:O66071" type="other"
        link="http://www.genome.jp/dbget-bin/www_bget?up+O66071">
        <graphics name="O66071" fgcolor="#000000" bgcolor="#FFFFFF"
             type="rectangle" x="681" y="1307" width="46" height="17"/>
    </entry>
    <entry id="48" name="up:Q6YK40" type="other"
        link="http://www.genome.jp/dbget-bin/www_bget?up+Q6YK40">
        <graphics name="Q6YK40" fgcolor="#000000" bgcolor="#FFFFFF"
             type="rectangle" x="989" y="1575" width="46" height="17"/>
    </entry>
    <entry id="49" name="bsu:BSU03480" type="other">
        <graphics name="srfAA, comL" fgcolor="#000000" bgcolor="#FFFFFF"
             type="rectangle" x="307" y="1168" width="46" height="17"/>
    </entry>
    <entry id="50" name="up:P95819" type="other"
        link="http://www.genome.jp/dbget-bin/www_bget?up+P95819">
        <graphics name="P95819" fgcolor="#000000" bgcolor="#FFFFFF"
             type="rectangle" x="750" y="976" width="46" height="17"/>
    </entry>
    <entry id="51" name="up:GRSB_ANEMI" type="other"
        link="http://www.genome.jp/dbget-bin/www_bget?up+GRSB_ANEMI">
        <graphics name="GRSB_ANEMI" fgcolor="#000000" bgcolor="#FFFFFF"
             type="rectangle" x="397" y="730" width="46" height="17"/>
    </entry>
    <entry id="52" name="up:Q9FB17" type="other"
        link="http://www.genome.jp/dbget-bin/www_bget?up+Q9FB17">
        <graphics name="Q9FB17" fgcolor="#000000" bgcolor="#FFFFFF"
             type="rectangle" x="531" y="876" width="46" height="17"/>
    </entry>
    <entry id="53" name="up:Q9FB18" type="other"
        link="http://www.genome.jp/dbget-bin/www_bget?up+Q9FB18">
        <graphics name="Q9FB18" fgcolor="#000000" bgcolor="#FFFFFF"
             type="rectangle" x="470" y="876" width="46" height="17"/>
    </entry>
    <entry id="54" name="up:Q9FB27" type="other"
        link="http://www.genome.jp/dbget-bin/www_bget?up+Q9FB27">
        <graphics name="Q9FB27" fgcolor="#000000" bgcolor="#FFFFFF"
             type="rectangle" x="126" y="896" width="46" height="17"/>
    </entry>
    <entry id="55" name="up:O66069" type="other"
        link="http://www.genome.jp/dbget-bin/www_bget?up+O66069">
        <graphics name="O66069" fgcolor="#000000" bgcolor="#FFFFFF"
             type="rectangle" x="796" y="1162" width="46" height="17"/>
    </entry>
    <entry id="56" name="up:BACC_BACLI" type="other"
        link="http://www.genome.jp/dbget-bin/www_bget?up+BACC_BACLI">
        <graphics name="BACC_BACLI" fgcolor="#000000" bgcolor="#FFFFFF"
             type="rectangle" x="523" y="265" width="46" height="17"/>
    </entry>
    <entry id="57" name="up:TYCA_BREPA" type="other"
        link="http://www.genome.jp/dbget-bin/www_bget?up+TYCA_BREPA">
        <graphics name="TYCA_BREPA" fgcolor="#000000" bgcolor="#FFFFFF"
             type="rectangle" x="661" y="170" width="46" height="17"/>
    </entry>
    <entry id="58" name="up:Q9FB20" type="other"
        link="http://www.genome.jp/dbget-bin/www_bget?up+Q9FB20">
        <graphics name="Q9FB20" fgcolor="#000000" bgcolor="#FFFFFF"
             type="rectangle" x="149" y="1013" width="46" height="17"/>
    </entry>
    <entry id="59" name="up:O66070" type="other"
        link="http://www.genome.jp/dbget-bin/www_bget?up+O66070">
        <graphics name="O66070" fgcolor="#000000" bgcolor="#FFFFFF"
             type="rectangle" x="913" y="1363" width="46" height="17"/>
    </entry>
    <entry id="60" name="up:Q6YK41" type="other"
        link="http://www.genome.jp/dbget-bin/www_bget?up+Q6YK41">
        <graphics name="Q6YK41" fgcolor="#000000" bgcolor="#FFFFFF"
             type="rectangle" x="752" y="1548" width="46" height="17"/>
    </entry>
    <entry id="61" name="up:Q93I55" type="other"
        link="http://www.genome.jp/dbget-bin/www_bget?up+Q93I55">
        <graphics name="Q93I55" fgcolor="#000000" bgcolor="#FFFFFF"
             type="rectangle" x="644" y="1565" width="46" height="17"/>
    </entry>
    <entry id="62" name="up:Q9FB13" type="other"
        link="http://www.genome.jp/dbget-bin/www_bget?up+Q9FB13">
        <graphics name="Q9FB13" fgcolor="#000000" bgcolor="#FFFFFF"
             type="rectangle" x="149" y="994" width="46" height="17"/>
    </entry>
    <entry id="63" name="bsu:BSU03490" type="other">
        <graphics name="srfAB, comL" fgcolor="#000000" bgcolor="#FFFFFF"
             type="rectangle" x="420" y="1357" width="46" height="17"/>
    </entry>
    <entry id="64" name="up:Q6YK39" type="other"
        link="http://www.genome.jp/dbget-bin/www_bget?up+Q6YK39">
        <graphics name="Q6YK39" fgcolor="#000000" bgcolor="#FFFFFF"
             type="rectangle" x="741" y="1753" width="46" height="17"/>
    </entry>
    <entry id="65" name="up:TYCC_BREPA" type="other"
        link="http://www.genome.jp/dbget-bin/www_bget?up+TYCC_BREPA">
        <graphics name="TYCC_BREPA" fgcolor="#000000" bgcolor="#FFFFFF"
             type="rectangle" x="745" y="399" width="46" height="17"/>
    </entry>
    <entry id="66" name="up:Q70K00" type="other"
        link="http://www.genome.jp/dbget-bin/www_bget?up+Q70K00">
        <graphics name="Q70K00" fgcolor="#000000" bgcolor="#FFFFFF"
             type="rectangle" x="792" y="1753" width="46" height="17"/>
    </entry>
    <entry id="67" name="up:Q9FB24" type="other"
        link="http://www.genome.jp/dbget-bin/www_bget?up+Q9FB24">
        <graphics name="Q9FB24" fgcolor="#000000" bgcolor="#FFFFFF"
             type="rectangle" x="411" y="876" width="46" height="17"/>
    </entry>
    <entry id="68" name="up:Q70JZ9" type="other"
        link="http://www.genome.jp/dbget-bin/www_bget?up+Q70JZ9">
        <graphics name="Q70JZ9" fgcolor="#000000" bgcolor="#FFFFFF"
             type="rectangle" x="1041" y="1575" width="46" height="17"/>
    </entry>
    <entry id="69" name="up:BACA_BACLI" type="other"
        link="http://www.genome.jp/dbget-bin/www_bget?up+BACA_BACLI">
        <graphics name="BACA_BACLI" fgcolor="#000000" bgcolor="#FFFFFF"
             type="rectangle" x="181" y="336" width="46" height="17"/>
    </entry>
    <entry id="70" name="up:TYCB_BREPA" type="other"
        link="http://www.genome.jp/dbget-bin/www_bget?up+TYCB_BREPA">
        <graphics name="TYCB_BREPA" fgcolor="#000000" bgcolor="#FFFFFF"
             type="rectangle" x="883" y="134" width="46" height="17"/>
    </entry>
    <entry id="71" name="up:GRSA_ANEMI" type="other"
        link="http://www.genome.jp/dbget-bin/www_bget?up+GRSA_ANEMI">
        <graphics name="GRSA_ANEMI" fgcolor="#000000" bgcolor="#FFFFFF"
             type="rectangle" x="466" y="551" width="46" height="17"/>
    </entry>
    <entry id="72" name="up:Q9FB26" type="other"
        link="http://www.genome.jp/dbget-bin/www_bget?up+Q9FB26">
        <graphics name="Q9FB26" fgcolor="#000000" bgcolor="#FFFFFF"
             type="rectangle" x="336" y="1015" width="46" height="17"/>
    </entry>
    <entry id="73" name="up:Q9FB25" type="other"
        link="http://www.genome.jp/dbget-bin/www_bget?up+Q9FB25">
        <graphics name="Q9FB25" fgcolor="#000000" bgcolor="#FFFFFF"
             type="rectangle" x="344" y="876" width="46" height="17"/>
    </entry>
    <entry id="74" name="path:map01054" type="map"
        link="http://www.genome.jp/dbget-bin/get_linkdb?pathway+map01054">
        <graphics name="TITLE:Nonribosomal peptide structures" fgcolor="#000000" bgcolor="#FFFFFF"
             type="roundrectangle" x="208" y="67" width="296" height="25"/>
    </entry>
    <entry id="75" name="up:GRSA_ANEMI" type="other"
        link="http://www.genome.jp/dbget-bin/www_bget?up+GRSA_ANEMI">
        <graphics name="GRSA_ANEMI" fgcolor="#000000" bgcolor="#FFFFFF"
             type="rectangle" x="215" y="702" width="46" height="17"/>
    </entry>
    <entry id="76" name="up:Q70JZ8" type="other"
        link="http://www.genome.jp/dbget-bin/www_bget?up+Q70JZ8">
        <graphics name="Q70JZ8" fgcolor="#000000" bgcolor="#FFFFFF"
             type="rectangle" x="803" y="1548" width="46" height="17"/>
    </entry>
    <entry id="77" name="up:Q9FB23" type="other"
        link="http://www.genome.jp/dbget-bin/www_bget?up+Q9FB23">
        <graphics name="Q9FB23" fgcolor="#000000" bgcolor="#FFFFFF"
             type="rectangle" x="126" y="858" width="46" height="17"/>
    </entry>
    <entry id="78" name="up:BACB_BACLI" type="other"
        link="http://www.genome.jp/dbget-bin/www_bget?up+BACB_BACLI">
        <graphics name="BACB_BACLI" fgcolor="#000000" bgcolor="#FFFFFF"
             type="rectangle" x="346" y="203" width="46" height="17"/>
    </entry>
    <entry id="79" name="up:O07944" type="other"
        link="http://www.genome.jp/dbget-bin/www_bget?up+O07944">
        <graphics name="O07944" fgcolor="#000000" bgcolor="#FFFFFF"
             type="rectangle" x="914" y="852" width="46" height="17"/>
    </entry>
    <entry id="80" name="up:Q54959" type="other"
        link="http://www.genome.jp/dbget-bin/www_bget?up+Q54959">
        <graphics name="Q54959" fgcolor="#000000" bgcolor="#FFFFFF"
             type="rectangle" x="774" y="875" width="46" height="17"/>
    </entry>
    <entry id="81" name="up:GRSB_ANEMI" type="other"
        link="http://www.genome.jp/dbget-bin/www_bget?up+GRSB_ANEMI">
        <graphics name="GRSB_ANEMI" fgcolor="#000000" bgcolor="#FFFFFF"
             type="rectangle" x="225" y="545" width="46" height="17"/>
    </entry>
</pathway>
