<?xml version="1.0"?>
<!DOCTYPE pathway SYSTEM "http://www.genome.jp/kegg/xml/KGML_v0.6.1_.dtd">
<!-- Creation date: Jan 27 2009 10:29:25 +0900 (JST) -->
<pathway name="path:map05320" org="map" number="05320"
         title="Autoimmune thyroid disease"
         image="http://www.genome.jp/kegg/pathway/map/map05320.gif"
         link="http://www.genome.jp/dbget-bin/show_pathway?map05320">
    <entry id="1" name="path:map04660" type="map"
        link="http://www.genome.jp/kegg/pathway/map/map04660.html">
        <graphics name="T cell receptor signaling pathway" fgcolor="#000000" bgcolor="#FFFFFF"
             type="roundrectangle" x="571" y="396" width="113" height="34"/>
    </entry>
    <entry id="2" name="ko:K06752" type="ortholog"
        link="http://www.genome.jp/dbget-bin/www_bget?ko+K06752">
        <graphics name="K06752" fgcolor="#000000" bgcolor="#FFFFFF"
             type="rectangle" x="445" y="643" width="46" height="17"/>
    </entry>
    <entry id="3" name="ko:K10784 ko:K10785" type="ortholog"
        link="http://www.genome.jp/dbget-bin/www_bget?ko+K10784+K10785">
        <graphics name="K10784..." fgcolor="#000000" bgcolor="#FFFFFF"
             type="rectangle" x="526" y="643" width="46" height="17"/>
    </entry>
    <entry id="4" name="ko:K03161" type="ortholog"
        link="http://www.genome.jp/dbget-bin/www_bget?ko+K03161">
        <graphics name="K03161" fgcolor="#000000" bgcolor="#FFFFFF"
             type="rectangle" x="745" y="643" width="46" height="17"/>
    </entry>
    <entry id="5" name="ko:K03160" type="ortholog"
        link="http://www.genome.jp/dbget-bin/www_bget?ko+K03160">
        <graphics name="K03160" fgcolor="#000000" bgcolor="#FFFFFF"
             type="rectangle" x="828" y="643" width="46" height="17"/>
    </entry>
    <entry id="6" name="ko:K10784 ko:K10785" type="ortholog"
        link="http://www.genome.jp/dbget-bin/www_bget?ko+K10784+K10785">
        <graphics name="K10784..." fgcolor="#000000" bgcolor="#FFFFFF"
             type="rectangle" x="745" y="666" width="46" height="17"/>
    </entry>
    <entry id="7" name="ko:K06752" type="ortholog"
        link="http://www.genome.jp/dbget-bin/www_bget?ko+K06752">
        <graphics name="K06752" fgcolor="#000000" bgcolor="#FFFFFF"
             type="rectangle" x="828" y="666" width="46" height="17"/>
    </entry>
    <entry id="8" name="path:map04612" type="map"
        link="http://www.genome.jp/kegg/pathway/map/map04612.html">
        <graphics name="Antigen processing and presentation" fgcolor="#000000" bgcolor="#FFFFFF"
             type="roundrectangle" x="420" y="396" width="112" height="34"/>
    </entry>
    <entry id="9" name="path:map04514" type="map"
        link="http://www.genome.jp/kegg/pathway/map/map04514.html">
        <graphics name="Cell adhesion molecules (CAMs)" fgcolor="#000000" bgcolor="#FFFFFF"
             type="roundrectangle" x="490" y="556" width="113" height="34"/>
    </entry>
    <entry id="10" name="path:map04662" type="map"
        link="http://www.genome.jp/kegg/pathway/map/map04662.html">
        <graphics name="B cell receptor signaling pathway" fgcolor="#000000" bgcolor="#FFFFFF"
             type="roundrectangle" x="865" y="510" width="112" height="34"/>
    </entry>
    <entry id="11" name="ko:K06856" type="ortholog"
        link="http://www.genome.jp/dbget-bin/www_bget?ko+K06856">
        <graphics name="K06856" fgcolor="#000000" bgcolor="#FFFFFF"
             type="rectangle" x="869" y="612" width="46" height="17"/>
    </entry>
    <entry id="12" name="path:map05320" type="map"
        link="http://www.genome.jp/dbget-bin/get_linkdb?pathway+map05320">
        <graphics name="TITLE:Autoimmune thyroid disease" fgcolor="#000000" bgcolor="#FFFFFF"
             type="roundrectangle" x="190" y="67" width="260" height="25"/>
    </entry>
    <entry id="13" name="cpd:C01382" type="compound"
        link="http://www.genome.jp/dbget-bin/www_bget?compound+C01382">
        <graphics name="C01382" fgcolor="#000000" bgcolor="#FFFFFF"
             type="circle" x="232" y="141" width="8" height="8"/>
    </entry>
    <entry id="14" name="drug:D00636" type="compound"
        link="http://www.genome.jp/dbget-bin/www_bget?drug+D00636">
        <graphics name="D00636" fgcolor="#000000" bgcolor="#FFFFFF"
             type="circle" x="280" y="141" width="8" height="8"/>
    </entry>
    <entry id="15" name="ko:K00431" type="ortholog"
        link="http://www.genome.jp/dbget-bin/www_bget?ko+K00431">
        <graphics name="K00431" fgcolor="#000000" bgcolor="#FFFFFF"
             type="rectangle" x="260" y="420" width="46" height="17"/>
    </entry>
    <entry id="16" name="ko:K10809" type="ortholog"
        link="http://www.genome.jp/dbget-bin/www_bget?ko+K10809">
        <graphics name="K10809" fgcolor="#000000" bgcolor="#FFFFFF"
             type="rectangle" x="260" y="448" width="46" height="17"/>
    </entry>
    <entry id="17" name="ko:K04249" type="ortholog"
        link="http://www.genome.jp/dbget-bin/www_bget?ko+K04249">
        <graphics name="K04249" fgcolor="#000000" bgcolor="#FFFFFF"
             type="rectangle" x="260" y="510" width="46" height="17"/>
    </entry>
    <entry id="18" name="ko:K06752" type="ortholog"
        link="http://www.genome.jp/dbget-bin/www_bget?ko+K06752">
        <graphics name="K06752" fgcolor="#000000" bgcolor="#FFFFFF"
             type="rectangle" x="445" y="276" width="46" height="17"/>
    </entry>
    <entry id="19" name="ko:K10784 ko:K10785" type="ortholog"
        link="http://www.genome.jp/dbget-bin/www_bget?ko+K10784+K10785">
        <graphics name="K10784..." fgcolor="#000000" bgcolor="#FFFFFF"
             type="rectangle" x="525" y="276" width="46" height="17"/>
    </entry>
    <entry id="20" name="ko:K03161" type="ortholog"
        link="http://www.genome.jp/dbget-bin/www_bget?ko+K03161">
        <graphics name="K03161" fgcolor="#000000" bgcolor="#FFFFFF"
             type="rectangle" x="744" y="350" width="46" height="17"/>
    </entry>
    <entry id="21" name="ko:K03160" type="ortholog"
        link="http://www.genome.jp/dbget-bin/www_bget?ko+K03160">
        <graphics name="K03160" fgcolor="#000000" bgcolor="#FFFFFF"
             type="rectangle" x="828" y="350" width="46" height="17"/>
    </entry>
    <entry id="22" name="ko:K10784 ko:K10785" type="ortholog"
        link="http://www.genome.jp/dbget-bin/www_bget?ko+K10784+K10785">
        <graphics name="K10784..." fgcolor="#000000" bgcolor="#FFFFFF"
             type="rectangle" x="744" y="375" width="46" height="17"/>
    </entry>
    <entry id="23" name="ko:K06752" type="ortholog"
        link="http://www.genome.jp/dbget-bin/www_bget?ko+K06752">
        <graphics name="K06752" fgcolor="#000000" bgcolor="#FFFFFF"
             type="rectangle" x="828" y="375" width="46" height="17"/>
    </entry>
    <entry id="24" name="ko:K06856" type="ortholog"
        link="http://www.genome.jp/dbget-bin/www_bget?ko+K06856">
        <graphics name="K06856" fgcolor="#000000" bgcolor="#FFFFFF"
             type="rectangle" x="869" y="405" width="46" height="17"/>
    </entry>
    <entry id="25" name="ko:K04249" type="ortholog"
        link="http://www.genome.jp/dbget-bin/www_bget?ko+K04249">
        <graphics name="K04249" fgcolor="#000000" bgcolor="#FFFFFF"
             type="rectangle" x="1054" y="602" width="46" height="17"/>
    </entry>
    <entry id="26" name="ko:K04249" type="ortholog"
        link="http://www.genome.jp/dbget-bin/www_bget?ko+K04249">
        <graphics name="K04249" fgcolor="#000000" bgcolor="#FFFFFF"
             type="rectangle" x="1051" y="700" width="46" height="17"/>
    </entry>
    <entry id="27" name="ko:K04390" type="ortholog"
        link="http://www.genome.jp/dbget-bin/www_bget?ko+K04390">
        <graphics name="K04390" fgcolor="#000000" bgcolor="#FFFFFF"
             type="rectangle" x="1049" y="214" width="46" height="17"/>
    </entry>
    <entry id="28" name="ko:K06856" type="ortholog"
        link="http://www.genome.jp/dbget-bin/www_bget?ko+K06856">
        <graphics name="K06856" fgcolor="#000000" bgcolor="#FFFFFF"
             type="rectangle" x="982" y="696" width="46" height="17"/>
    </entry>
    <entry id="29" name="ko:K04389" type="ortholog"
        link="http://www.genome.jp/dbget-bin/www_bget?ko+K04389">
        <graphics name="K04389" fgcolor="#000000" bgcolor="#FFFFFF"
             type="rectangle" x="972" y="214" width="46" height="17"/>
    </entry>
    <entry id="30" name="ko:K10784 ko:K10785" type="ortholog"
        link="http://www.genome.jp/dbget-bin/www_bget?ko+K10784+K10785">
        <graphics name="K10784..." fgcolor="#000000" bgcolor="#FFFFFF"
             type="rectangle" x="972" y="186" width="46" height="17"/>
    </entry>
    <entry id="31" name="ko:K06751" type="ortholog"
        link="http://www.genome.jp/dbget-bin/www_bget?ko+K06751">
        <graphics name="K06751" fgcolor="#000000" bgcolor="#FFFFFF"
             type="rectangle" x="1049" y="186" width="46" height="17"/>
    </entry>
    <entry id="32" name="ko:K07818" type="ortholog"
        link="http://www.genome.jp/dbget-bin/www_bget?ko+K07818">
        <graphics name="K07818" fgcolor="#000000" bgcolor="#FFFFFF"
             type="rectangle" x="1012" y="252" width="46" height="17"/>
    </entry>
    <entry id="33" name="ko:K01353" type="ortholog"
        link="http://www.genome.jp/dbget-bin/www_bget?ko+K01353">
        <graphics name="K01353" fgcolor="#000000" bgcolor="#FFFFFF"
             type="rectangle" x="1012" y="277" width="46" height="17"/>
    </entry>
    <entry id="34" name="path:map04210" type="map"
        link="http://www.genome.jp/kegg/pathway/map/map04210.html">
        <graphics name="Apoptosis" fgcolor="#000000" bgcolor="#FFFFFF"
             type="roundrectangle" x="1237" y="281" width="112" height="25"/>
    </entry>
    <entry id="35" name="path:map04610" type="map"
        link="http://www.genome.jp/kegg/pathway/map/map04610.html">
        <graphics name="Complement and coagulation cascades" fgcolor="#000000" bgcolor="#FFFFFF"
             type="roundrectangle" x="998" y="430" width="112" height="34"/>
    </entry>
    <entry id="36" name="ko:K08522 ko:K05251" type="ortholog"
        link="http://www.genome.jp/dbget-bin/www_bget?ko+K08522+K05251">
        <graphics name="K08522..." fgcolor="#000000" bgcolor="#FFFFFF"
             type="rectangle" x="982" y="730" width="46" height="17"/>
    </entry>
    <entry id="37" name="cpd:C02465" type="compound"
        link="http://www.genome.jp/dbget-bin/www_bget?compound+C02465">
        <graphics name="C02465" fgcolor="#000000" bgcolor="#FFFFFF"
             type="circle" x="1221" y="582" width="8" height="8"/>
    </entry>
    <entry id="38" name="cpd:C01829" type="compound"
        link="http://www.genome.jp/dbget-bin/www_bget?compound+C01829">
        <graphics name="C01829" fgcolor="#000000" bgcolor="#FFFFFF"
             type="circle" x="1221" y="616" width="8" height="8"/>
    </entry>
    <entry id="39" name="ko:K06856" type="ortholog"
        link="http://www.genome.jp/dbget-bin/www_bget?ko+K06856">
        <graphics name="K06856" fgcolor="#000000" bgcolor="#FFFFFF"
             type="rectangle" x="998" y="346" width="46" height="17"/>
    </entry>
    <entry id="40" name="ko:K06856" type="ortholog"
        link="http://www.genome.jp/dbget-bin/www_bget?ko+K06856">
        <graphics name="K06856" fgcolor="#000000" bgcolor="#FFFFFF"
             type="rectangle" x="982" y="602" width="46" height="17"/>
    </entry>
    <entry id="41" name="ko:K06538" type="ortholog"
        link="http://www.genome.jp/dbget-bin/www_bget?ko+K06538">
        <graphics name="K06538" fgcolor="#000000" bgcolor="#FFFFFF"
             type="rectangle" x="296" y="197" width="46" height="17"/>
    </entry>
    <entry id="42" name="hsa:3125" type="other">
        <graphics name="HLA-DRB3" fgcolor="#000000" bgcolor="#FFFFFF"
             type="rectangle" x="235" y="197" width="46" height="17"/>
    </entry>
    <entry id="43" name="ko:K05430" type="ortholog"
        link="http://www.genome.jp/dbget-bin/www_bget?ko+K05430">
        <graphics name="K05430" fgcolor="#000000" bgcolor="#FFFFFF"
             type="rectangle" x="790" y="272" width="46" height="17"/>
    </entry>
    <entry id="44" name="ko:K05428" type="ortholog"
        link="http://www.genome.jp/dbget-bin/www_bget?ko+K05428">
        <graphics name="K05428" fgcolor="#000000" bgcolor="#FFFFFF"
             type="rectangle" x="790" y="294" width="46" height="17"/>
    </entry>
    <entry id="45" name="ko:K05430" type="ortholog"
        link="http://www.genome.jp/dbget-bin/www_bget?ko+K05430">
        <graphics name="K05430" fgcolor="#000000" bgcolor="#FFFFFF"
             type="rectangle" x="790" y="711" width="46" height="17"/>
    </entry>
    <entry id="46" name="ko:K05428" type="ortholog"
        link="http://www.genome.jp/dbget-bin/www_bget?ko+K05428">
        <graphics name="K05428" fgcolor="#000000" bgcolor="#FFFFFF"
             type="rectangle" x="790" y="738" width="46" height="17"/>
    </entry>
    <entry id="47" name="ko:K05429" type="ortholog"
        link="http://www.genome.jp/dbget-bin/www_bget?ko+K05429">
        <graphics name="K05429" fgcolor="#000000" bgcolor="#FFFFFF"
             type="rectangle" x="810" y="205" width="46" height="17"/>
    </entry>
    <entry id="48" name="ko:K05414" type="ortholog"
        link="http://www.genome.jp/dbget-bin/www_bget?ko+K05414">
        <graphics name="K05414" fgcolor="#000000" bgcolor="#FFFFFF"
             type="rectangle" x="349" y="144" width="46" height="17"/>
    </entry>
    <entry id="49" name="ko:K05412 ko:K05413" type="ortholog"
        link="http://www.genome.jp/dbget-bin/www_bget?ko+K05412+K05413">
        <graphics name="K05412..." fgcolor="#000000" bgcolor="#FFFFFF"
             type="rectangle" x="445" y="298" width="46" height="17"/>
    </entry>
    <entry id="50" name="ko:K06470" type="ortholog"
        link="http://www.genome.jp/dbget-bin/www_bget?ko+K06470">
        <graphics name="K06470" fgcolor="#000000" bgcolor="#FFFFFF"
             type="rectangle" x="525" y="299" width="46" height="17"/>
    </entry>
    <entry id="51" name="ko:K05413" type="ortholog"
        link="http://www.genome.jp/dbget-bin/www_bget?ko+K05413">
        <graphics name="K05413" fgcolor="#000000" bgcolor="#FFFFFF"
             type="rectangle" x="445" y="666" width="46" height="17"/>
    </entry>
    <entry id="52" name="ko:K06470" type="ortholog"
        link="http://www.genome.jp/dbget-bin/www_bget?ko+K06470">
        <graphics name="K06470" fgcolor="#000000" bgcolor="#FFFFFF"
             type="rectangle" x="526" y="666" width="46" height="17"/>
    </entry>
    <entry id="53" name="ko:K05443" type="ortholog"
        link="http://www.genome.jp/dbget-bin/www_bget?ko+K05443">
        <graphics name="K05443" fgcolor="#000000" bgcolor="#FFFFFF"
             type="rectangle" x="790" y="762" width="46" height="17"/>
    </entry>
    <entry id="54" name="ko:K05443" type="ortholog"
        link="http://www.genome.jp/dbget-bin/www_bget?ko+K05443">
        <graphics name="K05443" fgcolor="#000000" bgcolor="#FFFFFF"
             type="rectangle" x="790" y="317" width="46" height="17"/>
    </entry>
    <relation entry1="4" entry2="5" type="PPrel">
        <subtype name="activation" value="-->"/>
    </relation>
    <relation entry1="49" entry2="50" type="PPrel">
        <subtype name="activation" value="-->"/>
    </relation>
    <relation entry1="20" entry2="21" type="PPrel">
        <subtype name="activation" value="-->"/>
    </relation>
    <relation entry1="29" entry2="27" type="PPrel">
        <subtype name="activation" value="-->"/>
    </relation>
    <relation entry1="51" entry2="52" type="PPrel">
        <subtype name="activation" value="-->"/>
    </relation>
    <relation entry1="18" entry2="19" type="PPrel">
        <subtype name="activation" value="-->"/>
    </relation>
    <relation entry1="31" entry2="30" type="PPrel">
        <subtype name="activation" value="-->"/>
    </relation>
    <relation entry1="23" entry2="22" type="PPrel">
        <subtype name="activation" value="-->"/>
    </relation>
    <relation entry1="2" entry2="3" type="PPrel">
        <subtype name="activation" value="-->"/>
    </relation>
    <relation entry1="7" entry2="6" type="PPrel">
        <subtype name="activation" value="-->"/>
    </relation>
    <relation entry1="40" entry2="25" type="PPrel">
        <subtype name="activation" value="-->"/>
    </relation>
    <relation entry1="28" entry2="26" type="PPrel">
        <subtype name="inhibition" value="--|"/>
    </relation>
</pathway>
