<?xml version="1.0"?>
<!DOCTYPE pathway SYSTEM "http://www.genome.jp/kegg/xml/KGML_v0.6.1_.dtd">
<!-- Creation date: Jan 27 2009 10:31:56 +0900 (JST) -->
<pathway name="path:map05322" org="map" number="05322"
         title="Systemic lupus erythematosus"
         image="http://www.genome.jp/kegg/pathway/map/map05322.gif"
         link="http://www.genome.jp/dbget-bin/show_pathway?map05322">
    <entry id="1" name="ko:K06498 ko:K06472 ko:K06463" type="ortholog"
        link="http://www.genome.jp/dbget-bin/www_bget?ko+K06498+K06472+K06463">
        <graphics name="K06498..." fgcolor="#000000" bgcolor="#FFFFFF"
             type="rectangle" x="1098" y="610" width="46" height="17"/>
    </entry>
    <entry id="2" name="ko:K06498 ko:K06472 ko:K06463" type="ortholog"
        link="http://www.genome.jp/dbget-bin/www_bget?ko+K06498+K06472+K06463">
        <graphics name="K06498..." fgcolor="#000000" bgcolor="#FFFFFF"
             type="rectangle" x="1099" y="711" width="46" height="17"/>
    </entry>
    <entry id="3" name="ko:K06856" type="ortholog"
        link="http://www.genome.jp/dbget-bin/www_bget?ko+K06856">
        <graphics name="K06856" fgcolor="#000000" bgcolor="#FFFFFF"
             type="rectangle" x="1176" y="610" width="46" height="17"/>
    </entry>
    <entry id="4" name="ko:K06856" type="ortholog"
        link="http://www.genome.jp/dbget-bin/www_bget?ko+K06856">
        <graphics name="K06856" fgcolor="#000000" bgcolor="#FFFFFF"
             type="rectangle" x="1178" y="711" width="46" height="17"/>
    </entry>
    <entry id="5" name="cpd:C00027" type="compound"
        link="http://www.genome.jp/dbget-bin/www_bget?compound+C00027">
        <graphics name="C00027" fgcolor="#000000" bgcolor="#FFFFFF"
             type="circle" x="1166" y="559" width="8" height="8"/>
    </entry>
    <entry id="6" name="ko:K06856" type="ortholog"
        link="http://www.genome.jp/dbget-bin/www_bget?ko+K06856">
        <graphics name="K06856" fgcolor="#000000" bgcolor="#FFFFFF"
             type="rectangle" x="1171" y="162" width="46" height="17"/>
    </entry>
    <entry id="7" name="ko:K06856" type="ortholog"
        link="http://www.genome.jp/dbget-bin/www_bget?ko+K06856">
        <graphics name="K06856" fgcolor="#000000" bgcolor="#FFFFFF"
             type="rectangle" x="837" y="458" width="46" height="17"/>
    </entry>
    <entry id="8" name="ko:K01327" type="ortholog"
        link="http://www.genome.jp/dbget-bin/www_bget?ko+K01327">
        <graphics name="K01327" fgcolor="#000000" bgcolor="#FFFFFF"
             type="rectangle" x="1165" y="542" width="46" height="17"/>
    </entry>
    <entry id="9" name="ko:K01319" type="ortholog"
        link="http://www.genome.jp/dbget-bin/www_bget?ko+K01319">
        <graphics name="K01319" fgcolor="#000000" bgcolor="#FFFFFF"
             type="rectangle" x="1165" y="521" width="46" height="17"/>
    </entry>
    <entry id="10" name="ko:K03994" type="ortholog"
        link="http://www.genome.jp/dbget-bin/www_bget?ko+K03994">
        <graphics name="K03994" fgcolor="#000000" bgcolor="#FFFFFF"
             type="rectangle" x="985" y="395" width="46" height="17"/>
    </entry>
    <entry id="11" name="ko:K03989" type="ortholog"
        link="http://www.genome.jp/dbget-bin/www_bget?ko+K03989">
        <graphics name="K03989" fgcolor="#000000" bgcolor="#FFFFFF"
             type="rectangle" x="963" y="200" width="46" height="17"/>
    </entry>
    <entry id="12" name="ko:K03990" type="ortholog"
        link="http://www.genome.jp/dbget-bin/www_bget?ko+K03990">
        <graphics name="K03990" fgcolor="#000000" bgcolor="#FFFFFF"
             type="rectangle" x="963" y="282" width="46" height="17"/>
    </entry>
    <entry id="13" name="ko:K01332" type="ortholog"
        link="http://www.genome.jp/dbget-bin/www_bget?ko+K01332">
        <graphics name="K01332" fgcolor="#000000" bgcolor="#FFFFFF"
             type="rectangle" x="963" y="221" width="46" height="17"/>
    </entry>
    <entry id="14" name="ko:K01331" type="ortholog"
        link="http://www.genome.jp/dbget-bin/www_bget?ko+K01331">
        <graphics name="K01331" fgcolor="#000000" bgcolor="#FFFFFF"
             type="rectangle" x="1047" y="171" width="46" height="17"/>
    </entry>
    <entry id="15" name="ko:K03986 ko:K03987 ko:K03988" type="ortholog"
        link="http://www.genome.jp/dbget-bin/www_bget?ko+K03986+K03987+K03988">
        <graphics name="K03986..." fgcolor="#000000" bgcolor="#FFFFFF"
             type="rectangle" x="1093" y="162" width="46" height="17"/>
    </entry>
    <entry id="16" name="ko:K01330" type="ortholog"
        link="http://www.genome.jp/dbget-bin/www_bget?ko+K01330">
        <graphics name="K01330" fgcolor="#000000" bgcolor="#FFFFFF"
             type="rectangle" x="1047" y="154" width="46" height="17"/>
    </entry>
    <entry id="17" name="ko:K03995" type="ortholog"
        link="http://www.genome.jp/dbget-bin/www_bget?ko+K03995">
        <graphics name="K03995" fgcolor="#000000" bgcolor="#FFFFFF"
             type="rectangle" x="1129" y="395" width="46" height="17"/>
    </entry>
    <entry id="18" name="ko:K03996" type="ortholog"
        link="http://www.genome.jp/dbget-bin/www_bget?ko+K03996">
        <graphics name="K03996" fgcolor="#000000" bgcolor="#FFFFFF"
             type="rectangle" x="1178" y="395" width="46" height="17"/>
    </entry>
    <entry id="19" name="ko:K03997 ko:K03998 ko:K03999" type="ortholog"
        link="http://www.genome.jp/dbget-bin/www_bget?ko+K03997+K03998+K03999">
        <graphics name="K03997..." fgcolor="#000000" bgcolor="#FFFFFF"
             type="rectangle" x="1129" y="416" width="46" height="17"/>
    </entry>
    <entry id="20" name="ko:K03994 ko:K03995 ko:K03996 ko:K03997 ko:K03998 ko:K03999" type="ortholog"
        link="http://www.genome.jp/dbget-bin/www_bget?ko+K03994+K03995+K03996+K03997+K03998+K03999">
        <graphics name="K03994..." fgcolor="#000000" bgcolor="#FFFFFF"
             type="rectangle" x="1270" y="364" width="46" height="17"/>
    </entry>
    <entry id="21" name="ko:K04000" type="ortholog"
        link="http://www.genome.jp/dbget-bin/www_bget?ko+K04000">
        <graphics name="K04000" fgcolor="#000000" bgcolor="#FFFFFF"
             type="rectangle" x="1178" y="416" width="46" height="17"/>
    </entry>
    <entry id="22" name="ko:K03156" type="ortholog"
        link="http://www.genome.jp/dbget-bin/www_bget?ko+K03156">
        <graphics name="K03156" fgcolor="#000000" bgcolor="#FFFFFF"
             type="rectangle" x="570" y="540" width="46" height="17"/>
    </entry>
    <entry id="23" name="ko:K04687" type="ortholog"
        link="http://www.genome.jp/dbget-bin/www_bget?ko+K04687">
        <graphics name="K04687" fgcolor="#000000" bgcolor="#FFFFFF"
             type="rectangle" x="570" y="567" width="46" height="17"/>
    </entry>
    <entry id="24" name="ko:K05443" type="ortholog"
        link="http://www.genome.jp/dbget-bin/www_bget?ko+K05443">
        <graphics name="K05443" fgcolor="#000000" bgcolor="#FFFFFF"
             type="rectangle" x="570" y="589" width="46" height="17"/>
    </entry>
    <entry id="25" name="ko:K03986 ko:K03987 ko:K03988" type="ortholog"
        link="http://www.genome.jp/dbget-bin/www_bget?ko+K03986+K03987+K03988">
        <graphics name="K03986..." fgcolor="#000000" bgcolor="#FFFFFF"
             type="rectangle" x="720" y="656" width="46" height="17"/>
    </entry>
    <entry id="26" name="ko:K03989" type="ortholog"
        link="http://www.genome.jp/dbget-bin/www_bget?ko+K03989">
        <graphics name="K03989" fgcolor="#000000" bgcolor="#FFFFFF"
             type="rectangle" x="773" y="656" width="46" height="17"/>
    </entry>
    <entry id="27" name="ko:K03986 ko:K03987 ko:K03988" type="ortholog"
        link="http://www.genome.jp/dbget-bin/www_bget?ko+K03986+K03987+K03988">
        <graphics name="K03986..." fgcolor="#000000" bgcolor="#FFFFFF"
             type="rectangle" x="299" y="159" width="46" height="17"/>
    </entry>
    <entry id="28" name="ko:K03989" type="ortholog"
        link="http://www.genome.jp/dbget-bin/www_bget?ko+K03989">
        <graphics name="K03989" fgcolor="#000000" bgcolor="#FFFFFF"
             type="rectangle" x="352" y="159" width="46" height="17"/>
    </entry>
    <entry id="29" name="ko:K01332" type="ortholog"
        link="http://www.genome.jp/dbget-bin/www_bget?ko+K01332">
        <graphics name="K01332" fgcolor="#000000" bgcolor="#FFFFFF"
             type="rectangle" x="326" y="136" width="46" height="17"/>
    </entry>
    <entry id="30" name="ko:K01332" type="ortholog"
        link="http://www.genome.jp/dbget-bin/www_bget?ko+K01332">
        <graphics name="K01332" fgcolor="#000000" bgcolor="#FFFFFF"
             type="rectangle" x="746" y="679" width="46" height="17"/>
    </entry>
    <entry id="31" name="ko:K05412 ko:K05413" type="ortholog"
        link="http://www.genome.jp/dbget-bin/www_bget?ko+K05412+K05413">
        <graphics name="K05412..." fgcolor="#000000" bgcolor="#FFFFFF"
             type="rectangle" x="226" y="489" width="46" height="17"/>
    </entry>
    <entry id="32" name="ko:K06470" type="ortholog"
        link="http://www.genome.jp/dbget-bin/www_bget?ko+K06470">
        <graphics name="K06470" fgcolor="#000000" bgcolor="#FFFFFF"
             type="rectangle" x="308" y="489" width="46" height="17"/>
    </entry>
    <entry id="33" name="ko:K06856" type="ortholog"
        link="http://www.genome.jp/dbget-bin/www_bget?ko+K06856">
        <graphics name="K06856" fgcolor="#000000" bgcolor="#FFFFFF"
             type="rectangle" x="656" y="432" width="46" height="17"/>
    </entry>
    <entry id="34" name="ko:K06752" type="ortholog"
        link="http://www.genome.jp/dbget-bin/www_bget?ko+K06752">
        <graphics name="K06752" fgcolor="#000000" bgcolor="#FFFFFF"
             type="rectangle" x="226" y="466" width="46" height="17"/>
    </entry>
    <entry id="35" name="ko:K10784 ko:K10785" type="ortholog"
        link="http://www.genome.jp/dbget-bin/www_bget?ko+K10784+K10785">
        <graphics name="K10784..." fgcolor="#000000" bgcolor="#FFFFFF"
             type="rectangle" x="308" y="466" width="46" height="17"/>
    </entry>
    <entry id="36" name="ko:K06752" type="ortholog"
        link="http://www.genome.jp/dbget-bin/www_bget?ko+K06752">
        <graphics name="K06752" fgcolor="#000000" bgcolor="#FFFFFF"
             type="rectangle" x="614" y="490" width="46" height="17"/>
    </entry>
    <entry id="37" name="ko:K10784 ko:K10785" type="ortholog"
        link="http://www.genome.jp/dbget-bin/www_bget?ko+K10784+K10785">
        <graphics name="K10784..." fgcolor="#000000" bgcolor="#FFFFFF"
             type="rectangle" x="533" y="490" width="46" height="17"/>
    </entry>
    <entry id="38" name="ko:K03161" type="ortholog"
        link="http://www.genome.jp/dbget-bin/www_bget?ko+K03161">
        <graphics name="K03161" fgcolor="#000000" bgcolor="#FFFFFF"
             type="rectangle" x="533" y="464" width="46" height="17"/>
    </entry>
    <entry id="39" name="ko:K03160" type="ortholog"
        link="http://www.genome.jp/dbget-bin/www_bget?ko+K03160">
        <graphics name="K03160" fgcolor="#000000" bgcolor="#FFFFFF"
             type="rectangle" x="614" y="464" width="46" height="17"/>
    </entry>
    <entry id="40" name="path:map04660" type="map"
        link="http://www.genome.jp/kegg/pathway/map/map04660.html">
        <graphics name="T cell receptor signaling pathway" fgcolor="#000000" bgcolor="#FFFFFF"
             type="roundrectangle" x="362" y="399" width="113" height="34"/>
    </entry>
    <entry id="41" name="path:map04514" type="map"
        link="http://www.genome.jp/kegg/pathway/map/map04514.html">
        <graphics name="Cell adhesion molecules (CAMs)" fgcolor="#000000" bgcolor="#FFFFFF"
             type="roundrectangle" x="558" y="398" width="113" height="34"/>
    </entry>
    <entry id="42" name="path:map04612" type="map"
        link="http://www.genome.jp/kegg/pathway/map/map04612.html">
        <graphics name="Antigen processing and presentation" fgcolor="#000000" bgcolor="#FFFFFF"
             type="roundrectangle" x="261" y="572" width="113" height="34"/>
    </entry>
    <entry id="43" name="path:map04060" type="map"
        link="http://www.genome.jp/kegg/pathway/map/map04060.html">
        <graphics name="Cytokine-cytokine receptor interaction" fgcolor="#000000" bgcolor="#FFFFFF"
             type="roundrectangle" x="413" y="646" width="113" height="34"/>
    </entry>
    <entry id="44" name="path:map04630" type="map"
        link="http://www.genome.jp/kegg/pathway/map/map04630.html">
        <graphics name="Jak-STAT signaling pathway" fgcolor="#000000" bgcolor="#FFFFFF"
             type="roundrectangle" x="413" y="713" width="113" height="34"/>
    </entry>
    <entry id="45" name="path:map04610" type="map"
        link="http://www.genome.jp/kegg/pathway/map/map04610.html">
        <graphics name="Complement and coagulation cascades" fgcolor="#000000" bgcolor="#FFFFFF"
             type="roundrectangle" x="1087" y="223" width="113" height="34"/>
    </entry>
    <entry id="46" name="path:map04670" type="map"
        link="http://www.genome.jp/kegg/pathway/map/map04670.html">
        <graphics name="Leukocyte transendothelial migration" fgcolor="#000000" bgcolor="#FFFFFF"
             type="roundrectangle" x="917" y="664" width="113" height="45"/>
    </entry>
    <entry id="47" name="path:map04662" type="map"
        link="http://www.genome.jp/kegg/pathway/map/map04662.html">
        <graphics name="B cell receptor signaling pathway" fgcolor="#000000" bgcolor="#FFFFFF"
             type="roundrectangle" x="722" y="358" width="113" height="34"/>
    </entry>
    <entry id="48" name="cpd:C00434" type="compound"
        link="http://www.genome.jp/dbget-bin/www_bget?compound+C00434">
        <graphics name="C00434" fgcolor="#000000" bgcolor="#FFFFFF"
             type="circle" x="477" y="149" width="8" height="8"/>
    </entry>
    <entry id="49" name="cpd:C02737" type="compound"
        link="http://www.genome.jp/dbget-bin/www_bget?compound+C02737">
        <graphics name="C02737" fgcolor="#000000" bgcolor="#FFFFFF"
             type="circle" x="494" y="218" width="8" height="8"/>
    </entry>
    <entry id="50" name="ko:K11251" type="ortholog"
        link="http://www.genome.jp/dbget-bin/www_bget?ko+K11251">
        <graphics name="K11251" fgcolor="#000000" bgcolor="#FFFFFF"
             type="rectangle" x="539" y="158" width="46" height="17"/>
    </entry>
    <entry id="51" name="ko:K11252" type="ortholog"
        link="http://www.genome.jp/dbget-bin/www_bget?ko+K11252">
        <graphics name="K11252" fgcolor="#000000" bgcolor="#FFFFFF"
             type="rectangle" x="591" y="158" width="46" height="17"/>
    </entry>
    <entry id="52" name="ko:K11253" type="ortholog"
        link="http://www.genome.jp/dbget-bin/www_bget?ko+K11253">
        <graphics name="K11253" fgcolor="#000000" bgcolor="#FFFFFF"
             type="rectangle" x="539" y="180" width="46" height="17"/>
    </entry>
    <entry id="53" name="ko:K11254" type="ortholog"
        link="http://www.genome.jp/dbget-bin/www_bget?ko+K11254">
        <graphics name="K11254" fgcolor="#000000" bgcolor="#FFFFFF"
             type="rectangle" x="591" y="180" width="46" height="17"/>
    </entry>
    <entry id="54" name="ko:K10651 ko:K11089" type="ortholog"
        link="http://www.genome.jp/dbget-bin/www_bget?ko+K10651+K11089">
        <graphics name="K10651..." fgcolor="#000000" bgcolor="#FFFFFF"
             type="rectangle" x="562" y="220" width="46" height="17"/>
    </entry>
    <entry id="55" name="ko:K11086" type="ortholog"
        link="http://www.genome.jp/dbget-bin/www_bget?ko+K11086">
        <graphics name="K11086" fgcolor="#000000" bgcolor="#FFFFFF"
             type="rectangle" x="656" y="158" width="46" height="17"/>
    </entry>
    <entry id="56" name="ko:K11087 ko:K11088" type="ortholog"
        link="http://www.genome.jp/dbget-bin/www_bget?ko+K11087+K11088">
        <graphics name="K11087..." fgcolor="#000000" bgcolor="#FFFFFF"
             type="rectangle" x="656" y="180" width="46" height="17"/>
    </entry>
    <entry id="57" name="ko:K05209" type="ortholog"
        link="http://www.genome.jp/dbget-bin/www_bget?ko+K05209">
        <graphics name="K05209" fgcolor="#000000" bgcolor="#FFFFFF"
             type="rectangle" x="721" y="158" width="46" height="17"/>
    </entry>
    <entry id="58" name="ko:K05699" type="ortholog"
        link="http://www.genome.jp/dbget-bin/www_bget?ko+K05699">
        <graphics name="K05699" fgcolor="#000000" bgcolor="#FFFFFF"
             type="rectangle" x="668" y="220" width="46" height="17"/>
    </entry>
    <entry id="59" name="ko:K03986 ko:K03987 ko:K03988" type="ortholog"
        link="http://www.genome.jp/dbget-bin/www_bget?ko+K03986+K03987+K03988">
        <graphics name="K03986..." fgcolor="#000000" bgcolor="#FFFFFF"
             type="rectangle" x="721" y="220" width="46" height="17"/>
    </entry>
    <entry id="60" name="ko:K11090" type="ortholog"
        link="http://www.genome.jp/dbget-bin/www_bget?ko+K11090">
        <graphics name="K11090" fgcolor="#000000" bgcolor="#FFFFFF"
             type="rectangle" x="615" y="220" width="46" height="17"/>
    </entry>
    <entry id="61" name="ko:K05210" type="ortholog"
        link="http://www.genome.jp/dbget-bin/www_bget?ko+K05210">
        <graphics name="K05210" fgcolor="#000000" bgcolor="#FFFFFF"
             type="rectangle" x="721" y="180" width="46" height="17"/>
    </entry>
    <entry id="62" name="path:map05322" type="map"
        link="http://www.genome.jp/dbget-bin/get_linkdb?pathway+map05322">
        <graphics name="TITLE:Systemic lupus erythematosus" fgcolor="#000000" bgcolor="#FFFFFF"
             type="roundrectangle" x="198" y="67" width="277" height="25"/>
    </entry>
    <entry id="63" name="undefined" type="group">
        <graphics fgcolor="#000000" bgcolor="#FFFFFF"
             type="rectangle" x="963" y="211" width="66" height="58"/>
        <component id="11"/>
        <component id="13"/>
    </entry>
    <entry id="64" name="undefined" type="group">
        <graphics fgcolor="#000000" bgcolor="#FFFFFF"
             type="rectangle" x="1070" y="163" width="112" height="54"/>
        <component id="15"/>
        <component id="16"/>
        <component id="14"/>
    </entry>
    <relation entry1="31" entry2="32" type="PPrel">
        <subtype name="activation" value="-->"/>
    </relation>
    <relation entry1="38" entry2="39" type="PPrel">
        <subtype name="activation" value="-->"/>
    </relation>
    <relation entry1="63" entry2="12" type="PPrel">
        <subtype name="activation" value="-->"/>
    </relation>
    <relation entry1="64" entry2="63" type="PPrel">
        <subtype name="activation" value="-->"/>
    </relation>
    <relation entry1="34" entry2="35" type="PPrel">
        <subtype name="activation" value="-->"/>
    </relation>
    <relation entry1="36" entry2="37" type="PPrel">
        <subtype name="activation" value="-->"/>
    </relation>
    <relation entry1="6" entry2="64" type="PPrel">
        <subtype name="activation" value="-->"/>
    </relation>
    <relation entry1="4" entry2="2" type="PPrel">
        <subtype name="activation" value="-->"/>
    </relation>
    <relation entry1="3" entry2="1" type="PPrel">
        <subtype name="activation" value="-->"/>
    </relation>
</pathway>
