<?xml version="1.0"?>
<!DOCTYPE pathway SYSTEM "http://www.genome.jp/kegg/xml/KGML_v0.6.1_.dtd">
<!-- Creation date: Mar 21 2009 02:44:21 +0900 (JST) -->
<pathway name="path:map03060" org="map" number="03060"
         title="Protein export"
         image="http://www.genome.jp/kegg/pathway/map/map03060.gif"
         link="http://www.genome.jp/dbget-bin/show_pathway?map03060">
    <entry id="1" name="ko:K03217" type="ortholog"
        link="http://www.genome.jp/dbget-bin/www_bget?ko+K03217">
        <graphics name="K03217" fgcolor="#000000" bgcolor="#FFFFFF"
             type="rectangle" x="630" y="186" width="46" height="17"/>
    </entry>
    <entry id="2" name="ko:K03118" type="ortholog"
        link="http://www.genome.jp/dbget-bin/www_bget?ko+K03118">
        <graphics name="K03118" fgcolor="#000000" bgcolor="#FFFFFF"
             type="rectangle" x="585" y="400" width="46" height="17"/>
    </entry>
    <entry id="3" name="ko:K03116" type="ortholog"
        link="http://www.genome.jp/dbget-bin/www_bget?ko+K03116">
        <graphics name="K03116" fgcolor="#000000" bgcolor="#FFFFFF"
             type="rectangle" x="495" y="400" width="46" height="17"/>
    </entry>
    <entry id="4" name="ko:K03070" type="ortholog"
        link="http://www.genome.jp/dbget-bin/www_bget?ko+K03070">
        <graphics name="K03070" fgcolor="#000000" bgcolor="#FFFFFF"
             type="rectangle" x="540" y="163" width="46" height="17"/>
    </entry>
    <entry id="5" name="ko:K03076" type="ortholog"
        link="http://www.genome.jp/dbget-bin/www_bget?ko+K03076">
        <graphics name="K03076" fgcolor="#000000" bgcolor="#FFFFFF"
             type="rectangle" x="585" y="163" width="46" height="17"/>
    </entry>
    <entry id="6" name="ko:K03073" type="ortholog"
        link="http://www.genome.jp/dbget-bin/www_bget?ko+K03073">
        <graphics name="K03073" fgcolor="#000000" bgcolor="#FFFFFF"
             type="rectangle" x="631" y="163" width="46" height="17"/>
    </entry>
    <entry id="7" name="ko:K03075" type="ortholog"
        link="http://www.genome.jp/dbget-bin/www_bget?ko+K03075">
        <graphics name="K03075" fgcolor="#000000" bgcolor="#FFFFFF"
             type="rectangle" x="676" y="163" width="46" height="17"/>
    </entry>
    <entry id="8" name="ko:K03072" type="ortholog"
        link="http://www.genome.jp/dbget-bin/www_bget?ko+K03072">
        <graphics name="K03072" fgcolor="#000000" bgcolor="#FFFFFF"
             type="rectangle" x="495" y="186" width="46" height="17"/>
    </entry>
    <entry id="9" name="ko:K03074" type="ortholog"
        link="http://www.genome.jp/dbget-bin/www_bget?ko+K03074">
        <graphics name="K03074" fgcolor="#000000" bgcolor="#FFFFFF"
             type="rectangle" x="540" y="186" width="46" height="17"/>
    </entry>
    <entry id="10" name="ko:K03210" type="ortholog"
        link="http://www.genome.jp/dbget-bin/www_bget?ko+K03210">
        <graphics name="K03210" fgcolor="#000000" bgcolor="#FFFFFF"
             type="rectangle" x="585" y="186" width="46" height="17"/>
    </entry>
    <entry id="11" name="ko:K03100" type="ortholog"
        link="http://www.genome.jp/dbget-bin/www_bget?ko+K03100">
        <graphics name="K03100" fgcolor="#000000" bgcolor="#FFFFFF"
             type="rectangle" x="495" y="251" width="46" height="17"/>
    </entry>
    <entry id="12" name="ko:K03101" type="ortholog"
        link="http://www.genome.jp/dbget-bin/www_bget?ko+K03101">
        <graphics name="K03101" fgcolor="#000000" bgcolor="#FFFFFF"
             type="rectangle" x="540" y="251" width="46" height="17"/>
    </entry>
    <entry id="13" name="ko:K03106" type="ortholog"
        link="http://www.genome.jp/dbget-bin/www_bget?ko+K03106">
        <graphics name="K03106" fgcolor="#000000" bgcolor="#FFFFFF"
             type="rectangle" x="622" y="334" width="46" height="17"/>
    </entry>
    <entry id="14" name="ko:K03110" type="ortholog"
        link="http://www.genome.jp/dbget-bin/www_bget?ko+K03110">
        <graphics name="K03110" fgcolor="#000000" bgcolor="#FFFFFF"
             type="rectangle" x="686" y="317" width="46" height="17"/>
    </entry>
    <entry id="15" name="path:map03060" type="map"
        link="http://www.genome.jp/dbget-bin/get_linkdb?pathway+map03060">
        <graphics name="TITLE:Protein export" fgcolor="#000000" bgcolor="#FFFFFF"
             type="roundrectangle" x="128" y="67" width="136" height="25"/>
    </entry>
    <entry id="16" name="ko:K03117" type="ortholog"
        link="http://www.genome.jp/dbget-bin/www_bget?ko+K03117">
        <graphics name="K03117" fgcolor="#000000" bgcolor="#FFFFFF"
             type="rectangle" x="540" y="400" width="46" height="17"/>
    </entry>
    <entry id="17" name="ko:K01983" type="ortholog"
        link="http://www.genome.jp/dbget-bin/www_bget?ko+K01983">
        <graphics name="K01983" fgcolor="#000000" bgcolor="#FFFFFF"
             type="rectangle" x="780" y="317" width="46" height="17"/>
    </entry>
    <entry id="18" name="ko:K03071" type="ortholog"
        link="http://www.genome.jp/dbget-bin/www_bget?ko+K03071">
        <graphics name="K03071" fgcolor="#000000" bgcolor="#FFFFFF"
             type="rectangle" x="495" y="163" width="46" height="17"/>
    </entry>
    <entry id="19" name="ko:K03104" type="ortholog"
        link="http://www.genome.jp/dbget-bin/www_bget?ko+K03104">
        <graphics name="K03104" fgcolor="#000000" bgcolor="#FFFFFF"
             type="rectangle" x="495" y="334" width="46" height="17"/>
    </entry>
    <entry id="20" name="ko:K03108" type="ortholog"
        link="http://www.genome.jp/dbget-bin/www_bget?ko+K03108">
        <graphics name="K03108" fgcolor="#000000" bgcolor="#FFFFFF"
             type="rectangle" x="558" y="317" width="46" height="17"/>
    </entry>
    <entry id="21" name="ko:K03107" type="ortholog"
        link="http://www.genome.jp/dbget-bin/www_bget?ko+K03107">
        <graphics name="K03107" fgcolor="#000000" bgcolor="#FFFFFF"
             type="rectangle" x="558" y="334" width="46" height="17"/>
    </entry>
    <entry id="22" name="ko:K03105" type="ortholog"
        link="http://www.genome.jp/dbget-bin/www_bget?ko+K03105">
        <graphics name="K03105" fgcolor="#000000" bgcolor="#FFFFFF"
             type="rectangle" x="622" y="317" width="46" height="17"/>
    </entry>
    <entry id="23" name="ko:K03109" type="ortholog"
        link="http://www.genome.jp/dbget-bin/www_bget?ko+K03109">
        <graphics name="K03109" fgcolor="#000000" bgcolor="#FFFFFF"
             type="rectangle" x="495" y="317" width="46" height="17"/>
    </entry>
    <entry id="24" name="ko:K03425" type="ortholog"
        link="http://www.genome.jp/dbget-bin/www_bget?ko+K03425">
        <graphics name="K03425" fgcolor="#000000" bgcolor="#FFFFFF"
             type="rectangle" x="495" y="417" width="46" height="17"/>
    </entry>
</pathway>
