<?xml version="1.0"?>
<!DOCTYPE pathway SYSTEM "http://www.genome.jp/kegg/xml/KGML_v0.6.1_.dtd">
<!-- Creation date: Mar 21 2009 02:44:02 +0900 (JST) -->
<pathway name="path:map00511" org="map" number="00511"
         title="N-Glycan degradation"
         image="http://www.genome.jp/kegg/pathway/map/map00511.gif"
         link="http://www.genome.jp/dbget-bin/show_pathway?map00511">
    <entry id="1" name="path:map00511" type="map"
        link="http://www.genome.jp/dbget-bin/get_linkdb?pathway+map00511">
        <graphics name="TITLE:N-Glycan degradation" fgcolor="#000000" bgcolor="#FFFFFF"
             type="roundrectangle" x="159" y="67" width="199" height="25"/>
    </entry>
    <entry id="2" name="ko:K01207" type="ortholog"
        link="http://www.genome.jp/dbget-bin/www_bget?ko+K01207">
        <graphics name="K01207" fgcolor="#000000" bgcolor="#FFFFFF"
             type="rectangle" x="402" y="343" width="46" height="17"/>
    </entry>
    <entry id="3" name="ko:K01191" type="ortholog"
        link="http://www.genome.jp/dbget-bin/www_bget?ko+K01191">
        <graphics name="K01191" fgcolor="#000000" bgcolor="#FFFFFF"
             type="rectangle" x="333" y="239" width="46" height="17"/>
    </entry>
    <entry id="4" name="ko:K01206" type="ortholog"
        link="http://www.genome.jp/dbget-bin/www_bget?ko+K01206">
        <graphics name="K01206" fgcolor="#000000" bgcolor="#FFFFFF"
             type="rectangle" x="542" y="188" width="46" height="17"/>
    </entry>
    <entry id="5" name="ko:K01190" type="ortholog"
        link="http://www.genome.jp/dbget-bin/www_bget?ko+K01190">
        <graphics name="K01190" fgcolor="#000000" bgcolor="#FFFFFF"
             type="rectangle" x="197" y="226" width="46" height="17"/>
    </entry>
    <entry id="6" name="ko:K01207" type="ortholog"
        link="http://www.genome.jp/dbget-bin/www_bget?ko+K01207">
        <graphics name="K01207" fgcolor="#000000" bgcolor="#FFFFFF"
             type="rectangle" x="262" y="226" width="46" height="17"/>
    </entry>
    <entry id="7" name="ko:K01186" type="ortholog"
        link="http://www.genome.jp/dbget-bin/www_bget?ko+K01186">
        <graphics name="K01186" fgcolor="#000000" bgcolor="#FFFFFF"
             type="rectangle" x="132" y="226" width="46" height="17"/>
    </entry>
    <entry id="8" name="ko:K01192" type="ortholog"
        link="http://www.genome.jp/dbget-bin/www_bget?ko+K01192">
        <graphics name="K01192" fgcolor="#000000" bgcolor="#FFFFFF"
             type="rectangle" x="421" y="302" width="46" height="17"/>
    </entry>
    <entry id="9" name="ko:K01444" type="ortholog"
        link="http://www.genome.jp/dbget-bin/www_bget?ko+K01444">
        <graphics name="K01444" fgcolor="#000000" bgcolor="#FFFFFF"
             type="rectangle" x="569" y="284" width="46" height="17"/>
    </entry>
    <entry id="10" name="ko:K01227" type="ortholog"
        link="http://www.genome.jp/dbget-bin/www_bget?ko+K01227">
        <graphics name="K01227" fgcolor="#000000" bgcolor="#FFFFFF"
             type="rectangle" x="485" y="302" width="46" height="17"/>
    </entry>
</pathway>
