<?xml version="1.0"?>
<!DOCTYPE pathway SYSTEM "http://www.genome.jp/kegg/xml/KGML_v0.6.1_.dtd">
<!-- Creation date: Mar 13 2009 02:14:12 +0900 (JST) -->
<pathway name="path:map00622" org="map" number="00622"
         title="Toluene and xylene degradation"
         image="http://www.genome.jp/kegg/pathway/map/map00622.gif"
         link="http://www.genome.jp/dbget-bin/show_pathway?map00622">
    <entry id="1" name="cpd:C00587" type="compound"
        link="http://www.genome.jp/dbget-bin/www_bget?compound+C00587">
        <graphics name="C00587" fgcolor="#000000" bgcolor="#FFFFFF"
             type="circle" x="789" y="391" width="8" height="8"/>
    </entry>
    <entry id="2" name="cpd:C03067" type="compound"
        link="http://www.genome.jp/dbget-bin/www_bget?compound+C03067">
        <graphics name="C03067" fgcolor="#000000" bgcolor="#FFFFFF"
             type="circle" x="789" y="303" width="8" height="8"/>
    </entry>
    <entry id="3" name="cpd:C03351" type="compound"
        link="http://www.genome.jp/dbget-bin/www_bget?compound+C03351">
        <graphics name="C03351" fgcolor="#000000" bgcolor="#FFFFFF"
             type="circle" x="703" y="303" width="8" height="8"/>
    </entry>
    <entry id="4" name="cpd:C01983" type="compound"
        link="http://www.genome.jp/dbget-bin/www_bget?compound+C01983">
        <graphics name="C01983" fgcolor="#000000" bgcolor="#FFFFFF"
             type="circle" x="340" y="123" width="8" height="8"/>
    </entry>
    <entry id="5" name="cpd:C01984" type="compound"
        link="http://www.genome.jp/dbget-bin/www_bget?compound+C01984">
        <graphics name="C01984" fgcolor="#000000" bgcolor="#FFFFFF"
             type="circle" x="243" y="123" width="8" height="8"/>
    </entry>
    <entry id="6" name="cpd:C02137" type="compound"
        link="http://www.genome.jp/dbget-bin/www_bget?compound+C02137">
        <graphics name="C02137" fgcolor="#000000" bgcolor="#FFFFFF"
             type="circle" x="143" y="123" width="8" height="8"/>
    </entry>
    <entry id="7" name="ko:K01576" type="ortholog" reaction="rn:R01764"
        link="http://www.genome.jp/dbget-bin/www_bget?ko+K01576">
        <graphics name="K01576" fgcolor="#000000" bgcolor="#FFFFFF"
             type="rectangle" x="100" y="157" width="46" height="17"/>
    </entry>
    <entry id="8" name="up:MDLB_PSEPU" type="other" reaction="rn:R07664"
        link="http://www.genome.jp/dbget-bin/www_bget?up+MDLB_PSEPU">
        <graphics name="MDLB_PSEPU" fgcolor="#000000" bgcolor="#FFFFFF"
             type="rectangle" x="201" y="123" width="46" height="17"/>
    </entry>
    <entry id="9" name="ko:K01781" type="ortholog" reaction="rn:R03791"
        link="http://www.genome.jp/dbget-bin/www_bget?ko+K01781">
        <graphics name="K01781" fgcolor="#000000" bgcolor="#FFFFFF"
             type="rectangle" x="299" y="123" width="46" height="17"/>
    </entry>
    <entry id="10" name="ko:K00492" type="ortholog" reaction="rn:R07665"
        link="http://www.genome.jp/dbget-bin/www_bget?ko+K00492">
        <graphics name="K00492" fgcolor="#000000" bgcolor="#FFFFFF"
             type="rectangle" x="604" y="303" width="46" height="17"/>
    </entry>
    <entry id="11" name="ec:1.1.1.97" type="enzyme" reaction="rn:R04136"
        link="http://www.genome.jp/dbget-bin/www_bget?enzyme+1.1.1.97">
        <graphics name="1.1.1.97" fgcolor="#000000" bgcolor="#FFFFFF"
             type="rectangle" x="742" y="303" width="46" height="17"/>
    </entry>
    <entry id="12" name="ec:1.2.1.7" type="enzyme" reaction="rn:R07666"
        link="http://www.genome.jp/dbget-bin/www_bget?enzyme+1.2.1.7">
        <graphics name="1.2.1.7" fgcolor="#000000" bgcolor="#FFFFFF"
             type="rectangle" x="789" y="334" width="46" height="17"/>
    </entry>
    <entry id="13" name="ec:1.2.1.64" type="enzyme" reaction="rn:R07667"
        link="http://www.genome.jp/dbget-bin/www_bget?enzyme+1.2.1.64">
        <graphics name="1.2.1.64" fgcolor="#000000" bgcolor="#FFFFFF"
             type="rectangle" x="814" y="353" width="46" height="17"/>
    </entry>
    <entry id="14" name="ko:K00141" type="ortholog" reaction="rn:R07667"
        link="http://www.genome.jp/dbget-bin/www_bget?ko+K00141">
        <graphics name="K00141" fgcolor="#000000" bgcolor="#FFFFFF"
             type="rectangle" x="764" y="353" width="46" height="17"/>
    </entry>
    <entry id="15" name="path:map00623" type="map"
        link="http://www.genome.jp/kegg/pathway/map/map00623.html">
        <graphics name="2,4-Dichlorobenzoate degradation" fgcolor="#000000" bgcolor="#FFFFFF"
             type="roundrectangle" x="905" y="457" width="117" height="34"/>
    </entry>
    <entry id="16" name="path:map00362" type="map"
        link="http://www.genome.jp/kegg/pathway/map/map00362.html">
        <graphics name="Benzoate degradation via hydroxylation" fgcolor="#000000" bgcolor="#FFFFFF"
             type="roundrectangle" x="772" y="457" width="117" height="34"/>
    </entry>
    <entry id="17" name="ko:K00492" type="ortholog" reaction="rn:R07663"
        link="http://www.genome.jp/dbget-bin/www_bget?ko+K00492">
        <graphics name="K00492" fgcolor="#000000" bgcolor="#FFFFFF"
             type="rectangle" x="328" y="590" width="46" height="17"/>
    </entry>
    <entry id="18" name="up:Q51942_BURPI" type="other" reaction="rn:R03562"
        link="http://www.genome.jp/dbget-bin/www_bget?up+Q51942_BURPI">
        <graphics name="Q51942_BURPI" fgcolor="#000000" bgcolor="#FFFFFF"
             type="rectangle" x="454" y="274" width="46" height="17"/>
    </entry>
    <entry id="19" name="pae:PA2518 PA2517 PA2516" type="other" reaction="rn:R05290 rn:R05291">
        <graphics name="xylX..." fgcolor="#000000" bgcolor="#FFFFFF"
             type="rectangle" x="435" y="541" width="46" height="17"/>
    </entry>
    <entry id="20" name="pae:PA2518 PA2517 PA2516" type="other" reaction="rn:R05428">
        <graphics name="xylX..." fgcolor="#000000" bgcolor="#FFFFFF"
             type="rectangle" x="437" y="367" width="46" height="17"/>
    </entry>
    <entry id="21" name="up:TMOF_PSEME" type="other" reaction="rn:R05666"
        link="http://www.genome.jp/dbget-bin/www_bget?up+TMOF_PSEME">
        <graphics name="TMOF_PSEME" fgcolor="#000000" bgcolor="#FFFFFF"
             type="rectangle" x="178" y="704" width="46" height="17"/>
    </entry>
    <entry id="22" name="up:Q51941_BURPI" type="other" reaction="rn:R03562"
        link="http://www.genome.jp/dbget-bin/www_bget?up+Q51941_BURPI">
        <graphics name="Q51941_BURPI" fgcolor="#000000" bgcolor="#FFFFFF"
             type="rectangle" x="409" y="274" width="46" height="17"/>
    </entry>
    <entry id="23" name="up:Q51943_BURPI" type="other" reaction="rn:R03562"
        link="http://www.genome.jp/dbget-bin/www_bget?up+Q51943_BURPI">
        <graphics name="Q51943_BURPI" fgcolor="#000000" bgcolor="#FFFFFF"
             type="rectangle" x="454" y="257" width="46" height="17"/>
    </entry>
    <entry id="24" name="up:O87801_PSEST" type="other" reaction="rn:R02550"
        link="http://www.genome.jp/dbget-bin/www_bget?up+O87801_PSEST">
        <graphics name="O87801_PSEST" fgcolor="#000000" bgcolor="#FFFFFF"
             type="rectangle" x="316" y="218" width="46" height="17"/>
    </entry>
    <entry id="25" name="up:O87798_PSEST" type="other" reaction="rn:R02550"
        link="http://www.genome.jp/dbget-bin/www_bget?up+O87798_PSEST">
        <graphics name="O87798_PSEST" fgcolor="#000000" bgcolor="#FFFFFF"
             type="rectangle" x="270" y="218" width="46" height="17"/>
    </entry>
    <entry id="26" name="up:O87802_PSEST" type="other" reaction="rn:R02550"
        link="http://www.genome.jp/dbget-bin/www_bget?up+O87802_PSEST">
        <graphics name="O87802_PSEST" fgcolor="#000000" bgcolor="#FFFFFF"
             type="rectangle" x="316" y="235" width="46" height="17"/>
    </entry>
    <entry id="27" name="up:O87799_PSEST" type="other" reaction="rn:R02550"
        link="http://www.genome.jp/dbget-bin/www_bget?up+O87799_PSEST">
        <graphics name="O87799_PSEST" fgcolor="#000000" bgcolor="#FFFFFF"
             type="rectangle" x="270" y="235" width="46" height="17"/>
    </entry>
    <entry id="28" name="up:O87800_PSEST" type="other" reaction="rn:R02550"
        link="http://www.genome.jp/dbget-bin/www_bget?up+O87800_PSEST">
        <graphics name="O87800_PSEST" fgcolor="#000000" bgcolor="#FFFFFF"
             type="rectangle" x="270" y="252" width="46" height="17"/>
    </entry>
    <entry id="29" name="cpd:C07479" type="compound"
        link="http://www.genome.jp/dbget-bin/www_bget?compound+C07479">
        <graphics name="C07479" fgcolor="#000000" bgcolor="#FFFFFF"
             type="circle" x="739" y="722" width="8" height="8"/>
    </entry>
    <entry id="30" name="cpd:C06762" type="compound"
        link="http://www.genome.jp/dbget-bin/www_bget?compound+C06762">
        <graphics name="C06762" fgcolor="#000000" bgcolor="#FFFFFF"
             type="circle" x="850" y="644" width="8" height="8"/>
    </entry>
    <entry id="31" name="cpd:C11354" type="compound"
        link="http://www.genome.jp/dbget-bin/www_bget?compound+C11354">
        <graphics name="C11354" fgcolor="#000000" bgcolor="#FFFFFF"
             type="circle" x="739" y="644" width="8" height="8"/>
    </entry>
    <entry id="32" name="pae:PA2518 PA2517 PA2516" type="other" reaction="rn:R05665">
        <graphics name="xylX..." fgcolor="#000000" bgcolor="#FFFFFF"
             type="rectangle" x="437" y="448" width="46" height="17"/>
    </entry>
    <entry id="33" name="up:Q9RBG5_9BURK up:Q9RBG4_9BURK" type="other" reaction="rn:R05294"
        link="http://www.genome.jp/dbget-bin/www_bget?up+Q9RBG5_9BURK+Q9RBG4_9BURK">
        <graphics name="Q9RBG5_9BURK..." fgcolor="#000000" bgcolor="#FFFFFF"
             type="rectangle" x="552" y="589" width="46" height="17"/>
    </entry>
    <entry id="34" name="cpd:C06757" type="compound"
        link="http://www.genome.jp/dbget-bin/www_bget?compound+C06757">
        <graphics name="C06757" fgcolor="#000000" bgcolor="#FFFFFF"
             type="circle" x="176" y="542" width="8" height="8"/>
    </entry>
    <entry id="35" name="cpd:C07478" type="compound"
        link="http://www.genome.jp/dbget-bin/www_bget?compound+C07478">
        <graphics name="C07478" fgcolor="#000000" bgcolor="#FFFFFF"
             type="circle" x="639" y="722" width="8" height="8"/>
    </entry>
    <entry id="36" name="cpd:C06760" type="compound"
        link="http://www.genome.jp/dbget-bin/www_bget?compound+C06760">
        <graphics name="C06760" fgcolor="#000000" bgcolor="#FFFFFF"
             type="circle" x="639" y="644" width="8" height="8"/>
    </entry>
    <entry id="37" name="up:4OT1_PSEPU" type="other" reaction="rn:R05389"
        link="http://www.genome.jp/dbget-bin/www_bget?up+4OT1_PSEPU">
        <graphics name="4OT1_PSEPU" fgcolor="#000000" bgcolor="#FFFFFF"
             type="rectangle" x="682" y="721" width="46" height="17"/>
    </entry>
    <entry id="38" name="ko:K10217" type="ortholog" reaction="rn:R05353"
        link="http://www.genome.jp/dbget-bin/www_bget?ko+K10217">
        <graphics name="K10217" fgcolor="#000000" bgcolor="#FFFFFF"
             type="rectangle" x="640" y="685" width="46" height="17"/>
    </entry>
    <entry id="39" name="cpd:C06720" type="compound"
        link="http://www.genome.jp/dbget-bin/www_bget?compound+C06720">
        <graphics name="C06720" fgcolor="#000000" bgcolor="#FFFFFF"
             type="circle" x="503" y="448" width="8" height="8"/>
    </entry>
    <entry id="40" name="cpd:C01467" type="compound"
        link="http://www.genome.jp/dbget-bin/www_bget?compound+C01467">
        <graphics name="C01467" fgcolor="#000000" bgcolor="#FFFFFF"
             type="circle" x="503" y="266" width="8" height="8"/>
    </entry>
    <entry id="41" name="cpd:C06731" type="compound"
        link="http://www.genome.jp/dbget-bin/www_bget?compound+C06731">
        <graphics name="C06731" fgcolor="#000000" bgcolor="#FFFFFF"
             type="circle" x="503" y="367" width="8" height="8"/>
    </entry>
    <entry id="42" name="cpd:C01454" type="compound"
        link="http://www.genome.jp/dbget-bin/www_bget?compound+C01454">
        <graphics name="C01454" fgcolor="#000000" bgcolor="#FFFFFF"
             type="circle" x="385" y="542" width="8" height="8"/>
    </entry>
    <entry id="43" name="cpd:C07211" type="compound"
        link="http://www.genome.jp/dbget-bin/www_bget?compound+C07211">
        <graphics name="C07211" fgcolor="#000000" bgcolor="#FFFFFF"
             type="circle" x="385" y="448" width="8" height="8"/>
    </entry>
    <entry id="44" name="cpd:C07215" type="compound"
        link="http://www.genome.jp/dbget-bin/www_bget?compound+C07215">
        <graphics name="C07215" fgcolor="#000000" bgcolor="#FFFFFF"
             type="circle" x="385" y="367" width="8" height="8"/>
    </entry>
    <entry id="45" name="path:map00561" type="map"
        link="http://www.genome.jp/kegg/pathway/map/map00561.html">
        <graphics name="Glycerolipid metabolism" fgcolor="#000000" bgcolor="#FFFFFF"
             type="roundrectangle" x="931" y="758" width="86" height="34"/>
    </entry>
    <entry id="46" name="path:map00010" type="map"
        link="http://www.genome.jp/kegg/pathway/map/map00010.html">
        <graphics name="Glycolysis / Gluconeogenesis" fgcolor="#000000" bgcolor="#FFFFFF"
             type="roundrectangle" x="1062" y="643" width="67" height="25"/>
    </entry>
    <entry id="47" name="cpd:C00479" type="compound"
        link="http://www.genome.jp/dbget-bin/www_bget?compound+C00479">
        <graphics name="C00479" fgcolor="#000000" bgcolor="#FFFFFF"
             type="circle" x="931" y="682" width="8" height="8"/>
    </entry>
    <entry id="48" name="cpd:C00022" type="compound"
        link="http://www.genome.jp/dbget-bin/www_bget?compound+C00022">
        <graphics name="C00022" fgcolor="#000000" bgcolor="#FFFFFF"
             type="circle" x="960" y="644" width="8" height="8"/>
    </entry>
    <entry id="49" name="cpd:C04559" type="compound"
        link="http://www.genome.jp/dbget-bin/www_bget?compound+C04559">
        <graphics name="C04559" fgcolor="#000000" bgcolor="#FFFFFF"
             type="circle" x="918" y="542" width="8" height="8"/>
    </entry>
    <entry id="50" name="cpd:C04112" type="compound"
        link="http://www.genome.jp/dbget-bin/www_bget?compound+C04112">
        <graphics name="C04112" fgcolor="#000000" bgcolor="#FFFFFF"
             type="circle" x="778" y="542" width="8" height="8"/>
    </entry>
    <entry id="51" name="cpd:C06730" type="compound"
        link="http://www.genome.jp/dbget-bin/www_bget?compound+C06730">
        <graphics name="C06730" fgcolor="#000000" bgcolor="#FFFFFF"
             type="circle" x="636" y="542" width="8" height="8"/>
    </entry>
    <entry id="52" name="cpd:C06729" type="compound"
        link="http://www.genome.jp/dbget-bin/www_bget?compound+C06729">
        <graphics name="C06729" fgcolor="#000000" bgcolor="#FFFFFF"
             type="circle" x="503" y="542" width="8" height="8"/>
    </entry>
    <entry id="53" name="ko:K01617" type="ortholog" reaction="rn:R05374"
        link="http://www.genome.jp/dbget-bin/www_bget?ko+K01617">
        <graphics name="K01617" fgcolor="#000000" bgcolor="#FFFFFF"
             type="rectangle" x="740" y="685" width="46" height="17"/>
    </entry>
    <entry id="54" name="ko:K00446" type="ortholog" reaction="rn:R05295"
        link="http://www.genome.jp/dbget-bin/www_bget?ko+K00446">
        <graphics name="K00446" fgcolor="#000000" bgcolor="#FFFFFF"
             type="rectangle" x="640" y="604" width="46" height="17"/>
    </entry>
    <entry id="55" name="ko:K10216" type="ortholog" reaction="rn:R05865"
        link="http://www.genome.jp/dbget-bin/www_bget?ko+K10216">
        <graphics name="K10216" fgcolor="#000000" bgcolor="#FFFFFF"
             type="rectangle" x="684" y="645" width="46" height="17"/>
    </entry>
    <entry id="56" name="ko:K01856" type="ortholog" reaction="rn:R05300"
        link="http://www.genome.jp/dbget-bin/www_bget?ko+K01856">
        <graphics name="K01856" fgcolor="#000000" bgcolor="#FFFFFF"
             type="rectangle" x="842" y="541" width="46" height="17"/>
    </entry>
    <entry id="57" name="ko:K02554" type="ortholog" reaction="rn:R05864"
        link="http://www.genome.jp/dbget-bin/www_bget?ko+K02554">
        <graphics name="K02554" fgcolor="#000000" bgcolor="#FFFFFF"
             type="rectangle" x="784" y="646" width="46" height="17"/>
    </entry>
    <entry id="58" name="up:XYLK_PSEPU" type="other" reaction="rn:R05298"
        link="http://www.genome.jp/dbget-bin/www_bget?up+XYLK_PSEPU">
        <graphics name="XYLK_PSEPU" fgcolor="#000000" bgcolor="#FFFFFF"
             type="rectangle" x="897" y="645" width="46" height="17"/>
    </entry>
    <entry id="59" name="ec:1.3.1.67" type="enzyme" reaction="rn:R05292 rn:R05293"
        link="http://www.genome.jp/dbget-bin/www_bget?enzyme+1.3.1.67">
        <graphics name="1.3.1.67" fgcolor="#000000" bgcolor="#FFFFFF"
             type="rectangle" x="552" y="540" width="46" height="17"/>
    </entry>
    <entry id="60" name="ec:1.3.1.68" type="enzyme" reaction="rn:R05314"
        link="http://www.genome.jp/dbget-bin/www_bget?enzyme+1.3.1.68">
        <graphics name="1.3.1.68" fgcolor="#000000" bgcolor="#FFFFFF"
             type="rectangle" x="573" y="367" width="46" height="17"/>
    </entry>
    <entry id="61" name="ec:1.2.1.7" type="enzyme" reaction="rn:R05664"
        link="http://www.genome.jp/dbget-bin/www_bget?enzyme+1.2.1.7">
        <graphics name="1.2.1.7" fgcolor="#000000" bgcolor="#FFFFFF"
             type="rectangle" x="326" y="437" width="46" height="17"/>
    </entry>
    <entry id="62" name="ec:1.2.1.7" type="enzyme" reaction="rn:R05663"
        link="http://www.genome.jp/dbget-bin/www_bget?enzyme+1.2.1.7">
        <graphics name="1.2.1.7" fgcolor="#000000" bgcolor="#FFFFFF"
             type="rectangle" x="326" y="356" width="46" height="17"/>
    </entry>
    <entry id="63" name="ko:K00141" type="ortholog" reaction="rn:R05664"
        link="http://www.genome.jp/dbget-bin/www_bget?ko+K00141">
        <graphics name="K00141" fgcolor="#000000" bgcolor="#FFFFFF"
             type="rectangle" x="326" y="458" width="46" height="17"/>
    </entry>
    <entry id="64" name="ko:K00141" type="ortholog" reaction="rn:R05663"
        link="http://www.genome.jp/dbget-bin/www_bget?ko+K00141">
        <graphics name="K00141" fgcolor="#000000" bgcolor="#FFFFFF"
             type="rectangle" x="326" y="377" width="46" height="17"/>
    </entry>
    <entry id="65" name="ko:K00141" type="ortholog" reaction="rn:R01293"
        link="http://www.genome.jp/dbget-bin/www_bget?ko+K00141">
        <graphics name="K00141" fgcolor="#000000" bgcolor="#FFFFFF"
             type="rectangle" x="422" y="706" width="46" height="17"/>
    </entry>
    <entry id="66" name="ec:1.2.1.7" type="enzyme" reaction="rn:R01294"
        link="http://www.genome.jp/dbget-bin/www_bget?enzyme+1.2.1.7">
        <graphics name="1.2.1.7" fgcolor="#000000" bgcolor="#FFFFFF"
             type="rectangle" x="422" y="687" width="46" height="17"/>
    </entry>
    <entry id="67" name="cpd:C07209" type="compound"
        link="http://www.genome.jp/dbget-bin/www_bget?compound+C07209">
        <graphics name="C07209" fgcolor="#000000" bgcolor="#FFFFFF"
             type="circle" x="276" y="448" width="8" height="8"/>
    </entry>
    <entry id="68" name="cpd:C07214" type="compound"
        link="http://www.genome.jp/dbget-bin/www_bget?compound+C07214">
        <graphics name="C07214" fgcolor="#000000" bgcolor="#FFFFFF"
             type="circle" x="276" y="367" width="8" height="8"/>
    </entry>
    <entry id="69" name="ko:K00055" type="ortholog" reaction="rn:R05282"
        link="http://www.genome.jp/dbget-bin/www_bget?ko+K00055">
        <graphics name="K00055" fgcolor="#000000" bgcolor="#FFFFFF"
             type="rectangle" x="220" y="542" width="46" height="17"/>
    </entry>
    <entry id="70" name="ko:K00055" type="ortholog" reaction="rn:R05347"
        link="http://www.genome.jp/dbget-bin/www_bget?ko+K00055">
        <graphics name="K00055" fgcolor="#000000" bgcolor="#FFFFFF"
             type="rectangle" x="221" y="448" width="46" height="17"/>
    </entry>
    <entry id="71" name="ko:K00055" type="ortholog" reaction="rn:R05348"
        link="http://www.genome.jp/dbget-bin/www_bget?ko+K00055">
        <graphics name="K00055" fgcolor="#000000" bgcolor="#FFFFFF"
             type="rectangle" x="221" y="367" width="46" height="17"/>
    </entry>
    <entry id="72" name="cpd:C00156" type="compound"
        link="http://www.genome.jp/dbget-bin/www_bget?compound+C00156">
        <graphics name="C00156" fgcolor="#000000" bgcolor="#FFFFFF"
             type="circle" x="498" y="688" width="8" height="8"/>
    </entry>
    <entry id="73" name="cpd:C00633" type="compound"
        link="http://www.genome.jp/dbget-bin/www_bget?compound+C00633">
        <graphics name="C00633" fgcolor="#000000" bgcolor="#FFFFFF"
             type="circle" x="354" y="688" width="8" height="8"/>
    </entry>
    <entry id="74" name="cpd:C01468" type="compound"
        link="http://www.genome.jp/dbget-bin/www_bget?compound+C01468">
        <graphics name="C01468" fgcolor="#000000" bgcolor="#FFFFFF"
             type="circle" x="240" y="688" width="8" height="8"/>
    </entry>
    <entry id="75" name="cpd:C01455" type="compound"
        link="http://www.genome.jp/dbget-bin/www_bget?compound+C01455">
        <graphics name="C01455" fgcolor="#000000" bgcolor="#FFFFFF"
             type="circle" x="77" y="688" width="8" height="8"/>
    </entry>
    <entry id="76" name="cpd:C07212" type="compound"
        link="http://www.genome.jp/dbget-bin/www_bget?compound+C07212">
        <graphics name="C07212" fgcolor="#000000" bgcolor="#FFFFFF"
             type="circle" x="77" y="367" width="8" height="8"/>
    </entry>
    <entry id="77" name="cpd:C07208" type="compound"
        link="http://www.genome.jp/dbget-bin/www_bget?compound+C07208">
        <graphics name="C07208" fgcolor="#000000" bgcolor="#FFFFFF"
             type="circle" x="77" y="448" width="8" height="8"/>
    </entry>
    <entry id="78" name="cpd:C07216" type="compound"
        link="http://www.genome.jp/dbget-bin/www_bget?compound+C07216">
        <graphics name="C07216" fgcolor="#000000" bgcolor="#FFFFFF"
             type="circle" x="176" y="448" width="8" height="8"/>
    </entry>
    <entry id="79" name="up:XYLM_PSEPU" type="other" reaction="rn:R05288 rn:R05490"
        link="http://www.genome.jp/dbget-bin/www_bget?up+XYLM_PSEPU">
        <graphics name="XYLM_PSEPU" fgcolor="#000000" bgcolor="#FFFFFF"
             type="rectangle" x="123" y="550" width="46" height="17"/>
    </entry>
    <entry id="80" name="up:XYLM_PSEPU" type="other" reaction="rn:R05443 rn:R05491"
        link="http://www.genome.jp/dbget-bin/www_bget?up+XYLM_PSEPU">
        <graphics name="XYLM_PSEPU" fgcolor="#000000" bgcolor="#FFFFFF"
             type="rectangle" x="121" y="456" width="46" height="17"/>
    </entry>
    <entry id="81" name="up:XYLM_PSEPU" type="other" reaction="rn:R05489 rn:R05442"
        link="http://www.genome.jp/dbget-bin/www_bget?up+XYLM_PSEPU">
        <graphics name="XYLM_PSEPU" fgcolor="#000000" bgcolor="#FFFFFF"
             type="rectangle" x="121" y="375" width="46" height="17"/>
    </entry>
    <entry id="82" name="up:XYLA_PSEPU" type="other"
        link="http://www.genome.jp/dbget-bin/www_bget?up+XYLA_PSEPU">
        <graphics name="XYLA_PSEPU" fgcolor="#000000" bgcolor="#FFFFFF"
             type="rectangle" x="123" y="533" width="46" height="17"/>
    </entry>
    <entry id="83" name="up:XYLA_PSEPU" type="other"
        link="http://www.genome.jp/dbget-bin/www_bget?up+XYLA_PSEPU">
        <graphics name="XYLA_PSEPU" fgcolor="#000000" bgcolor="#FFFFFF"
             type="rectangle" x="121" y="439" width="46" height="17"/>
    </entry>
    <entry id="84" name="up:XYLA_PSEPU" type="other"
        link="http://www.genome.jp/dbget-bin/www_bget?up+XYLA_PSEPU">
        <graphics name="XYLA_PSEPU" fgcolor="#000000" bgcolor="#FFFFFF"
             type="rectangle" x="121" y="358" width="46" height="17"/>
    </entry>
    <entry id="85" name="path:map00632" type="map"
        link="http://www.genome.jp/kegg/pathway/map/map00632.html">
        <graphics name="Benzoate degradation via CoA ligation" fgcolor="#000000" bgcolor="#FFFFFF"
             type="roundrectangle" x="275" y="315" width="201" height="25"/>
    </entry>
    <entry id="86" name="ko:K03380" type="ortholog" reaction="rn:R03566"
        link="http://www.genome.jp/dbget-bin/www_bget?ko+K03380">
        <graphics name="K03380" fgcolor="#000000" bgcolor="#FFFFFF"
             type="rectangle" x="573" y="265" width="46" height="17"/>
    </entry>
    <entry id="87" name="cpd:C00033" type="compound"
        link="http://www.genome.jp/dbget-bin/www_bget?compound+C00033">
        <graphics name="C00033" fgcolor="#000000" bgcolor="#FFFFFF"
             type="circle" x="836" y="249" width="8" height="8"/>
    </entry>
    <entry id="88" name="cpd:C03589" type="compound"
        link="http://www.genome.jp/dbget-bin/www_bget?compound+C03589">
        <graphics name="C03589" fgcolor="#000000" bgcolor="#FFFFFF"
             type="circle" x="965" y="208" width="8" height="8"/>
    </entry>
    <entry id="89" name="cpd:C06677" type="compound"
        link="http://www.genome.jp/dbget-bin/www_bget?compound+C06677">
        <graphics name="C06677" fgcolor="#000000" bgcolor="#FFFFFF"
             type="circle" x="493" y="590" width="8" height="8"/>
    </entry>
    <entry id="90" name="cpd:C00596" type="compound"
        link="http://www.genome.jp/dbget-bin/www_bget?compound+C00596">
        <graphics name="C00596" fgcolor="#000000" bgcolor="#FFFFFF"
             type="circle" x="863" y="208" width="8" height="8"/>
    </entry>
    <entry id="91" name="path:map00362" type="map"
        link="http://www.genome.jp/kegg/pathway/map/map00362.html">
        <graphics name="Benzoate degradation via hydroxylation" fgcolor="#000000" bgcolor="#FFFFFF"
             type="roundrectangle" x="278" y="288" width="207" height="25"/>
    </entry>
    <entry id="92" name="ec:1.2.1.64" type="enzyme" reaction="rn:R01293"
        link="http://www.genome.jp/dbget-bin/www_bget?enzyme+1.2.1.64">
        <graphics name="1.2.1.64" fgcolor="#000000" bgcolor="#FFFFFF"
             type="rectangle" x="422" y="668" width="46" height="17"/>
    </entry>
    <entry id="93" name="ko:K03381" type="ortholog" reaction="rn:R05299"
        link="http://www.genome.jp/dbget-bin/www_bget?ko+K03381">
        <graphics name="K03381" fgcolor="#000000" bgcolor="#FFFFFF"
             type="rectangle" x="703" y="541" width="46" height="17"/>
    </entry>
    <entry id="94" name="path:map00362" type="map"
        link="http://www.genome.jp/kegg/pathway/map/map00362.html">
        <graphics name="Benzoate degradation via hydroxylation" fgcolor="#000000" bgcolor="#FFFFFF"
             type="roundrectangle" x="495" y="774" width="207" height="25"/>
    </entry>
    <entry id="95" name="up:Q51944_BURPI" type="other" reaction="rn:R03562"
        link="http://www.genome.jp/dbget-bin/www_bget?up+Q51944_BURPI">
        <graphics name="Q51944_BURPI" fgcolor="#000000" bgcolor="#FFFFFF"
             type="rectangle" x="430" y="291" width="46" height="17"/>
    </entry>
    <entry id="96" name="up:Q51939_BURPI" type="other" reaction="rn:R03562"
        link="http://www.genome.jp/dbget-bin/www_bget?up+Q51939_BURPI">
        <graphics name="Q51939_BURPI" fgcolor="#000000" bgcolor="#FFFFFF"
             type="rectangle" x="409" y="257" width="46" height="17"/>
    </entry>
    <entry id="97" name="up:O87803_PSEST" type="other" reaction="rn:R02550"
        link="http://www.genome.jp/dbget-bin/www_bget?up+O87803_PSEST">
        <graphics name="O87803_PSEST" fgcolor="#000000" bgcolor="#FFFFFF"
             type="rectangle" x="316" y="252" width="46" height="17"/>
    </entry>
    <entry id="98" name="cpd:C06210" type="compound"
        link="http://www.genome.jp/dbget-bin/www_bget?compound+C06210">
        <graphics name="C06210" fgcolor="#000000" bgcolor="#FFFFFF"
             type="circle" x="759" y="208" width="8" height="8"/>
    </entry>
    <entry id="99" name="ec:1.2.1.7" type="enzyme" reaction="rn:R05289"
        link="http://www.genome.jp/dbget-bin/www_bget?enzyme+1.2.1.7">
        <graphics name="1.2.1.7" fgcolor="#000000" bgcolor="#FFFFFF"
             type="rectangle" x="328" y="531" width="46" height="17"/>
    </entry>
    <entry id="100" name="ko:K00141" type="ortholog" reaction="rn:R05289"
        link="http://www.genome.jp/dbget-bin/www_bget?ko+K00141">
        <graphics name="K00141" fgcolor="#000000" bgcolor="#FFFFFF"
             type="rectangle" x="328" y="552" width="46" height="17"/>
    </entry>
    <entry id="101" name="ko:K03380" type="ortholog" reaction="rn:R03560"
        link="http://www.genome.jp/dbget-bin/www_bget?ko+K03380">
        <graphics name="K03380" fgcolor="#000000" bgcolor="#FFFFFF"
             type="rectangle" x="431" y="154" width="46" height="17"/>
    </entry>
    <entry id="102" name="ko:K03380" type="ortholog" reaction="rn:R03608"
        link="http://www.genome.jp/dbget-bin/www_bget?ko+K03380">
        <graphics name="K03380" fgcolor="#000000" bgcolor="#FFFFFF"
             type="rectangle" x="573" y="154" width="46" height="17"/>
    </entry>
    <entry id="103" name="up:TMOE_PSEME" type="other" reaction="rn:R05666"
        link="http://www.genome.jp/dbget-bin/www_bget?up+TMOE_PSEME">
        <graphics name="TMOE_PSEME" fgcolor="#000000" bgcolor="#FFFFFF"
             type="rectangle" x="178" y="687" width="46" height="17"/>
    </entry>
    <entry id="104" name="up:TMOB_PSEME" type="other" reaction="rn:R05666"
        link="http://www.genome.jp/dbget-bin/www_bget?up+TMOB_PSEME">
        <graphics name="TMOB_PSEME" fgcolor="#000000" bgcolor="#FFFFFF"
             type="rectangle" x="133" y="687" width="46" height="17"/>
    </entry>
    <entry id="105" name="up:TMOD_PSEME" type="other" reaction="rn:R05666"
        link="http://www.genome.jp/dbget-bin/www_bget?up+TMOD_PSEME">
        <graphics name="TMOD_PSEME" fgcolor="#000000" bgcolor="#FFFFFF"
             type="rectangle" x="178" y="670" width="46" height="17"/>
    </entry>
    <entry id="106" name="up:TMOA_PSEME" type="other" reaction="rn:R05666"
        link="http://www.genome.jp/dbget-bin/www_bget?up+TMOA_PSEME">
        <graphics name="TMOA_PSEME" fgcolor="#000000" bgcolor="#FFFFFF"
             type="rectangle" x="133" y="670" width="46" height="17"/>
    </entry>
    <entry id="107" name="cpd:C02923" type="compound"
        link="http://www.genome.jp/dbget-bin/www_bget?compound+C02923">
        <graphics name="C02923" fgcolor="#000000" bgcolor="#FFFFFF"
             type="circle" x="654" y="208" width="8" height="8"/>
    </entry>
    <entry id="108" name="ko:K05797" type="ortholog" reaction="rn:R02675"
        link="http://www.genome.jp/dbget-bin/www_bget?ko+K05797">
        <graphics name="K05797" fgcolor="#000000" bgcolor="#FFFFFF"
             type="rectangle" x="295" y="687" width="46" height="17"/>
    </entry>
    <entry id="109" name="up:TMOC_PSEME" type="other" reaction="rn:R05666"
        link="http://www.genome.jp/dbget-bin/www_bget?up+TMOC_PSEME">
        <graphics name="TMOC_PSEME" fgcolor="#000000" bgcolor="#FFFFFF"
             type="rectangle" x="133" y="704" width="46" height="17"/>
    </entry>
    <entry id="110" name="path:map00010" type="map"
        link="http://www.genome.jp/kegg/pathway/map/map00010.html">
        <graphics name="Glycolysis / Gluconeogenesis" fgcolor="#000000" bgcolor="#FFFFFF"
             type="roundrectangle" x="1061" y="375" width="67" height="25"/>
    </entry>
    <entry id="111" name="path:map00620" type="map"
        link="http://www.genome.jp/kegg/pathway/map/map00620.html">
        <graphics name="Pyruvate metabolism" fgcolor="#000000" bgcolor="#FFFFFF"
             type="roundrectangle" x="967" y="374" width="115" height="25"/>
    </entry>
    <entry id="112" name="path:map00622" type="map"
        link="http://www.genome.jp/dbget-bin/get_linkdb?pathway+map00622">
        <graphics name="TITLE:Toluene and xylene degradation" fgcolor="#000000" bgcolor="#FFFFFF"
             type="roundrectangle" x="187" y="57" width="295" height="25"/>
    </entry>
    <entry id="113" name="cpd:C00180" type="compound"
        link="http://www.genome.jp/dbget-bin/www_bget?compound+C00180">
        <graphics name="C00180" fgcolor="#000000" bgcolor="#FFFFFF"
             type="circle" x="100" y="289" width="8" height="8"/>
    </entry>
    <entry id="114" name="cpd:C00084" type="compound"
        link="http://www.genome.jp/dbget-bin/www_bget?compound+C00084">
        <graphics name="C00084" fgcolor="#000000" bgcolor="#FFFFFF"
             type="circle" x="965" y="314" width="8" height="8"/>
    </entry>
    <entry id="115" name="cpd:C00022" type="compound"
        link="http://www.genome.jp/dbget-bin/www_bget?compound+C00022">
        <graphics name="C00022" fgcolor="#000000" bgcolor="#FFFFFF"
             type="circle" x="1061" y="280" width="8" height="8"/>
    </entry>
    <entry id="116" name="cpd:C04592" type="compound"
        link="http://www.genome.jp/dbget-bin/www_bget?compound+C04592">
        <graphics name="C04592" fgcolor="#000000" bgcolor="#FFFFFF"
             type="circle" x="503" y="208" width="8" height="8"/>
    </entry>
    <entry id="117" name="cpd:C06758" type="compound"
        link="http://www.genome.jp/dbget-bin/www_bget?compound+C06758">
        <graphics name="C06758" fgcolor="#000000" bgcolor="#FFFFFF"
             type="circle" x="276" y="542" width="8" height="8"/>
    </entry>
    <entry id="118" name="cpd:C07213" type="compound"
        link="http://www.genome.jp/dbget-bin/www_bget?compound+C07213">
        <graphics name="C07213" fgcolor="#000000" bgcolor="#FFFFFF"
             type="circle" x="176" y="367" width="8" height="8"/>
    </entry>
    <entry id="119" name="ko:K01666" type="ortholog" reaction="rn:R00750"
        link="http://www.genome.jp/dbget-bin/www_bget?ko+K01666">
        <graphics name="K01666" fgcolor="#000000" bgcolor="#FFFFFF"
             type="rectangle" x="966" y="245" width="46" height="17"/>
    </entry>
    <entry id="120" name="cpd:C01455" type="compound"
        link="http://www.genome.jp/dbget-bin/www_bget?compound+C01455">
        <graphics name="C01455" fgcolor="#000000" bgcolor="#FFFFFF"
             type="circle" x="360" y="208" width="8" height="8"/>
    </entry>
    <entry id="121" name="cpd:C00261" type="compound"
        link="http://www.genome.jp/dbget-bin/www_bget?compound+C00261">
        <graphics name="C00261" fgcolor="#000000" bgcolor="#FFFFFF"
             type="circle" x="100" y="208" width="8" height="8"/>
    </entry>
    <entry id="122" name="cpd:C00556" type="compound"
        link="http://www.genome.jp/dbget-bin/www_bget?compound+C00556">
        <graphics name="C00556" fgcolor="#000000" bgcolor="#FFFFFF"
             type="circle" x="209" y="208" width="8" height="8"/>
    </entry>
    <entry id="123" name="cpd:C06756" type="compound"
        link="http://www.genome.jp/dbget-bin/www_bget?compound+C06756">
        <graphics name="C06756" fgcolor="#000000" bgcolor="#FFFFFF"
             type="circle" x="77" y="542" width="8" height="8"/>
    </entry>
    <entry id="124" name="cpd:C01542" type="compound"
        link="http://www.genome.jp/dbget-bin/www_bget?compound+C01542">
        <graphics name="C01542" fgcolor="#000000" bgcolor="#FFFFFF"
             type="circle" x="503" y="155" width="8" height="8"/>
    </entry>
    <entry id="125" name="ko:K02554" type="ortholog" reaction="rn:R02601"
        link="http://www.genome.jp/dbget-bin/www_bget?ko+K02554">
        <graphics name="K02554" fgcolor="#000000" bgcolor="#FFFFFF"
             type="rectangle" x="909" y="208" width="46" height="17"/>
    </entry>
    <entry id="126" name="ec:1.14.12.11" type="enzyme" reaction="rn:R03559"
        link="http://www.genome.jp/dbget-bin/www_bget?enzyme+1.14.12.11">
        <graphics name="1.14.12.11" fgcolor="#000000" bgcolor="#FFFFFF"
             type="rectangle" x="432" y="208" width="46" height="17"/>
    </entry>
    <entry id="127" name="ko:K00446" type="ortholog" reaction="rn:R04089"
        link="http://www.genome.jp/dbget-bin/www_bget?ko+K00446">
        <graphics name="K00446" fgcolor="#000000" bgcolor="#FFFFFF"
             type="rectangle" x="696" y="209" width="46" height="17"/>
    </entry>
    <entry id="128" name="ec:1.3.1.19" type="enzyme" reaction="rn:R04088"
        link="http://www.genome.jp/dbget-bin/www_bget?enzyme+1.3.1.19">
        <graphics name="1.3.1.19" fgcolor="#000000" bgcolor="#FFFFFF"
             type="rectangle" x="573" y="208" width="46" height="17"/>
    </entry>
    <entry id="129" name="up:TODF_PSEP1" type="other" reaction="rn:R05138"
        link="http://www.genome.jp/dbget-bin/www_bget?up+TODF_PSEP1">
        <graphics name="TODF_PSEP1" fgcolor="#000000" bgcolor="#FFFFFF"
             type="rectangle" x="803" y="209" width="46" height="17"/>
    </entry>
    <entry id="130" name="up:XYLM_PSEPU" type="other" reaction="rn:R02550"
        link="http://www.genome.jp/dbget-bin/www_bget?up+XYLM_PSEPU">
        <graphics name="XYLM_PSEPU" fgcolor="#000000" bgcolor="#FFFFFF"
             type="rectangle" x="316" y="197" width="46" height="17"/>
    </entry>
    <entry id="131" name="ko:K00141" type="ortholog" reaction="rn:R01419"
        link="http://www.genome.jp/dbget-bin/www_bget?ko+K00141">
        <graphics name="K00141" fgcolor="#000000" bgcolor="#FFFFFF"
             type="rectangle" x="75" y="242" width="46" height="17"/>
    </entry>
    <entry id="132" name="ec:1.2.1.7" type="enzyme" reaction="rn:R01420"
        link="http://www.genome.jp/dbget-bin/www_bget?enzyme+1.2.1.7">
        <graphics name="1.2.1.7" fgcolor="#000000" bgcolor="#FFFFFF"
             type="rectangle" x="125" y="242" width="46" height="17"/>
    </entry>
    <entry id="133" name="up:XYLA_PSEPU" type="other" reaction="rn:R02550"
        link="http://www.genome.jp/dbget-bin/www_bget?up+XYLA_PSEPU">
        <graphics name="XYLA_PSEPU" fgcolor="#000000" bgcolor="#FFFFFF"
             type="rectangle" x="270" y="197" width="46" height="17"/>
    </entry>
    <entry id="134" name="ko:K00055" type="ortholog" reaction="rn:R01763"
        link="http://www.genome.jp/dbget-bin/www_bget?ko+K00055">
        <graphics name="K00055" fgcolor="#000000" bgcolor="#FFFFFF"
             type="rectangle" x="161" y="207" width="46" height="17"/>
    </entry>
    <relation entry1="7" entry2="131" type="ECrel">
        <subtype name="compound" value="121"/>
    </relation>
    <relation entry1="7" entry2="132" type="ECrel">
        <subtype name="compound" value="121"/>
    </relation>
    <relation entry1="7" entry2="134" type="ECrel">
        <subtype name="compound" value="121"/>
    </relation>
    <relation entry1="131" entry2="134" type="ECrel">
        <subtype name="compound" value="121"/>
    </relation>
    <relation entry1="132" entry2="134" type="ECrel">
        <subtype name="compound" value="121"/>
    </relation>
    <relation entry1="7" entry2="8" type="ECrel">
        <subtype name="compound" value="6"/>
    </relation>
    <relation entry1="8" entry2="9" type="ECrel">
        <subtype name="compound" value="5"/>
    </relation>
    <relation entry1="133" entry2="134" type="ECrel">
        <subtype name="compound" value="122"/>
    </relation>
    <relation entry1="130" entry2="134" type="ECrel">
        <subtype name="compound" value="122"/>
    </relation>
    <relation entry1="25" entry2="134" type="ECrel">
        <subtype name="compound" value="122"/>
    </relation>
    <relation entry1="24" entry2="134" type="ECrel">
        <subtype name="compound" value="122"/>
    </relation>
    <relation entry1="27" entry2="134" type="ECrel">
        <subtype name="compound" value="122"/>
    </relation>
    <relation entry1="26" entry2="134" type="ECrel">
        <subtype name="compound" value="122"/>
    </relation>
    <relation entry1="97" entry2="134" type="ECrel">
        <subtype name="compound" value="122"/>
    </relation>
    <relation entry1="28" entry2="134" type="ECrel">
        <subtype name="compound" value="122"/>
    </relation>
    <relation entry1="126" entry2="130" type="ECrel">
        <subtype name="compound" value="120"/>
    </relation>
    <relation entry1="101" entry2="130" type="ECrel">
        <subtype name="compound" value="120"/>
    </relation>
    <relation entry1="96" entry2="130" type="ECrel">
        <subtype name="compound" value="120"/>
    </relation>
    <relation entry1="23" entry2="130" type="ECrel">
        <subtype name="compound" value="120"/>
    </relation>
    <relation entry1="126" entry2="133" type="ECrel">
        <subtype name="compound" value="120"/>
    </relation>
    <relation entry1="101" entry2="133" type="ECrel">
        <subtype name="compound" value="120"/>
    </relation>
    <relation entry1="96" entry2="133" type="ECrel">
        <subtype name="compound" value="120"/>
    </relation>
    <relation entry1="23" entry2="133" type="ECrel">
        <subtype name="compound" value="120"/>
    </relation>
    <relation entry1="25" entry2="126" type="ECrel">
        <subtype name="compound" value="120"/>
    </relation>
    <relation entry1="25" entry2="101" type="ECrel">
        <subtype name="compound" value="120"/>
    </relation>
    <relation entry1="25" entry2="96" type="ECrel">
        <subtype name="compound" value="120"/>
    </relation>
    <relation entry1="23" entry2="25" type="ECrel">
        <subtype name="compound" value="120"/>
    </relation>
    <relation entry1="24" entry2="126" type="ECrel">
        <subtype name="compound" value="120"/>
    </relation>
    <relation entry1="24" entry2="101" type="ECrel">
        <subtype name="compound" value="120"/>
    </relation>
    <relation entry1="24" entry2="96" type="ECrel">
        <subtype name="compound" value="120"/>
    </relation>
    <relation entry1="23" entry2="24" type="ECrel">
        <subtype name="compound" value="120"/>
    </relation>
    <relation entry1="26" entry2="126" type="ECrel">
        <subtype name="compound" value="120"/>
    </relation>
    <relation entry1="26" entry2="101" type="ECrel">
        <subtype name="compound" value="120"/>
    </relation>
    <relation entry1="26" entry2="96" type="ECrel">
        <subtype name="compound" value="120"/>
    </relation>
    <relation entry1="23" entry2="26" type="ECrel">
        <subtype name="compound" value="120"/>
    </relation>
    <relation entry1="27" entry2="126" type="ECrel">
        <subtype name="compound" value="120"/>
    </relation>
    <relation entry1="27" entry2="101" type="ECrel">
        <subtype name="compound" value="120"/>
    </relation>
    <relation entry1="27" entry2="96" type="ECrel">
        <subtype name="compound" value="120"/>
    </relation>
    <relation entry1="23" entry2="27" type="ECrel">
        <subtype name="compound" value="120"/>
    </relation>
    <relation entry1="28" entry2="126" type="ECrel">
        <subtype name="compound" value="120"/>
    </relation>
    <relation entry1="28" entry2="101" type="ECrel">
        <subtype name="compound" value="120"/>
    </relation>
    <relation entry1="28" entry2="96" type="ECrel">
        <subtype name="compound" value="120"/>
    </relation>
    <relation entry1="23" entry2="28" type="ECrel">
        <subtype name="compound" value="120"/>
    </relation>
    <relation entry1="97" entry2="126" type="ECrel">
        <subtype name="compound" value="120"/>
    </relation>
    <relation entry1="97" entry2="101" type="ECrel">
        <subtype name="compound" value="120"/>
    </relation>
    <relation entry1="96" entry2="97" type="ECrel">
        <subtype name="compound" value="120"/>
    </relation>
    <relation entry1="23" entry2="97" type="ECrel">
        <subtype name="compound" value="120"/>
    </relation>
    <relation entry1="101" entry2="126" type="ECrel">
        <subtype name="compound" value="120"/>
    </relation>
    <relation entry1="96" entry2="126" type="ECrel">
        <subtype name="compound" value="120"/>
    </relation>
    <relation entry1="23" entry2="126" type="ECrel">
        <subtype name="compound" value="120"/>
    </relation>
    <relation entry1="96" entry2="101" type="ECrel">
        <subtype name="compound" value="120"/>
    </relation>
    <relation entry1="23" entry2="101" type="ECrel">
        <subtype name="compound" value="120"/>
    </relation>
    <relation entry1="18" entry2="133" type="ECrel">
        <subtype name="compound" value="120"/>
    </relation>
    <relation entry1="22" entry2="133" type="ECrel">
        <subtype name="compound" value="120"/>
    </relation>
    <relation entry1="95" entry2="133" type="ECrel">
        <subtype name="compound" value="120"/>
    </relation>
    <relation entry1="18" entry2="130" type="ECrel">
        <subtype name="compound" value="120"/>
    </relation>
    <relation entry1="22" entry2="130" type="ECrel">
        <subtype name="compound" value="120"/>
    </relation>
    <relation entry1="95" entry2="130" type="ECrel">
        <subtype name="compound" value="120"/>
    </relation>
    <relation entry1="18" entry2="24" type="ECrel">
        <subtype name="compound" value="120"/>
    </relation>
    <relation entry1="22" entry2="24" type="ECrel">
        <subtype name="compound" value="120"/>
    </relation>
    <relation entry1="24" entry2="95" type="ECrel">
        <subtype name="compound" value="120"/>
    </relation>
    <relation entry1="18" entry2="25" type="ECrel">
        <subtype name="compound" value="120"/>
    </relation>
    <relation entry1="22" entry2="25" type="ECrel">
        <subtype name="compound" value="120"/>
    </relation>
    <relation entry1="25" entry2="95" type="ECrel">
        <subtype name="compound" value="120"/>
    </relation>
    <relation entry1="18" entry2="27" type="ECrel">
        <subtype name="compound" value="120"/>
    </relation>
    <relation entry1="22" entry2="27" type="ECrel">
        <subtype name="compound" value="120"/>
    </relation>
    <relation entry1="27" entry2="95" type="ECrel">
        <subtype name="compound" value="120"/>
    </relation>
    <relation entry1="18" entry2="26" type="ECrel">
        <subtype name="compound" value="120"/>
    </relation>
    <relation entry1="22" entry2="26" type="ECrel">
        <subtype name="compound" value="120"/>
    </relation>
    <relation entry1="26" entry2="95" type="ECrel">
        <subtype name="compound" value="120"/>
    </relation>
    <relation entry1="18" entry2="97" type="ECrel">
        <subtype name="compound" value="120"/>
    </relation>
    <relation entry1="22" entry2="97" type="ECrel">
        <subtype name="compound" value="120"/>
    </relation>
    <relation entry1="95" entry2="97" type="ECrel">
        <subtype name="compound" value="120"/>
    </relation>
    <relation entry1="18" entry2="28" type="ECrel">
        <subtype name="compound" value="120"/>
    </relation>
    <relation entry1="22" entry2="28" type="ECrel">
        <subtype name="compound" value="120"/>
    </relation>
    <relation entry1="28" entry2="95" type="ECrel">
        <subtype name="compound" value="120"/>
    </relation>
    <relation entry1="18" entry2="126" type="ECrel">
        <subtype name="compound" value="120"/>
    </relation>
    <relation entry1="22" entry2="126" type="ECrel">
        <subtype name="compound" value="120"/>
    </relation>
    <relation entry1="95" entry2="126" type="ECrel">
        <subtype name="compound" value="120"/>
    </relation>
    <relation entry1="18" entry2="101" type="ECrel">
        <subtype name="compound" value="120"/>
    </relation>
    <relation entry1="22" entry2="101" type="ECrel">
        <subtype name="compound" value="120"/>
    </relation>
    <relation entry1="95" entry2="101" type="ECrel">
        <subtype name="compound" value="120"/>
    </relation>
    <relation entry1="102" entry2="128" type="ECrel">
        <subtype name="compound" value="107"/>
    </relation>
    <relation entry1="86" entry2="102" type="ECrel">
        <subtype name="compound" value="107"/>
    </relation>
    <relation entry1="102" entry2="127" type="ECrel">
        <subtype name="compound" value="107"/>
    </relation>
    <relation entry1="86" entry2="128" type="ECrel">
        <subtype name="compound" value="107"/>
    </relation>
    <relation entry1="127" entry2="128" type="ECrel">
        <subtype name="compound" value="107"/>
    </relation>
    <relation entry1="86" entry2="127" type="ECrel">
        <subtype name="compound" value="107"/>
    </relation>
    <relation entry1="127" entry2="129" type="ECrel">
        <subtype name="compound" value="98"/>
    </relation>
    <relation entry1="125" entry2="129" type="ECrel">
        <subtype name="compound" value="90"/>
    </relation>
    <relation entry1="119" entry2="125" type="ECrel">
        <subtype name="compound" value="88"/>
    </relation>
    <relation entry1="23" entry2="86" type="ECrel">
        <subtype name="compound" value="40"/>
    </relation>
    <relation entry1="10" entry2="23" type="ECrel">
        <subtype name="compound" value="40"/>
    </relation>
    <relation entry1="18" entry2="86" type="ECrel">
        <subtype name="compound" value="40"/>
    </relation>
    <relation entry1="10" entry2="18" type="ECrel">
        <subtype name="compound" value="40"/>
    </relation>
    <relation entry1="86" entry2="95" type="ECrel">
        <subtype name="compound" value="40"/>
    </relation>
    <relation entry1="10" entry2="95" type="ECrel">
        <subtype name="compound" value="40"/>
    </relation>
    <relation entry1="71" entry2="84" type="ECrel">
        <subtype name="compound" value="118"/>
    </relation>
    <relation entry1="71" entry2="81" type="ECrel">
        <subtype name="compound" value="118"/>
    </relation>
    <relation entry1="62" entry2="71" type="ECrel">
        <subtype name="compound" value="68"/>
    </relation>
    <relation entry1="64" entry2="71" type="ECrel">
        <subtype name="compound" value="68"/>
    </relation>
    <relation entry1="20" entry2="62" type="ECrel">
        <subtype name="compound" value="44"/>
    </relation>
    <relation entry1="20" entry2="64" type="ECrel">
        <subtype name="compound" value="44"/>
    </relation>
    <relation entry1="20" entry2="60" type="ECrel">
        <subtype name="compound" value="41"/>
    </relation>
    <relation entry1="60" entry2="86" type="ECrel">
        <subtype name="compound" value="107"/>
    </relation>
    <relation entry1="60" entry2="128" type="ECrel">
        <subtype name="compound" value="107"/>
    </relation>
    <relation entry1="60" entry2="102" type="ECrel">
        <subtype name="compound" value="107"/>
    </relation>
    <relation entry1="60" entry2="127" type="ECrel">
        <subtype name="compound" value="107"/>
    </relation>
    <relation entry1="10" entry2="11" type="ECrel">
        <subtype name="compound" value="3"/>
    </relation>
    <relation entry1="11" entry2="12" type="ECrel">
        <subtype name="compound" value="2"/>
    </relation>
    <relation entry1="11" entry2="14" type="ECrel">
        <subtype name="compound" value="2"/>
    </relation>
    <relation entry1="11" entry2="13" type="ECrel">
        <subtype name="compound" value="2"/>
    </relation>
    <relation entry1="70" entry2="83" type="ECrel">
        <subtype name="compound" value="78"/>
    </relation>
    <relation entry1="70" entry2="80" type="ECrel">
        <subtype name="compound" value="78"/>
    </relation>
    <relation entry1="61" entry2="70" type="ECrel">
        <subtype name="compound" value="67"/>
    </relation>
    <relation entry1="63" entry2="70" type="ECrel">
        <subtype name="compound" value="67"/>
    </relation>
    <relation entry1="32" entry2="61" type="ECrel">
        <subtype name="compound" value="43"/>
    </relation>
    <relation entry1="32" entry2="63" type="ECrel">
        <subtype name="compound" value="43"/>
    </relation>
    <relation entry1="69" entry2="82" type="ECrel">
        <subtype name="compound" value="34"/>
    </relation>
    <relation entry1="69" entry2="79" type="ECrel">
        <subtype name="compound" value="34"/>
    </relation>
    <relation entry1="69" entry2="99" type="ECrel">
        <subtype name="compound" value="117"/>
    </relation>
    <relation entry1="69" entry2="100" type="ECrel">
        <subtype name="compound" value="117"/>
    </relation>
    <relation entry1="19" entry2="99" type="ECrel">
        <subtype name="compound" value="42"/>
    </relation>
    <relation entry1="19" entry2="100" type="ECrel">
        <subtype name="compound" value="42"/>
    </relation>
    <relation entry1="19" entry2="59" type="ECrel">
        <subtype name="compound" value="52"/>
    </relation>
    <relation entry1="33" entry2="59" type="ECrel">
        <subtype name="compound" value="51"/>
    </relation>
    <relation entry1="54" entry2="59" type="ECrel">
        <subtype name="compound" value="51"/>
    </relation>
    <relation entry1="59" entry2="93" type="ECrel">
        <subtype name="compound" value="51"/>
    </relation>
    <relation entry1="33" entry2="54" type="ECrel">
        <subtype name="compound" value="51"/>
    </relation>
    <relation entry1="33" entry2="93" type="ECrel">
        <subtype name="compound" value="51"/>
    </relation>
    <relation entry1="54" entry2="93" type="ECrel">
        <subtype name="compound" value="51"/>
    </relation>
    <relation entry1="56" entry2="93" type="ECrel">
        <subtype name="compound" value="50"/>
    </relation>
    <relation entry1="17" entry2="33" type="ECrel">
        <subtype name="compound" value="89"/>
    </relation>
    <relation entry1="105" entry2="108" type="ECrel">
        <subtype name="compound" value="74"/>
    </relation>
    <relation entry1="17" entry2="105" type="ECrel">
        <subtype name="compound" value="74"/>
    </relation>
    <relation entry1="103" entry2="108" type="ECrel">
        <subtype name="compound" value="74"/>
    </relation>
    <relation entry1="17" entry2="103" type="ECrel">
        <subtype name="compound" value="74"/>
    </relation>
    <relation entry1="21" entry2="108" type="ECrel">
        <subtype name="compound" value="74"/>
    </relation>
    <relation entry1="17" entry2="21" type="ECrel">
        <subtype name="compound" value="74"/>
    </relation>
    <relation entry1="108" entry2="109" type="ECrel">
        <subtype name="compound" value="74"/>
    </relation>
    <relation entry1="17" entry2="109" type="ECrel">
        <subtype name="compound" value="74"/>
    </relation>
    <relation entry1="104" entry2="108" type="ECrel">
        <subtype name="compound" value="74"/>
    </relation>
    <relation entry1="17" entry2="104" type="ECrel">
        <subtype name="compound" value="74"/>
    </relation>
    <relation entry1="106" entry2="108" type="ECrel">
        <subtype name="compound" value="74"/>
    </relation>
    <relation entry1="17" entry2="106" type="ECrel">
        <subtype name="compound" value="74"/>
    </relation>
    <relation entry1="17" entry2="108" type="ECrel">
        <subtype name="compound" value="74"/>
    </relation>
    <relation entry1="66" entry2="108" type="ECrel">
        <subtype name="compound" value="73"/>
    </relation>
    <relation entry1="65" entry2="108" type="ECrel">
        <subtype name="compound" value="73"/>
    </relation>
    <relation entry1="92" entry2="108" type="ECrel">
        <subtype name="compound" value="73"/>
    </relation>
    <relation entry1="54" entry2="55" type="ECrel">
        <subtype name="compound" value="36"/>
    </relation>
    <relation entry1="38" entry2="54" type="ECrel">
        <subtype name="compound" value="36"/>
    </relation>
    <relation entry1="38" entry2="55" type="ECrel">
        <subtype name="compound" value="36"/>
    </relation>
    <relation entry1="37" entry2="38" type="ECrel">
        <subtype name="compound" value="35"/>
    </relation>
    <relation entry1="37" entry2="53" type="ECrel">
        <subtype name="compound" value="29"/>
    </relation>
    <relation entry1="53" entry2="55" type="ECrel">
        <subtype name="compound" value="31"/>
    </relation>
    <relation entry1="55" entry2="57" type="ECrel">
        <subtype name="compound" value="31"/>
    </relation>
    <relation entry1="53" entry2="57" type="ECrel">
        <subtype name="compound" value="31"/>
    </relation>
    <relation entry1="57" entry2="58" type="ECrel">
        <subtype name="compound" value="30"/>
    </relation>
    <relation entry1="126" entry2="128" type="ECrel">
        <subtype name="compound" value="116"/>
    </relation>
    <relation entry1="22" entry2="86" type="ECrel">
        <subtype name="compound" value="40"/>
    </relation>
    <relation entry1="10" entry2="22" type="ECrel">
        <subtype name="compound" value="40"/>
    </relation>
    <relation entry1="86" entry2="96" type="ECrel">
        <subtype name="compound" value="40"/>
    </relation>
    <relation entry1="10" entry2="96" type="ECrel">
        <subtype name="compound" value="40"/>
    </relation>
    <relation entry1="10" entry2="86" type="ECrel">
        <subtype name="compound" value="40"/>
    </relation>
    <relation entry1="119" entry2="111" type="maplink">
        <subtype name="compound" value="114"/>
    </relation>
    <relation entry1="119" entry2="110" type="maplink">
        <subtype name="compound" value="115"/>
    </relation>
    <relation entry1="131" entry2="91" type="maplink">
        <subtype name="compound" value="113"/>
    </relation>
    <relation entry1="131" entry2="85" type="maplink">
        <subtype name="compound" value="113"/>
    </relation>
    <relation entry1="132" entry2="91" type="maplink">
        <subtype name="compound" value="113"/>
    </relation>
    <relation entry1="132" entry2="85" type="maplink">
        <subtype name="compound" value="113"/>
    </relation>
    <relation entry1="85" entry2="91" type="maplink">
        <subtype name="compound" value="113"/>
    </relation>
    <relation entry1="14" entry2="16" type="maplink">
        <subtype name="compound" value="1"/>
    </relation>
    <relation entry1="14" entry2="15" type="maplink">
        <subtype name="compound" value="1"/>
    </relation>
    <relation entry1="12" entry2="16" type="maplink">
        <subtype name="compound" value="1"/>
    </relation>
    <relation entry1="12" entry2="15" type="maplink">
        <subtype name="compound" value="1"/>
    </relation>
    <relation entry1="13" entry2="16" type="maplink">
        <subtype name="compound" value="1"/>
    </relation>
    <relation entry1="13" entry2="15" type="maplink">
        <subtype name="compound" value="1"/>
    </relation>
    <relation entry1="15" entry2="16" type="maplink">
        <subtype name="compound" value="1"/>
    </relation>
    <relation entry1="92" entry2="94" type="maplink">
        <subtype name="compound" value="72"/>
    </relation>
    <relation entry1="66" entry2="94" type="maplink">
        <subtype name="compound" value="72"/>
    </relation>
    <relation entry1="65" entry2="94" type="maplink">
        <subtype name="compound" value="72"/>
    </relation>
    <relation entry1="58" entry2="46" type="maplink">
        <subtype name="compound" value="48"/>
    </relation>
    <relation entry1="58" entry2="45" type="maplink">
        <subtype name="compound" value="47"/>
    </relation>
    <reaction name="rn:R01764" type="irreversible">
        <substrate name="cpd:C02137"/>
        <product name="cpd:C00261"/>
    </reaction>
    <reaction name="rn:R07664" type="irreversible">
        <substrate name="cpd:C01984"/>
        <product name="cpd:C02137"/>
    </reaction>
    <reaction name="rn:R03791" type="irreversible">
        <substrate name="cpd:C01983"/>
        <product name="cpd:C01984"/>
    </reaction>
    <reaction name="rn:R07665" type="irreversible">
        <substrate name="cpd:C01467"/>
        <product name="cpd:C03351"/>
    </reaction>
    <reaction name="rn:R04136" type="irreversible">
        <substrate name="cpd:C03351"/>
        <product name="cpd:C03067"/>
    </reaction>
    <reaction name="rn:R07666" type="irreversible">
        <substrate name="cpd:C03067"/>
        <product name="cpd:C00587"/>
    </reaction>
    <reaction name="rn:R07667" type="irreversible">
        <substrate name="cpd:C03067"/>
        <product name="cpd:C00587"/>
    </reaction>
    <reaction name="rn:R07663" type="irreversible">
        <substrate name="cpd:C06677"/>
        <product name="cpd:C01468"/>
    </reaction>
    <reaction name="rn:R03562" type="irreversible">
        <substrate name="cpd:C01455"/>
        <product name="cpd:C01467"/>
    </reaction>
    <reaction name="rn:R05290" type="irreversible">
        <substrate name="cpd:C01454"/>
        <product name="cpd:C06729"/>
    </reaction>
    <reaction name="rn:R05291" type="irreversible">
        <substrate name="cpd:C01454"/>
        <product name="cpd:C06729"/>
    </reaction>
    <reaction name="rn:R05428" type="irreversible">
        <substrate name="cpd:C07215"/>
        <product name="cpd:C06731"/>
    </reaction>
    <reaction name="rn:R02550" type="irreversible">
        <substrate name="cpd:C01455"/>
        <product name="cpd:C00556"/>
    </reaction>
    <reaction name="rn:R05665" type="reversible">
        <substrate name="cpd:C07211"/>
        <product name="cpd:C06720"/>
    </reaction>
    <reaction name="rn:R05294" type="reversible">
        <substrate name="cpd:C06677"/>
        <product name="cpd:C06730"/>
    </reaction>
    <reaction name="rn:R05389" type="irreversible">
        <substrate name="cpd:C07478"/>
        <product name="cpd:C07479"/>
    </reaction>
    <reaction name="rn:R05353" type="irreversible">
        <substrate name="cpd:C06760"/>
        <product name="cpd:C07478"/>
    </reaction>
    <reaction name="rn:R05374" type="irreversible">
        <substrate name="cpd:C07479"/>
        <product name="cpd:C11354"/>
    </reaction>
    <reaction name="rn:R05295" type="irreversible">
        <substrate name="cpd:C06730"/>
        <product name="cpd:C06760"/>
    </reaction>
    <reaction name="rn:R05865" type="irreversible">
        <substrate name="cpd:C06760"/>
        <product name="cpd:C11354"/>
    </reaction>
    <reaction name="rn:R05300" type="irreversible">
        <substrate name="cpd:C04112"/>
        <product name="cpd:C04559"/>
    </reaction>
    <reaction name="rn:R05864" type="irreversible">
        <substrate name="cpd:C11354"/>
        <product name="cpd:C06762"/>
    </reaction>
    <reaction name="rn:R05298" type="irreversible">
        <substrate name="cpd:C06762"/>
        <product name="cpd:C00479"/>
        <product name="cpd:C00022"/>
    </reaction>
    <reaction name="rn:R05292" type="reversible">
        <substrate name="cpd:C06729"/>
        <product name="cpd:C06730"/>
    </reaction>
    <reaction name="rn:R05293" type="reversible">
        <substrate name="cpd:C06729"/>
        <product name="cpd:C06730"/>
    </reaction>
    <reaction name="rn:R05314" type="irreversible">
        <substrate name="cpd:C06731"/>
        <product name="cpd:C02923"/>
    </reaction>
    <reaction name="rn:R05664" type="reversible">
        <substrate name="cpd:C07209"/>
        <product name="cpd:C07211"/>
    </reaction>
    <reaction name="rn:R05663" type="irreversible">
        <substrate name="cpd:C07214"/>
        <product name="cpd:C07215"/>
    </reaction>
    <reaction name="rn:R01293" type="irreversible">
        <substrate name="cpd:C00633"/>
        <product name="cpd:C00156"/>
    </reaction>
    <reaction name="rn:R01294" type="irreversible">
        <substrate name="cpd:C00633"/>
        <product name="cpd:C00156"/>
    </reaction>
    <reaction name="rn:R05282" type="reversible">
        <substrate name="cpd:C06757"/>
        <product name="cpd:C06758"/>
    </reaction>
    <reaction name="rn:R05347" type="irreversible">
        <substrate name="cpd:C07216"/>
        <product name="cpd:C07209"/>
    </reaction>
    <reaction name="rn:R05348" type="irreversible">
        <substrate name="cpd:C07213"/>
        <product name="cpd:C07214"/>
    </reaction>
    <reaction name="rn:R05288" type="irreversible">
        <substrate name="cpd:C06756"/>
        <product name="cpd:C06757"/>
    </reaction>
    <reaction name="rn:R05490" type="irreversible">
        <substrate name="cpd:C06756"/>
        <product name="cpd:C06757"/>
    </reaction>
    <reaction name="rn:R05443" type="irreversible">
        <substrate name="cpd:C07208"/>
        <product name="cpd:C07216"/>
    </reaction>
    <reaction name="rn:R05491" type="irreversible">
        <substrate name="cpd:C07208"/>
        <product name="cpd:C07216"/>
    </reaction>
    <reaction name="rn:R05489" type="irreversible">
        <substrate name="cpd:C07212"/>
        <product name="cpd:C07213"/>
    </reaction>
    <reaction name="rn:R05442" type="irreversible">
        <substrate name="cpd:C07212"/>
        <product name="cpd:C07213"/>
    </reaction>
    <reaction name="rn:R03566" type="irreversible">
        <substrate name="cpd:C01467"/>
        <product name="cpd:C02923"/>
    </reaction>
    <reaction name="rn:R05299" type="reversible">
        <substrate name="cpd:C06730"/>
        <product name="cpd:C04112"/>
    </reaction>
    <reaction name="rn:R05289" type="irreversible">
        <substrate name="cpd:C06758"/>
        <product name="cpd:C01454"/>
    </reaction>
    <reaction name="rn:R03560" type="irreversible">
        <substrate name="cpd:C01455"/>
        <product name="cpd:C01542"/>
    </reaction>
    <reaction name="rn:R03608" type="irreversible">
        <substrate name="cpd:C01542"/>
        <product name="cpd:C02923"/>
    </reaction>
    <reaction name="rn:R02675" type="irreversible">
        <substrate name="cpd:C01468"/>
        <product name="cpd:C00633"/>
    </reaction>
    <reaction name="rn:R00750" type="irreversible">
        <substrate name="cpd:C03589"/>
        <product name="cpd:C00084"/>
        <product name="cpd:C00022"/>
    </reaction>
    <reaction name="rn:R02601" type="irreversible">
        <substrate name="cpd:C00596"/>
        <product name="cpd:C03589"/>
    </reaction>
    <reaction name="rn:R03559" type="irreversible">
        <substrate name="cpd:C01455"/>
        <product name="cpd:C04592"/>
    </reaction>
    <reaction name="rn:R04089" type="irreversible">
        <substrate name="cpd:C02923"/>
        <product name="cpd:C06210"/>
    </reaction>
    <reaction name="rn:R04088" type="irreversible">
        <substrate name="cpd:C04592"/>
        <product name="cpd:C02923"/>
    </reaction>
    <reaction name="rn:R05138" type="irreversible">
        <substrate name="cpd:C06210"/>
        <product name="cpd:C00596"/>
        <product name="cpd:C00033"/>
    </reaction>
    <reaction name="rn:R01419" type="irreversible">
        <substrate name="cpd:C00261"/>
        <product name="cpd:C00180"/>
    </reaction>
    <reaction name="rn:R01420" type="irreversible">
        <substrate name="cpd:C00261"/>
        <product name="cpd:C00180"/>
    </reaction>
    <reaction name="rn:R01763" type="irreversible">
        <substrate name="cpd:C00556"/>
        <product name="cpd:C00261"/>
    </reaction>
</pathway>
