<?xml version="1.0"?>
<!DOCTYPE pathway SYSTEM "http://www.genome.jp/kegg/xml/KGML_v0.6.1_.dtd">
<!-- Creation date: Jan 26 2009 17:16:33 +0900 (JST) -->
<pathway name="path:map05210" org="map" number="05210"
         title="Colorectal cancer"
         image="http://www.genome.jp/kegg/pathway/map/map05210.gif"
         link="http://www.genome.jp/dbget-bin/show_pathway?map05210">
    <entry id="1" name="ko:K02235 ko:K02329 ko:K02354 ko:K02375 ko:K02376 ko:K02378 ko:K02432 ko:K02534 ko:K02645 ko:K02842" type="ortholog"
        link="http://www.genome.jp/dbget-bin/www_bget?ko+K02235+K02329+K02354+K02375+K02376+K02378+K02432+K02534+K02645+K02842">
        <graphics name="K02235..." fgcolor="#000000" bgcolor="#FFFFFF"
             type="rectangle" x="297" y="218" width="46" height="17"/>
    </entry>
    <entry id="2" name="ko:K04361 ko:K04363 ko:K05087 ko:K05089 ko:K05099" type="ortholog"
        link="http://www.genome.jp/dbget-bin/www_bget?ko+K04361+K04363+K05087+K05089+K05099">
        <graphics name="K04361..." fgcolor="#000000" bgcolor="#FFFFFF"
             type="rectangle" x="296" y="373" width="46" height="17"/>
    </entry>
    <entry id="3" name="ko:K04364" type="ortholog"
        link="http://www.genome.jp/dbget-bin/www_bget?ko+K04364">
        <graphics name="K04364" fgcolor="#000000" bgcolor="#FFFFFF"
             type="rectangle" x="368" y="373" width="46" height="17"/>
    </entry>
    <entry id="4" name="ko:K03099" type="ortholog"
        link="http://www.genome.jp/dbget-bin/www_bget?ko+K03099">
        <graphics name="K03099" fgcolor="#000000" bgcolor="#FFFFFF"
             type="rectangle" x="440" y="373" width="46" height="17"/>
    </entry>
    <entry id="5" name="ko:K06765" type="ortholog"
        link="http://www.genome.jp/dbget-bin/www_bget?ko+K06765">
        <graphics name="K06765" fgcolor="#000000" bgcolor="#FFFFFF"
             type="rectangle" x="296" y="529" width="46" height="17"/>
    </entry>
    <entry id="6" name="ko:K02187" type="ortholog"
        link="http://www.genome.jp/dbget-bin/www_bget?ko+K02187">
        <graphics name="K02187" fgcolor="#000000" bgcolor="#FFFFFF"
             type="rectangle" x="377" y="489" width="46" height="17"/>
    </entry>
    <entry id="7" name="ko:K04384" type="ortholog"
        link="http://www.genome.jp/dbget-bin/www_bget?ko+K04384">
        <graphics name="K04384" fgcolor="#000000" bgcolor="#FFFFFF"
             type="rectangle" x="216" y="605" width="46" height="17"/>
    </entry>
    <entry id="8" name="ko:K02353" type="ortholog"
        link="http://www.genome.jp/dbget-bin/www_bget?ko+K02353">
        <graphics name="K02353" fgcolor="#000000" bgcolor="#FFFFFF"
             type="rectangle" x="394" y="218" width="46" height="17"/>
    </entry>
    <entry id="9" name="ko:K00922 ko:K02649" type="ortholog"
        link="http://www.genome.jp/dbget-bin/www_bget?ko+K00922+K02649">
        <graphics name="K00922..." fgcolor="#000000" bgcolor="#FFFFFF"
             type="rectangle" x="519" y="366" width="46" height="17"/>
    </entry>
    <entry id="10" name="ko:K04399" type="ortholog"
        link="http://www.genome.jp/dbget-bin/www_bget?ko+K04399">
        <graphics name="K04399" fgcolor="#000000" bgcolor="#FFFFFF"
             type="rectangle" x="443" y="521" width="46" height="17"/>
    </entry>
    <entry id="11" name="ko:K08733" type="ortholog"
        link="http://www.genome.jp/dbget-bin/www_bget?ko+K08733">
        <graphics name="K08733" fgcolor="#000000" bgcolor="#FFFFFF"
             type="rectangle" x="443" y="538" width="46" height="17"/>
    </entry>
    <entry id="12" name="ko:K02187" type="ortholog"
        link="http://www.genome.jp/dbget-bin/www_bget?ko+K02187">
        <graphics name="K02187" fgcolor="#000000" bgcolor="#FFFFFF"
             type="rectangle" x="578" y="529" width="46" height="17"/>
    </entry>
    <entry id="13" name="ko:K02085" type="ortholog"
        link="http://www.genome.jp/dbget-bin/www_bget?ko+K02085">
        <graphics name="K02085" fgcolor="#000000" bgcolor="#FFFFFF"
             type="rectangle" x="704" y="160" width="46" height="17"/>
    </entry>
    <entry id="14" name="ko:K04500" type="ortholog"
        link="http://www.genome.jp/dbget-bin/www_bget?ko+K04500">
        <graphics name="K04500" fgcolor="#000000" bgcolor="#FFFFFF"
             type="rectangle" x="448" y="607" width="46" height="17"/>
    </entry>
    <entry id="15" name="ko:K04674" type="ortholog"
        link="http://www.genome.jp/dbget-bin/www_bget?ko+K04674">
        <graphics name="K04674" fgcolor="#000000" bgcolor="#FFFFFF"
             type="rectangle" x="297" y="598" width="46" height="17"/>
    </entry>
    <entry id="16" name="ko:K04501" type="ortholog"
        link="http://www.genome.jp/dbget-bin/www_bget?ko+K04501">
        <graphics name="K04501" fgcolor="#000000" bgcolor="#FFFFFF"
             type="rectangle" x="448" y="639" width="46" height="17"/>
    </entry>
    <entry id="17" name="ko:K08734" type="ortholog"
        link="http://www.genome.jp/dbget-bin/www_bget?ko+K08734">
        <graphics name="K08734" fgcolor="#000000" bgcolor="#FFFFFF"
             type="rectangle" x="902" y="535" width="46" height="17"/>
    </entry>
    <entry id="18" name="ko:K08735" type="ortholog"
        link="http://www.genome.jp/dbget-bin/www_bget?ko+K08735">
        <graphics name="K08735" fgcolor="#000000" bgcolor="#FFFFFF"
             type="rectangle" x="902" y="556" width="46" height="17"/>
    </entry>
    <entry id="19" name="ko:K07827" type="ortholog"
        link="http://www.genome.jp/dbget-bin/www_bget?ko+K07827">
        <graphics name="K07827" fgcolor="#000000" bgcolor="#FFFFFF"
             type="rectangle" x="464" y="412" width="46" height="17"/>
    </entry>
    <entry id="20" name="ko:K04365 ko:K04366 ko:K08845" type="ortholog"
        link="http://www.genome.jp/dbget-bin/www_bget?ko+K04365+K04366+K08845">
        <graphics name="K04365..." fgcolor="#000000" bgcolor="#FFFFFF"
             type="rectangle" x="545" y="412" width="46" height="17"/>
    </entry>
    <entry id="21" name="ko:K04440" type="ortholog"
        link="http://www.genome.jp/dbget-bin/www_bget?ko+K04440">
        <graphics name="K04440" fgcolor="#000000" bgcolor="#FFFFFF"
             type="rectangle" x="702" y="479" width="46" height="17"/>
    </entry>
    <entry id="22" name="ko:K02157 ko:K04385" type="ortholog"
        link="http://www.genome.jp/dbget-bin/www_bget?ko+K02157+K04385">
        <graphics name="K02157..." fgcolor="#000000" bgcolor="#FFFFFF"
             type="rectangle" x="652" y="178" width="46" height="17"/>
    </entry>
    <entry id="23" name="ko:K02157 ko:K04385" type="ortholog"
        link="http://www.genome.jp/dbget-bin/www_bget?ko+K02157+K04385">
        <graphics name="K02157..." fgcolor="#000000" bgcolor="#FFFFFF"
             type="rectangle" x="654" y="259" width="46" height="17"/>
    </entry>
    <entry id="24" name="ko:K08732" type="ortholog"
        link="http://www.genome.jp/dbget-bin/www_bget?ko+K08732">
        <graphics name="K08732" fgcolor="#000000" bgcolor="#FFFFFF"
             type="rectangle" x="545" y="479" width="46" height="17"/>
    </entry>
    <entry id="25" name="ko:K04392 ko:K07860 ko:K07861" type="ortholog"
        link="http://www.genome.jp/dbget-bin/www_bget?ko+K04392+K07860+K07861">
        <graphics name="K04392..." fgcolor="#000000" bgcolor="#FFFFFF"
             type="rectangle" x="624" y="479" width="46" height="17"/>
    </entry>
    <entry id="26" name="ko:K08731" type="ortholog"
        link="http://www.genome.jp/dbget-bin/www_bget?ko+K08731">
        <graphics name="K08731" fgcolor="#000000" bgcolor="#FFFFFF"
             type="rectangle" x="1042" y="219" width="46" height="17"/>
    </entry>
    <entry id="27" name="ko:K04377" type="ortholog"
        link="http://www.genome.jp/dbget-bin/www_bget?ko+K04377">
        <graphics name="K04377" fgcolor="#000000" bgcolor="#FFFFFF"
             type="rectangle" x="1042" y="254" width="46" height="17"/>
    </entry>
    <entry id="28" name="ko:K04503" type="ortholog"
        link="http://www.genome.jp/dbget-bin/www_bget?ko+K04503">
        <graphics name="K04503" fgcolor="#000000" bgcolor="#FFFFFF"
             type="rectangle" x="1042" y="277" width="46" height="17"/>
    </entry>
    <entry id="29" name="ko:K02085" type="ortholog"
        link="http://www.genome.jp/dbget-bin/www_bget?ko+K02085">
        <graphics name="K02085" fgcolor="#000000" bgcolor="#FFFFFF"
             type="rectangle" x="700" y="259" width="46" height="17"/>
    </entry>
    <entry id="30" name="ko:K04368" type="ortholog"
        link="http://www.genome.jp/dbget-bin/www_bget?ko+K04368">
        <graphics name="K04368" fgcolor="#000000" bgcolor="#FFFFFF"
             type="rectangle" x="624" y="412" width="46" height="17"/>
    </entry>
    <entry id="31" name="ko:K04371" type="ortholog"
        link="http://www.genome.jp/dbget-bin/www_bget?ko+K04371">
        <graphics name="K04371" fgcolor="#000000" bgcolor="#FFFFFF"
             type="rectangle" x="784" y="412" width="46" height="17"/>
    </entry>
    <entry id="32" name="ko:K04448" type="ortholog"
        link="http://www.genome.jp/dbget-bin/www_bget?ko+K04448">
        <graphics name="K04448" fgcolor="#000000" bgcolor="#FFFFFF"
             type="rectangle" x="926" y="387" width="46" height="17"/>
    </entry>
    <entry id="33" name="ko:K04379" type="ortholog"
        link="http://www.genome.jp/dbget-bin/www_bget?ko+K04379">
        <graphics name="K04379" fgcolor="#000000" bgcolor="#FFFFFF"
             type="rectangle" x="926" y="412" width="46" height="17"/>
    </entry>
    <entry id="34" name="ko:K04377" type="ortholog"
        link="http://www.genome.jp/dbget-bin/www_bget?ko+K04377">
        <graphics name="K04377" fgcolor="#000000" bgcolor="#FFFFFF"
             type="rectangle" x="926" y="437" width="46" height="17"/>
    </entry>
    <entry id="35" name="ko:K08738" type="ortholog"
        link="http://www.genome.jp/dbget-bin/www_bget?ko+K08738">
        <graphics name="K08738" fgcolor="#000000" bgcolor="#FFFFFF"
             type="rectangle" x="575" y="793" width="46" height="17"/>
    </entry>
    <entry id="36" name="ko:K02161" type="ortholog"
        link="http://www.genome.jp/dbget-bin/www_bget?ko+K02161">
        <graphics name="K02161" fgcolor="#000000" bgcolor="#FFFFFF"
             type="rectangle" x="655" y="754" width="46" height="17"/>
    </entry>
    <entry id="37" name="ko:K04451" type="ortholog"
        link="http://www.genome.jp/dbget-bin/www_bget?ko+K04451">
        <graphics name="K04451" fgcolor="#000000" bgcolor="#FFFFFF"
             type="rectangle" x="923" y="779" width="46" height="17"/>
    </entry>
    <entry id="38" name="ko:K02620 ko:K04490 ko:K04491 ko:K04492" type="ortholog"
        link="http://www.genome.jp/dbget-bin/www_bget?ko+K02620+K04490+K04491+K04492">
        <graphics name="K02620..." fgcolor="#000000" bgcolor="#FFFFFF"
             type="rectangle" x="926" y="238" width="46" height="17"/>
    </entry>
    <entry id="39" name="ko:K03083" type="ortholog"
        link="http://www.genome.jp/dbget-bin/www_bget?ko+K03083">
        <graphics name="K03083" fgcolor="#000000" bgcolor="#FFFFFF"
             type="rectangle" x="611" y="195" width="46" height="17"/>
    </entry>
    <entry id="40" name="ko:K03083" type="ortholog"
        link="http://www.genome.jp/dbget-bin/www_bget?ko+K03083">
        <graphics name="K03083" fgcolor="#000000" bgcolor="#FFFFFF"
             type="rectangle" x="612" y="276" width="46" height="17"/>
    </entry>
    <entry id="41" name="ko:K02105" type="ortholog"
        link="http://www.genome.jp/dbget-bin/www_bget?ko+K02105">
        <graphics name="K02105" fgcolor="#000000" bgcolor="#FFFFFF"
             type="rectangle" x="693" y="195" width="46" height="17"/>
    </entry>
    <entry id="42" name="ko:K02105" type="ortholog"
        link="http://www.genome.jp/dbget-bin/www_bget?ko+K02105">
        <graphics name="K02105" fgcolor="#000000" bgcolor="#FFFFFF"
             type="rectangle" x="696" y="276" width="46" height="17"/>
    </entry>
    <entry id="43" name="ko:K04456" type="ortholog"
        link="http://www.genome.jp/dbget-bin/www_bget?ko+K04456">
        <graphics name="K04456" fgcolor="#000000" bgcolor="#FFFFFF"
             type="rectangle" x="545" y="323" width="46" height="17"/>
    </entry>
    <entry id="44" name="ko:K02158" type="ortholog"
        link="http://www.genome.jp/dbget-bin/www_bget?ko+K02158">
        <graphics name="K02158" fgcolor="#000000" bgcolor="#FFFFFF"
             type="rectangle" x="634" y="349" width="46" height="17"/>
    </entry>
    <entry id="45" name="ko:K04399" type="ortholog"
        link="http://www.genome.jp/dbget-bin/www_bget?ko+K04399">
        <graphics name="K04399" fgcolor="#000000" bgcolor="#FFFFFF"
             type="rectangle" x="634" y="375" width="46" height="17"/>
    </entry>
    <entry id="46" name="ko:K04388" type="ortholog"
        link="http://www.genome.jp/dbget-bin/www_bget?ko+K04388">
        <graphics name="K04388" fgcolor="#000000" bgcolor="#FFFFFF"
             type="rectangle" x="297" y="615" width="46" height="17"/>
    </entry>
    <entry id="47" name="ko:K08737" type="ortholog"
        link="http://www.genome.jp/dbget-bin/www_bget?ko+K08737">
        <graphics name="K08737" fgcolor="#000000" bgcolor="#FFFFFF"
             type="rectangle" x="1101" y="688" width="46" height="17"/>
    </entry>
    <entry id="48" name="ko:K02159" type="ortholog"
        link="http://www.genome.jp/dbget-bin/www_bget?ko+K02159">
        <graphics name="K02159" fgcolor="#000000" bgcolor="#FFFFFF"
             type="rectangle" x="1045" y="715" width="46" height="17"/>
    </entry>
    <entry id="49" name="ko:K08736" type="ortholog"
        link="http://www.genome.jp/dbget-bin/www_bget?ko+K08736">
        <graphics name="K08736" fgcolor="#000000" bgcolor="#FFFFFF"
             type="rectangle" x="1045" y="688" width="46" height="17"/>
    </entry>
    <entry id="50" name="ko:K04388" type="ortholog"
        link="http://www.genome.jp/dbget-bin/www_bget?ko+K04388">
        <graphics name="K04388" fgcolor="#000000" bgcolor="#FFFFFF"
             type="rectangle" x="1045" y="662" width="46" height="17"/>
    </entry>
    <entry id="51" name="path:map04310" type="map"
        link="http://www.genome.jp/kegg/pathway/map/map04310.html">
        <graphics name="Wnt signaling pathway" fgcolor="#000000" bgcolor="#FFFFFF"
             type="roundrectangle" x="504" y="219" width="111" height="34"/>
    </entry>
    <entry id="52" name="path:map04110" type="map"
        link="http://www.genome.jp/kegg/pathway/map/map04110.html">
        <graphics name="Cell cycle" fgcolor="#000000" bgcolor="#FFFFFF"
             type="roundrectangle" x="1043" y="343" width="111" height="25"/>
    </entry>
    <entry id="53" name="path:map04210" type="map"
        link="http://www.genome.jp/kegg/pathway/map/map04210.html">
        <graphics name="Apoptosis" fgcolor="#000000" bgcolor="#FFFFFF"
             type="roundrectangle" x="732" y="326" width="111" height="25"/>
    </entry>
    <entry id="54" name="path:map04010" type="map"
        link="http://www.genome.jp/kegg/pathway/map/map04010.html">
        <graphics name="MAPK signaling pathway" fgcolor="#000000" bgcolor="#FFFFFF"
             type="roundrectangle" x="703" y="443" width="111" height="34"/>
    </entry>
    <entry id="55" name="path:map04350" type="map"
        link="http://www.genome.jp/kegg/pathway/map/map04350.html">
        <graphics name="TGF-beta signaling pathway" fgcolor="#000000" bgcolor="#FFFFFF"
             type="roundrectangle" x="628" y="580" width="111" height="34"/>
    </entry>
    <entry id="56" name="path:map04210" type="map"
        link="http://www.genome.jp/kegg/pathway/map/map04210.html">
        <graphics name="Apoptosis" fgcolor="#000000" bgcolor="#FFFFFF"
             type="roundrectangle" x="430" y="777" width="111" height="25"/>
    </entry>
    <entry id="57" name="path:map04115" type="map"
        link="http://www.genome.jp/kegg/pathway/map/map04115.html">
        <graphics name="p53 signaling pathway" fgcolor="#000000" bgcolor="#FFFFFF"
             type="roundrectangle" x="761" y="778" width="111" height="34"/>
    </entry>
    <entry id="58" name="ko:K04503" type="ortholog"
        link="http://www.genome.jp/dbget-bin/www_bget?ko+K04503">
        <graphics name="K04503" fgcolor="#000000" bgcolor="#FFFFFF"
             type="rectangle" x="1043" y="413" width="46" height="17"/>
    </entry>
    <entry id="59" name="path:map05210" type="map"
        link="http://www.genome.jp/dbget-bin/get_linkdb?pathway+map05210">
        <graphics name="TITLE:Colorectal cancer" fgcolor="#000000" bgcolor="#FFFFFF"
             type="roundrectangle" x="161" y="52" width="179" height="25"/>
    </entry>
    <entry id="60" name="undefined" type="group">
        <graphics fgcolor="#000000" bgcolor="#FFFFFF"
             type="rectangle" x="443" y="530" width="66" height="54"/>
        <component id="10"/>
        <component id="11"/>
    </entry>
    <entry id="61" name="undefined" type="group">
        <graphics fgcolor="#000000" bgcolor="#FFFFFF"
             type="rectangle" x="297" y="607" width="66" height="54"/>
        <component id="15"/>
        <component id="46"/>
    </entry>
    <relation entry1="41" entry2="38" type="PPrel">
        <subtype name="activation" value="-->"/>
    </relation>
    <relation entry1="42" entry2="38" type="PPrel">
        <subtype name="activation" value="-->"/>
    </relation>
    <relation entry1="19" entry2="9" type="PPrel">
        <subtype name="activation" value="-->"/>
    </relation>
    <relation entry1="9" entry2="43" type="PPrel">
        <subtype name="activation" value="-->"/>
    </relation>
    <relation entry1="19" entry2="20" type="PPrel">
        <subtype name="activation" value="-->"/>
    </relation>
    <relation entry1="19" entry2="24" type="PPrel">
        <subtype name="activation" value="-->"/>
    </relation>
    <relation entry1="24" entry2="25" type="PPrel">
        <subtype name="activation" value="-->"/>
    </relation>
    <relation entry1="25" entry2="21" type="PPrel">
        <subtype name="activation" value="-->"/>
    </relation>
    <relation entry1="38" entry2="26" type="PPrel">
        <subtype name="expression" value="-->"/>
    </relation>
    <relation entry1="38" entry2="27" type="PPrel">
        <subtype name="expression" value="-->"/>
    </relation>
    <relation entry1="38" entry2="28" type="PPrel">
        <subtype name="expression" value="-->"/>
    </relation>
    <relation entry1="32" entry2="58" type="PPrel">
        <subtype name="expression" value="-->"/>
    </relation>
    <relation entry1="33" entry2="58" type="PPrel">
        <subtype name="expression" value="-->"/>
    </relation>
    <relation entry1="34" entry2="58" type="PPrel">
        <subtype name="expression" value="-->"/>
    </relation>
    <relation entry1="6" entry2="5" type="PPrel">
        <subtype name="activation" value="-->"/>
    </relation>
    <relation entry1="43" entry2="40" type="PPrel">
        <subtype name="phosphorylation" value="+p"/>
    </relation>
    <relation entry1="43" entry2="44" type="PPrel">
        <subtype name="phosphorylation" value="+p"/>
    </relation>
    <relation entry1="43" entry2="45" type="PPrel">
        <subtype name="phosphorylation" value="+p"/>
    </relation>
    <relation entry1="20" entry2="30" type="PPrel">
        <subtype name="phosphorylation" value="+p"/>
    </relation>
    <relation entry1="30" entry2="31" type="PPrel">
        <subtype name="phosphorylation" value="+p"/>
    </relation>
    <relation entry1="31" entry2="32" type="PPrel">
        <subtype name="phosphorylation" value="+p"/>
    </relation>
    <relation entry1="31" entry2="33" type="PPrel">
        <subtype name="phosphorylation" value="+p"/>
    </relation>
    <relation entry1="31" entry2="34" type="PPrel">
        <subtype name="phosphorylation" value="+p"/>
    </relation>
    <relation entry1="39" entry2="41" type="PPrel">
        <subtype name="missing" value="-/>"/>
    </relation>
    <relation entry1="40" entry2="42" type="PPrel">
        <subtype name="missing" value="-/>"/>
    </relation>
    <relation entry1="5" entry2="60" type="PPrel">
        <subtype name="missing" value="-/>"/>
    </relation>
    <relation entry1="60" entry2="12" type="PPrel">
        <subtype name="missing" value="-/>"/>
    </relation>
    <relation entry1="61" entry2="14" type="PPrel">
        <subtype name="missing" value="-/>"/>
    </relation>
    <relation entry1="14" entry2="16" type="PPrel">
        <subtype name="binding/association" value="---"/>
    </relation>
    <relation entry1="48" entry2="36" type="PPrel">
        <subtype name="missing" value="-/>"/>
    </relation>
</pathway>
