<?xml version="1.0"?>
<!DOCTYPE pathway SYSTEM "http://www.genome.jp/kegg/xml/KGML_v0.6.1_.dtd">
<!-- Creation date: Feb 14 2009 01:30:07 +0900 (JST) -->
<pathway name="path:map00272" org="map" number="00272"
         title="Cysteine metabolism"
         image="http://www.genome.jp/kegg/pathway/map/map00272.gif"
         link="http://www.genome.jp/dbget-bin/show_pathway?map00272">
    <entry id="1" name="cpd:C01005" type="compound"
        link="http://www.genome.jp/dbget-bin/www_bget?compound+C01005">
        <graphics name="C01005" fgcolor="#000000" bgcolor="#FFFFFF"
             type="circle" x="638" y="279" width="8" height="8"/>
    </entry>
    <entry id="2" name="ko:K10150" type="ortholog" reaction="rn:R00897"
        link="http://www.genome.jp/dbget-bin/www_bget?ko+K10150">
        <graphics name="K10150" fgcolor="#000000" bgcolor="#FFFFFF"
             type="rectangle" x="555" y="216" width="46" height="17"/>
    </entry>
    <entry id="3" name="ko:K10150" type="ortholog" reaction="rn:R07274"
        link="http://www.genome.jp/dbget-bin/www_bget?ko+K10150">
        <graphics name="K10150" fgcolor="#000000" bgcolor="#FFFFFF"
             type="rectangle" x="639" y="323" width="46" height="17"/>
    </entry>
    <entry id="4" name="ko:K01760" type="ortholog" reaction="rn:R02408"
        link="http://www.genome.jp/dbget-bin/www_bget?ko+K01760">
        <graphics name="K01760" fgcolor="#000000" bgcolor="#FFFFFF"
             type="rectangle" x="132" y="240" width="46" height="17"/>
    </entry>
    <entry id="5" name="path:map00770" type="map"
        link="http://www.genome.jp/kegg/pathway/map/map00770.html">
        <graphics name="Pantothenate and CoA biosynthesis" fgcolor="#000000" bgcolor="#FFFFFF"
             type="roundrectangle" x="370" y="227" width="104" height="34"/>
    </entry>
    <entry id="6" name="ko:K01752" type="ortholog" reaction="rn:R00590"
        link="http://www.genome.jp/dbget-bin/www_bget?ko+K01752">
        <graphics name="K01752" fgcolor="#000000" bgcolor="#FFFFFF"
             type="rectangle" x="639" y="67" width="46" height="17"/>
    </entry>
    <entry id="7" name="ko:K00811 ko:K00812 ko:K00813 ko:K11358" type="ortholog" reaction="rn:R02433"
        link="http://www.genome.jp/dbget-bin/www_bget?ko+K00811+K00812+K00813+K11358">
        <graphics name="K00811..." fgcolor="#000000" bgcolor="#FFFFFF"
             type="rectangle" x="730" y="405" width="46" height="17"/>
    </entry>
    <entry id="8" name="ko:K05396" type="ortholog" reaction="rn:R01874"
        link="http://www.genome.jp/dbget-bin/www_bget?ko+K05396">
        <graphics name="K05396" fgcolor="#000000" bgcolor="#FFFFFF"
             type="rectangle" x="317" y="477" width="46" height="17"/>
    </entry>
    <entry id="9" name="ec:5.1.1.10" type="enzyme" reaction="rn:R00903"
        link="http://www.genome.jp/dbget-bin/www_bget?enzyme+5.1.1.10">
        <graphics name="5.1.1.10" fgcolor="#000000" bgcolor="#FFFFFF"
             type="rectangle" x="371" y="420" width="46" height="17"/>
    </entry>
    <entry id="10" name="ec:4.4.1.10" type="enzyme" reaction="rn:R00901"
        link="http://www.genome.jp/dbget-bin/www_bget?enzyme+4.4.1.10">
        <graphics name="4.4.1.10" fgcolor="#000000" bgcolor="#FFFFFF"
             type="rectangle" x="671" y="376" width="46" height="17"/>
    </entry>
    <entry id="11" name="ko:K01883 ko:K01884" type="ortholog" reaction="rn:R03650"
        link="http://www.genome.jp/dbget-bin/www_bget?ko+K01883+K01884">
        <graphics name="K01883..." fgcolor="#000000" bgcolor="#FFFFFF"
             type="rectangle" x="596" y="405" width="46" height="17"/>
    </entry>
    <entry id="12" name="ko:K01758" type="ortholog" reaction="rn:R00782"
        link="http://www.genome.jp/dbget-bin/www_bget?ko+K01758">
        <graphics name="K01758" fgcolor="#000000" bgcolor="#FFFFFF"
             type="rectangle" x="279" y="420" width="46" height="17"/>
    </entry>
    <entry id="13" name="ko:K05395" type="ortholog" reaction="rn:R00892"
        link="http://www.genome.jp/dbget-bin/www_bget?ko+K05395">
        <graphics name="K05395" fgcolor="#000000" bgcolor="#FFFFFF"
             type="rectangle" x="227" y="314" width="46" height="17"/>
    </entry>
    <entry id="14" name="ec:2.6.1.3" type="enzyme" reaction="rn:R00895"
        link="http://www.genome.jp/dbget-bin/www_bget?enzyme+2.6.1.3">
        <graphics name="2.6.1.3" fgcolor="#000000" bgcolor="#FFFFFF"
             type="rectangle" x="193" y="459" width="46" height="17"/>
    </entry>
    <entry id="15" name="ko:K01760" type="ortholog" reaction="rn:R00782"
        link="http://www.genome.jp/dbget-bin/www_bget?ko+K01760">
        <graphics name="K01760" fgcolor="#000000" bgcolor="#FFFFFF"
             type="rectangle" x="229" y="420" width="46" height="17"/>
    </entry>
    <entry id="16" name="ko:K01011" type="ortholog" reaction="rn:R03105"
        link="http://www.genome.jp/dbget-bin/www_bget?ko+K01011">
        <graphics name="K01011" fgcolor="#000000" bgcolor="#FFFFFF"
             type="rectangle" x="219" y="550" width="46" height="17"/>
    </entry>
    <entry id="17" name="path:map00430" type="map"
        link="http://www.genome.jp/kegg/pathway/map/map00430.html">
        <graphics name="Taurine and hypotaurine metabolism" fgcolor="#000000" bgcolor="#FFFFFF"
             type="roundrectangle" x="598" y="551" width="136" height="34"/>
    </entry>
    <entry id="18" name="ko:K09758" type="ortholog" reaction="rn:R00863"
        link="http://www.genome.jp/dbget-bin/www_bget?ko+K09758">
        <graphics name="K09758" fgcolor="#000000" bgcolor="#FFFFFF"
             type="rectangle" x="397" y="591" width="46" height="17"/>
    </entry>
    <entry id="19" name="ko:K00811 ko:K00812 ko:K00813 ko:K11358" type="ortholog" reaction="rn:R02619"
        link="http://www.genome.jp/dbget-bin/www_bget?ko+K00811+K00812+K00813+K11358">
        <graphics name="K00811..." fgcolor="#000000" bgcolor="#FFFFFF"
             type="rectangle" x="397" y="539" width="46" height="17"/>
    </entry>
    <entry id="20" name="ec:1.4.1.-" type="enzyme" reaction="rn:R02618"
        link="http://www.genome.jp/dbget-bin/www_bget?enzyme+1.4.1.-">
        <graphics name="1.4.1.-" fgcolor="#000000" bgcolor="#FFFFFF"
             type="rectangle" x="397" y="560" width="46" height="17"/>
    </entry>
    <entry id="21" name="ec:1.8.4.3" type="enzyme" reaction="rn:R04860"
        link="http://www.genome.jp/dbget-bin/www_bget?enzyme+1.8.4.3">
        <graphics name="1.8.4.3" fgcolor="#000000" bgcolor="#FFFFFF"
             type="rectangle" x="303" y="288" width="46" height="17"/>
    </entry>
    <entry id="22" name="ec:1.8.4.3" type="enzyme" reaction="rn:R02409"
        link="http://www.genome.jp/dbget-bin/www_bget?enzyme+1.8.4.3">
        <graphics name="1.8.4.3" fgcolor="#000000" bgcolor="#FFFFFF"
             type="rectangle" x="227" y="187" width="46" height="17"/>
    </entry>
    <entry id="23" name="ko:K00456" type="ortholog" reaction="rn:R00893"
        link="http://www.genome.jp/dbget-bin/www_bget?ko+K00456">
        <graphics name="K00456" fgcolor="#000000" bgcolor="#FFFFFF"
             type="rectangle" x="463" y="459" width="46" height="17"/>
    </entry>
    <entry id="24" name="ko:K01738" type="ortholog" reaction="rn:R04859"
        link="http://www.genome.jp/dbget-bin/www_bget?ko+K01738">
        <graphics name="K01738" fgcolor="#000000" bgcolor="#FFFFFF"
             type="rectangle" x="614" y="239" width="46" height="17"/>
    </entry>
    <entry id="25" name="ko:K01740" type="ortholog" reaction="rn:R04859"
        link="http://www.genome.jp/dbget-bin/www_bget?ko+K01740">
        <graphics name="K01740" fgcolor="#000000" bgcolor="#FFFFFF"
             type="rectangle" x="564" y="239" width="46" height="17"/>
    </entry>
    <entry id="26" name="ko:K01738" type="ortholog" reaction="rn:R00897"
        link="http://www.genome.jp/dbget-bin/www_bget?ko+K01738">
        <graphics name="K01738" fgcolor="#000000" bgcolor="#FFFFFF"
             type="rectangle" x="505" y="216" width="46" height="17"/>
    </entry>
    <entry id="27" name="ko:K01738" type="ortholog" reaction="rn:R03132"
        link="http://www.genome.jp/dbget-bin/www_bget?ko+K01738">
        <graphics name="K01738" fgcolor="#000000" bgcolor="#FFFFFF"
             type="rectangle" x="410" y="151" width="46" height="17"/>
    </entry>
    <entry id="28" name="ko:K01739" type="ortholog" reaction="rn:R03132"
        link="http://www.genome.jp/dbget-bin/www_bget?ko+K01739">
        <graphics name="K01739" fgcolor="#000000" bgcolor="#FFFFFF"
             type="rectangle" x="410" y="130" width="46" height="17"/>
    </entry>
    <entry id="29" name="path:map00260" type="map"
        link="http://www.genome.jp/kegg/pathway/map/map00260.html">
        <graphics name="Glycine, serine and threonine metabolism" fgcolor="#000000" bgcolor="#FFFFFF"
             type="roundrectangle" x="378" y="189" width="122" height="34"/>
    </entry>
    <entry id="30" name="ko:K00640" type="ortholog" reaction="rn:R00586"
        link="http://www.genome.jp/dbget-bin/www_bget?ko+K00640">
        <graphics name="K00640" fgcolor="#000000" bgcolor="#FFFFFF"
             type="rectangle" x="531" y="104" width="46" height="17"/>
    </entry>
    <entry id="31" name="path:map00272" type="map"
        link="http://www.genome.jp/dbget-bin/get_linkdb?pathway+map00272">
        <graphics name="TITLE:Cysteine metabolism" fgcolor="#000000" bgcolor="#FFFFFF"
             type="roundrectangle" x="156" y="67" width="192" height="25"/>
    </entry>
    <entry id="32" name="path:map00271" type="map"
        link="http://www.genome.jp/kegg/pathway/map/map00271.html">
        <graphics name="Methionine metabolism" fgcolor="#000000" bgcolor="#FFFFFF"
             type="roundrectangle" x="596" y="486" width="133" height="25"/>
    </entry>
    <entry id="33" name="path:map00480" type="map"
        link="http://www.genome.jp/kegg/pathway/map/map00480.html">
        <graphics name="Glutathione metabolism" fgcolor="#000000" bgcolor="#FFFFFF"
             type="roundrectangle" x="596" y="515" width="133" height="25"/>
    </entry>
    <entry id="34" name="ec:1.8.1.10" type="enzyme" reaction="rn:R00900"
        link="http://www.genome.jp/dbget-bin/www_bget?enzyme+1.8.1.10">
        <graphics name="1.8.1.10" fgcolor="#000000" bgcolor="#FFFFFF"
             type="rectangle" x="411" y="312" width="46" height="17"/>
    </entry>
    <entry id="35" name="ko:K00811 ko:K00812 ko:K00813 ko:K11358" type="ortholog" reaction="rn:R00896"
        link="http://www.genome.jp/dbget-bin/www_bget?ko+K00811+K00812+K00813+K11358">
        <graphics name="K00811..." fgcolor="#000000" bgcolor="#FFFFFF"
             type="rectangle" x="143" y="459" width="46" height="17"/>
    </entry>
    <entry id="36" name="ko:K00016" type="ortholog" reaction="rn:R03104"
        link="http://www.genome.jp/dbget-bin/www_bget?ko+K00016">
        <graphics name="K00016" fgcolor="#000000" bgcolor="#FFFFFF"
             type="rectangle" x="129" y="550" width="46" height="17"/>
    </entry>
    <entry id="37" name="ko:K01758" type="ortholog" reaction="rn:R02408"
        link="http://www.genome.jp/dbget-bin/www_bget?ko+K01758">
        <graphics name="K01758" fgcolor="#000000" bgcolor="#FFFFFF"
             type="rectangle" x="182" y="240" width="46" height="17"/>
    </entry>
    <entry id="38" name="ec:1.8.4.4" type="enzyme" reaction="rn:R01113"
        link="http://www.genome.jp/dbget-bin/www_bget?enzyme+1.8.4.4">
        <graphics name="1.8.4.4" fgcolor="#000000" bgcolor="#FFFFFF"
             type="rectangle" x="129" y="314" width="46" height="17"/>
    </entry>
    <entry id="39" name="cpd:C00097" type="compound"
        link="http://www.genome.jp/dbget-bin/www_bget?compound+C00097">
        <graphics name="C00097" fgcolor="#000000" bgcolor="#FFFFFF"
             type="circle" x="196" y="157" width="8" height="8"/>
    </entry>
    <entry id="40" name="cpd:C00320" type="compound"
        link="http://www.genome.jp/dbget-bin/www_bget?compound+C00320">
        <graphics name="C00320" fgcolor="#000000" bgcolor="#FFFFFF"
             type="circle" x="454" y="115" width="8" height="8"/>
    </entry>
    <entry id="41" name="cpd:C00065" type="compound"
        link="http://www.genome.jp/dbget-bin/www_bget?compound+C00065">
        <graphics name="C00065" fgcolor="#000000" bgcolor="#FFFFFF"
             type="circle" x="530" y="67" width="8" height="8"/>
    </entry>
    <entry id="42" name="cpd:C02218" type="compound"
        link="http://www.genome.jp/dbget-bin/www_bget?compound+C02218">
        <graphics name="C02218" fgcolor="#000000" bgcolor="#FFFFFF"
             type="circle" x="717" y="67" width="8" height="8"/>
    </entry>
    <entry id="43" name="cpd:C00506" type="compound"
        link="http://www.genome.jp/dbget-bin/www_bget?compound+C00506">
        <graphics name="C00506" fgcolor="#000000" bgcolor="#FFFFFF"
             type="circle" x="730" y="376" width="8" height="8"/>
    </entry>
    <entry id="44" name="cpd:C05528" type="compound"
        link="http://www.genome.jp/dbget-bin/www_bget?compound+C05528">
        <graphics name="C05528" fgcolor="#000000" bgcolor="#FFFFFF"
             type="circle" x="730" y="436" width="8" height="8"/>
    </entry>
    <entry id="45" name="cpd:C00283" type="compound"
        link="http://www.genome.jp/dbget-bin/www_bget?compound+C00283">
        <graphics name="C00283" fgcolor="#000000" bgcolor="#FFFFFF"
             type="circle" x="274" y="449" width="8" height="8"/>
    </entry>
    <entry id="46" name="cpd:C00793" type="compound"
        link="http://www.genome.jp/dbget-bin/www_bget?compound+C00793">
        <graphics name="C00793" fgcolor="#000000" bgcolor="#FFFFFF"
             type="circle" x="370" y="477" width="8" height="8"/>
    </entry>
    <entry id="47" name="cpd:C03125" type="compound"
        link="http://www.genome.jp/dbget-bin/www_bget?compound+C03125">
        <graphics name="C03125" fgcolor="#000000" bgcolor="#FFFFFF"
             type="circle" x="595" y="435" width="8" height="8"/>
    </entry>
    <entry id="48" name="cpd:C00097" type="compound"
        link="http://www.genome.jp/dbget-bin/www_bget?compound+C00097">
        <graphics name="C00097" fgcolor="#000000" bgcolor="#FFFFFF"
             type="circle" x="463" y="364" width="8" height="8"/>
    </entry>
    <entry id="49" name="cpd:C00979" type="compound"
        link="http://www.genome.jp/dbget-bin/www_bget?compound+C00979">
        <graphics name="C00979" fgcolor="#000000" bgcolor="#FFFFFF"
             type="circle" x="530" y="141" width="8" height="8"/>
    </entry>
    <entry id="50" name="cpd:C00283" type="compound"
        link="http://www.genome.jp/dbget-bin/www_bget?compound+C00283">
        <graphics name="C00283" fgcolor="#000000" bgcolor="#FFFFFF"
             type="circle" x="507" y="192" width="8" height="8"/>
    </entry>
    <entry id="51" name="cpd:C00606" type="compound"
        link="http://www.genome.jp/dbget-bin/www_bget?compound+C00606">
        <graphics name="C00606" fgcolor="#000000" bgcolor="#FFFFFF"
             type="circle" x="463" y="550" width="8" height="8"/>
    </entry>
    <entry id="52" name="cpd:C00041" type="compound"
        link="http://www.genome.jp/dbget-bin/www_bget?compound+C00041">
        <graphics name="C00041" fgcolor="#000000" bgcolor="#FFFFFF"
             type="circle" x="356" y="619" width="8" height="8"/>
    </entry>
    <entry id="53" name="cpd:C09306" type="compound"
        link="http://www.genome.jp/dbget-bin/www_bget?compound+C09306">
        <graphics name="C09306" fgcolor="#000000" bgcolor="#FFFFFF"
             type="circle" x="327" y="591" width="8" height="8"/>
    </entry>
    <entry id="54" name="cpd:C05527" type="compound"
        link="http://www.genome.jp/dbget-bin/www_bget?compound+C05527">
        <graphics name="C05527" fgcolor="#000000" bgcolor="#FFFFFF"
             type="circle" x="327" y="550" width="8" height="8"/>
    </entry>
    <entry id="55" name="cpd:C00022" type="compound"
        link="http://www.genome.jp/dbget-bin/www_bget?compound+C00022">
        <graphics name="C00022" fgcolor="#000000" bgcolor="#FFFFFF"
             type="circle" x="257" y="550" width="8" height="8"/>
    </entry>
    <entry id="56" name="cpd:C00491" type="compound"
        link="http://www.genome.jp/dbget-bin/www_bget?compound+C00491">
        <graphics name="C00491" fgcolor="#000000" bgcolor="#FFFFFF"
             type="circle" x="226" y="266" width="8" height="8"/>
    </entry>
    <entry id="57" name="cpd:C00059" type="compound"
        link="http://www.genome.jp/dbget-bin/www_bget?compound+C00059">
        <graphics name="C00059" fgcolor="#000000" bgcolor="#FFFFFF"
             type="circle" x="257" y="214" width="8" height="8"/>
    </entry>
    <entry id="58" name="cpd:C00059" type="compound"
        link="http://www.genome.jp/dbget-bin/www_bget?compound+C00059">
        <graphics name="C00059" fgcolor="#000000" bgcolor="#FFFFFF"
             type="circle" x="275" y="312" width="8" height="8"/>
    </entry>
    <entry id="59" name="cpd:C05526" type="compound"
        link="http://www.genome.jp/dbget-bin/www_bget?compound+C05526">
        <graphics name="C05526" fgcolor="#000000" bgcolor="#FFFFFF"
             type="circle" x="361" y="312" width="8" height="8"/>
    </entry>
    <entry id="60" name="cpd:C00051" type="compound"
        link="http://www.genome.jp/dbget-bin/www_bget?compound+C00051">
        <graphics name="C00051" fgcolor="#000000" bgcolor="#FFFFFF"
             type="circle" x="360" y="263" width="8" height="8"/>
    </entry>
    <entry id="61" name="cpd:C01962" type="compound"
        link="http://www.genome.jp/dbget-bin/www_bget?compound+C01962">
        <graphics name="C01962" fgcolor="#000000" bgcolor="#FFFFFF"
             type="circle" x="157" y="204" width="8" height="8"/>
    </entry>
    <entry id="62" name="cpd:C00957" type="compound"
        link="http://www.genome.jp/dbget-bin/www_bget?compound+C00957">
        <graphics name="C00957" fgcolor="#000000" bgcolor="#FFFFFF"
             type="circle" x="168" y="550" width="8" height="8"/>
    </entry>
    <entry id="63" name="cpd:C05824" type="compound"
        link="http://www.genome.jp/dbget-bin/www_bget?compound+C05824">
        <graphics name="C05824" fgcolor="#000000" bgcolor="#FFFFFF"
             type="circle" x="302" y="141" width="8" height="8"/>
    </entry>
    <entry id="64" name="cpd:C05823" type="compound"
        link="http://www.genome.jp/dbget-bin/www_bget?compound+C05823">
        <graphics name="C05823" fgcolor="#000000" bgcolor="#FFFFFF"
             type="circle" x="80" y="550" width="8" height="8"/>
    </entry>
    <entry id="98" name="ko:K05884" type="ortholog" reaction="rn:R08590"
        link="http://www.genome.jp/dbget-bin/www_bget?ko+K05884">
        <graphics name="K05884" fgcolor="#000000" bgcolor="#FFFFFF"
             type="rectangle" x="730" y="468" width="46" height="17"/>
    </entry>
    <entry id="99" name="cpd:C16069" type="compound"
        link="http://www.genome.jp/dbget-bin/www_bget?compound+C16069">
        <graphics name="C16069" fgcolor="#000000" bgcolor="#FFFFFF"
             type="circle" x="730" y="501" width="8" height="8"/>
    </entry>
    <entry id="102" name="ec:4.4.1.24" type="enzyme" reaction="rn:R07633"
        link="http://www.genome.jp/dbget-bin/www_bget?enzyme+4.4.1.24">
        <graphics name="4.4.1.24" fgcolor="#000000" bgcolor="#FFFFFF"
             type="rectangle" x="730" y="525" width="46" height="17"/>
    </entry>
    <entry id="103" name="cpd:C11481" type="compound"
        link="http://www.genome.jp/dbget-bin/www_bget?compound+C11481">
        <graphics name="C11481" fgcolor="#000000" bgcolor="#FFFFFF"
             type="circle" x="772" y="543" width="8" height="8"/>
    </entry>
    <entry id="104" name="cpd:C00022" type="compound"
        link="http://www.genome.jp/dbget-bin/www_bget?compound+C00022">
        <graphics name="C00022" fgcolor="#000000" bgcolor="#FFFFFF"
             type="circle" x="730" y="571" width="8" height="8"/>
    </entry>
    <entry id="106" name="ec:4.4.1.25" type="enzyme" reaction="rn:R07634"
        link="http://www.genome.jp/dbget-bin/www_bget?enzyme+4.4.1.25">
        <graphics name="4.4.1.25" fgcolor="#000000" bgcolor="#FFFFFF"
             type="rectangle" x="812" y="479" width="46" height="17"/>
    </entry>
    <entry id="108" name="path:map00430" type="map"
        link="http://www.genome.jp/kegg/pathway/map/map00430.html">
        <graphics name="Taurine and hypotaurine metabolism" fgcolor="#000000" bgcolor="#FFFFFF"
             type="roundrectangle" x="734" y="301" width="136" height="34"/>
    </entry>
    <relation entry1="4" entry2="38" type="ECrel">
        <subtype name="compound" value="56"/>
    </relation>
    <relation entry1="4" entry2="13" type="ECrel">
        <subtype name="compound" value="56"/>
    </relation>
    <relation entry1="4" entry2="22" type="ECrel">
        <subtype name="compound" value="56"/>
    </relation>
    <relation entry1="37" entry2="38" type="ECrel">
        <subtype name="compound" value="56"/>
    </relation>
    <relation entry1="13" entry2="37" type="ECrel">
        <subtype name="compound" value="56"/>
    </relation>
    <relation entry1="22" entry2="37" type="ECrel">
        <subtype name="compound" value="56"/>
    </relation>
    <relation entry1="22" entry2="38" type="ECrel">
        <subtype name="compound" value="56"/>
    </relation>
    <relation entry1="13" entry2="22" type="ECrel">
        <subtype name="compound" value="56"/>
    </relation>
    <relation entry1="21" entry2="34" type="ECrel">
        <subtype name="compound" value="59"/>
    </relation>
    <relation entry1="21" entry2="34" type="ECrel">
        <subtype name="compound" value="60"/>
    </relation>
    <relation entry1="22" entry2="28" type="ECrel">
        <subtype name="compound" value="63"/>
    </relation>
    <relation entry1="22" entry2="27" type="ECrel">
        <subtype name="compound" value="63"/>
    </relation>
    <relation entry1="21" entry2="28" type="ECrel">
        <subtype name="compound" value="63"/>
    </relation>
    <relation entry1="21" entry2="27" type="ECrel">
        <subtype name="compound" value="63"/>
    </relation>
    <relation entry1="28" entry2="30" type="ECrel">
        <subtype name="compound" value="49"/>
    </relation>
    <relation entry1="27" entry2="30" type="ECrel">
        <subtype name="compound" value="49"/>
    </relation>
    <relation entry1="26" entry2="30" type="ECrel">
        <subtype name="compound" value="49"/>
    </relation>
    <relation entry1="2" entry2="30" type="ECrel">
        <subtype name="compound" value="49"/>
    </relation>
    <relation entry1="25" entry2="30" type="ECrel">
        <subtype name="compound" value="49"/>
    </relation>
    <relation entry1="24" entry2="30" type="ECrel">
        <subtype name="compound" value="49"/>
    </relation>
    <relation entry1="26" entry2="28" type="ECrel">
        <subtype name="compound" value="49"/>
    </relation>
    <relation entry1="2" entry2="28" type="ECrel">
        <subtype name="compound" value="49"/>
    </relation>
    <relation entry1="25" entry2="28" type="ECrel">
        <subtype name="compound" value="49"/>
    </relation>
    <relation entry1="24" entry2="28" type="ECrel">
        <subtype name="compound" value="49"/>
    </relation>
    <relation entry1="2" entry2="27" type="ECrel">
        <subtype name="compound" value="49"/>
    </relation>
    <relation entry1="25" entry2="27" type="ECrel">
        <subtype name="compound" value="49"/>
    </relation>
    <relation entry1="6" entry2="30" type="ECrel">
        <subtype name="compound" value="41"/>
    </relation>
    <relation entry1="7" entry2="10" type="ECrel">
        <subtype name="compound" value="43"/>
    </relation>
    <relation entry1="16" entry2="36" type="ECrel">
        <subtype name="compound" value="62"/>
    </relation>
    <relation entry1="35" entry2="36" type="ECrel">
        <subtype name="compound" value="62"/>
    </relation>
    <relation entry1="14" entry2="36" type="ECrel">
        <subtype name="compound" value="62"/>
    </relation>
    <relation entry1="16" entry2="35" type="ECrel">
        <subtype name="compound" value="62"/>
    </relation>
    <relation entry1="14" entry2="16" type="ECrel">
        <subtype name="compound" value="62"/>
    </relation>
    <relation entry1="15" entry2="16" type="ECrel">
        <subtype name="compound" value="55"/>
    </relation>
    <relation entry1="12" entry2="16" type="ECrel">
        <subtype name="compound" value="55"/>
    </relation>
    <relation entry1="8" entry2="16" type="ECrel">
        <subtype name="compound" value="55"/>
    </relation>
    <relation entry1="8" entry2="15" type="ECrel">
        <subtype name="compound" value="55"/>
    </relation>
    <relation entry1="8" entry2="12" type="ECrel">
        <subtype name="compound" value="55"/>
    </relation>
    <relation entry1="8" entry2="9" type="ECrel">
        <subtype name="compound" value="46"/>
    </relation>
    <relation entry1="18" entry2="19" type="ECrel">
        <subtype name="compound" value="51"/>
    </relation>
    <relation entry1="19" entry2="23" type="ECrel">
        <subtype name="compound" value="51"/>
    </relation>
    <relation entry1="18" entry2="20" type="ECrel">
        <subtype name="compound" value="51"/>
    </relation>
    <relation entry1="20" entry2="23" type="ECrel">
        <subtype name="compound" value="51"/>
    </relation>
    <relation entry1="18" entry2="23" type="ECrel">
        <subtype name="compound" value="51"/>
    </relation>
    <relation entry1="13" entry2="34" type="ECrel">
        <subtype name="compound" value="48"/>
    </relation>
    <relation entry1="34" entry2="38" type="ECrel">
        <subtype name="compound" value="48"/>
    </relation>
    <relation entry1="34" entry2="35" type="ECrel">
        <subtype name="compound" value="48"/>
    </relation>
    <relation entry1="14" entry2="34" type="ECrel">
        <subtype name="compound" value="48"/>
    </relation>
    <relation entry1="15" entry2="34" type="ECrel">
        <subtype name="compound" value="48"/>
    </relation>
    <relation entry1="12" entry2="34" type="ECrel">
        <subtype name="compound" value="48"/>
    </relation>
    <relation entry1="9" entry2="34" type="ECrel">
        <subtype name="compound" value="48"/>
    </relation>
    <relation entry1="23" entry2="34" type="ECrel">
        <subtype name="compound" value="48"/>
    </relation>
    <relation entry1="11" entry2="34" type="ECrel">
        <subtype name="compound" value="48"/>
    </relation>
    <relation entry1="10" entry2="34" type="ECrel">
        <subtype name="compound" value="48"/>
    </relation>
    <relation entry1="3" entry2="34" type="ECrel">
        <subtype name="compound" value="48"/>
    </relation>
    <relation entry1="24" entry2="34" type="ECrel">
        <subtype name="compound" value="48"/>
    </relation>
    <relation entry1="25" entry2="34" type="ECrel">
        <subtype name="compound" value="48"/>
    </relation>
    <relation entry1="2" entry2="34" type="ECrel">
        <subtype name="compound" value="48"/>
    </relation>
    <relation entry1="26" entry2="34" type="ECrel">
        <subtype name="compound" value="48"/>
    </relation>
    <relation entry1="13" entry2="35" type="ECrel">
        <subtype name="compound" value="48"/>
    </relation>
    <relation entry1="13" entry2="14" type="ECrel">
        <subtype name="compound" value="48"/>
    </relation>
    <relation entry1="13" entry2="15" type="ECrel">
        <subtype name="compound" value="48"/>
    </relation>
    <relation entry1="12" entry2="13" type="ECrel">
        <subtype name="compound" value="48"/>
    </relation>
    <relation entry1="9" entry2="13" type="ECrel">
        <subtype name="compound" value="48"/>
    </relation>
    <relation entry1="13" entry2="23" type="ECrel">
        <subtype name="compound" value="48"/>
    </relation>
    <relation entry1="11" entry2="13" type="ECrel">
        <subtype name="compound" value="48"/>
    </relation>
    <relation entry1="10" entry2="13" type="ECrel">
        <subtype name="compound" value="48"/>
    </relation>
    <relation entry1="3" entry2="13" type="ECrel">
        <subtype name="compound" value="48"/>
    </relation>
    <relation entry1="13" entry2="24" type="ECrel">
        <subtype name="compound" value="48"/>
    </relation>
    <relation entry1="13" entry2="25" type="ECrel">
        <subtype name="compound" value="48"/>
    </relation>
    <relation entry1="2" entry2="13" type="ECrel">
        <subtype name="compound" value="48"/>
    </relation>
    <relation entry1="13" entry2="26" type="ECrel">
        <subtype name="compound" value="48"/>
    </relation>
    <relation entry1="35" entry2="38" type="ECrel">
        <subtype name="compound" value="48"/>
    </relation>
    <relation entry1="14" entry2="38" type="ECrel">
        <subtype name="compound" value="48"/>
    </relation>
    <relation entry1="15" entry2="38" type="ECrel">
        <subtype name="compound" value="48"/>
    </relation>
    <relation entry1="12" entry2="38" type="ECrel">
        <subtype name="compound" value="48"/>
    </relation>
    <relation entry1="9" entry2="38" type="ECrel">
        <subtype name="compound" value="48"/>
    </relation>
    <relation entry1="23" entry2="38" type="ECrel">
        <subtype name="compound" value="48"/>
    </relation>
    <relation entry1="11" entry2="38" type="ECrel">
        <subtype name="compound" value="48"/>
    </relation>
    <relation entry1="10" entry2="38" type="ECrel">
        <subtype name="compound" value="48"/>
    </relation>
    <relation entry1="3" entry2="38" type="ECrel">
        <subtype name="compound" value="48"/>
    </relation>
    <relation entry1="24" entry2="38" type="ECrel">
        <subtype name="compound" value="48"/>
    </relation>
    <relation entry1="25" entry2="38" type="ECrel">
        <subtype name="compound" value="48"/>
    </relation>
    <relation entry1="2" entry2="38" type="ECrel">
        <subtype name="compound" value="48"/>
    </relation>
    <relation entry1="26" entry2="38" type="ECrel">
        <subtype name="compound" value="48"/>
    </relation>
    <relation entry1="15" entry2="35" type="ECrel">
        <subtype name="compound" value="48"/>
    </relation>
    <relation entry1="12" entry2="35" type="ECrel">
        <subtype name="compound" value="48"/>
    </relation>
    <relation entry1="9" entry2="35" type="ECrel">
        <subtype name="compound" value="48"/>
    </relation>
    <relation entry1="23" entry2="35" type="ECrel">
        <subtype name="compound" value="48"/>
    </relation>
    <relation entry1="11" entry2="35" type="ECrel">
        <subtype name="compound" value="48"/>
    </relation>
    <relation entry1="10" entry2="35" type="ECrel">
        <subtype name="compound" value="48"/>
    </relation>
    <relation entry1="3" entry2="35" type="ECrel">
        <subtype name="compound" value="48"/>
    </relation>
    <relation entry1="24" entry2="35" type="ECrel">
        <subtype name="compound" value="48"/>
    </relation>
    <relation entry1="25" entry2="35" type="ECrel">
        <subtype name="compound" value="48"/>
    </relation>
    <relation entry1="2" entry2="35" type="ECrel">
        <subtype name="compound" value="48"/>
    </relation>
    <relation entry1="26" entry2="35" type="ECrel">
        <subtype name="compound" value="48"/>
    </relation>
    <relation entry1="14" entry2="15" type="ECrel">
        <subtype name="compound" value="48"/>
    </relation>
    <relation entry1="12" entry2="14" type="ECrel">
        <subtype name="compound" value="48"/>
    </relation>
    <relation entry1="9" entry2="14" type="ECrel">
        <subtype name="compound" value="48"/>
    </relation>
    <relation entry1="14" entry2="23" type="ECrel">
        <subtype name="compound" value="48"/>
    </relation>
    <relation entry1="11" entry2="14" type="ECrel">
        <subtype name="compound" value="48"/>
    </relation>
    <relation entry1="10" entry2="14" type="ECrel">
        <subtype name="compound" value="48"/>
    </relation>
    <relation entry1="3" entry2="14" type="ECrel">
        <subtype name="compound" value="48"/>
    </relation>
    <relation entry1="14" entry2="24" type="ECrel">
        <subtype name="compound" value="48"/>
    </relation>
    <relation entry1="14" entry2="25" type="ECrel">
        <subtype name="compound" value="48"/>
    </relation>
    <relation entry1="2" entry2="14" type="ECrel">
        <subtype name="compound" value="48"/>
    </relation>
    <relation entry1="14" entry2="26" type="ECrel">
        <subtype name="compound" value="48"/>
    </relation>
    <relation entry1="9" entry2="15" type="ECrel">
        <subtype name="compound" value="48"/>
    </relation>
    <relation entry1="15" entry2="23" type="ECrel">
        <subtype name="compound" value="48"/>
    </relation>
    <relation entry1="11" entry2="15" type="ECrel">
        <subtype name="compound" value="48"/>
    </relation>
    <relation entry1="10" entry2="15" type="ECrel">
        <subtype name="compound" value="48"/>
    </relation>
    <relation entry1="3" entry2="15" type="ECrel">
        <subtype name="compound" value="48"/>
    </relation>
    <relation entry1="15" entry2="24" type="ECrel">
        <subtype name="compound" value="48"/>
    </relation>
    <relation entry1="15" entry2="25" type="ECrel">
        <subtype name="compound" value="48"/>
    </relation>
    <relation entry1="2" entry2="15" type="ECrel">
        <subtype name="compound" value="48"/>
    </relation>
    <relation entry1="15" entry2="26" type="ECrel">
        <subtype name="compound" value="48"/>
    </relation>
    <relation entry1="9" entry2="12" type="ECrel">
        <subtype name="compound" value="48"/>
    </relation>
    <relation entry1="12" entry2="23" type="ECrel">
        <subtype name="compound" value="48"/>
    </relation>
    <relation entry1="11" entry2="12" type="ECrel">
        <subtype name="compound" value="48"/>
    </relation>
    <relation entry1="10" entry2="12" type="ECrel">
        <subtype name="compound" value="48"/>
    </relation>
    <relation entry1="3" entry2="12" type="ECrel">
        <subtype name="compound" value="48"/>
    </relation>
    <relation entry1="12" entry2="24" type="ECrel">
        <subtype name="compound" value="48"/>
    </relation>
    <relation entry1="12" entry2="25" type="ECrel">
        <subtype name="compound" value="48"/>
    </relation>
    <relation entry1="2" entry2="12" type="ECrel">
        <subtype name="compound" value="48"/>
    </relation>
    <relation entry1="12" entry2="26" type="ECrel">
        <subtype name="compound" value="48"/>
    </relation>
    <relation entry1="9" entry2="23" type="ECrel">
        <subtype name="compound" value="48"/>
    </relation>
    <relation entry1="9" entry2="11" type="ECrel">
        <subtype name="compound" value="48"/>
    </relation>
    <relation entry1="9" entry2="10" type="ECrel">
        <subtype name="compound" value="48"/>
    </relation>
    <relation entry1="3" entry2="9" type="ECrel">
        <subtype name="compound" value="48"/>
    </relation>
    <relation entry1="9" entry2="24" type="ECrel">
        <subtype name="compound" value="48"/>
    </relation>
    <relation entry1="9" entry2="25" type="ECrel">
        <subtype name="compound" value="48"/>
    </relation>
    <relation entry1="2" entry2="9" type="ECrel">
        <subtype name="compound" value="48"/>
    </relation>
    <relation entry1="9" entry2="26" type="ECrel">
        <subtype name="compound" value="48"/>
    </relation>
    <relation entry1="11" entry2="23" type="ECrel">
        <subtype name="compound" value="48"/>
    </relation>
    <relation entry1="10" entry2="23" type="ECrel">
        <subtype name="compound" value="48"/>
    </relation>
    <relation entry1="3" entry2="23" type="ECrel">
        <subtype name="compound" value="48"/>
    </relation>
    <relation entry1="23" entry2="24" type="ECrel">
        <subtype name="compound" value="48"/>
    </relation>
    <relation entry1="23" entry2="25" type="ECrel">
        <subtype name="compound" value="48"/>
    </relation>
    <relation entry1="2" entry2="23" type="ECrel">
        <subtype name="compound" value="48"/>
    </relation>
    <relation entry1="23" entry2="26" type="ECrel">
        <subtype name="compound" value="48"/>
    </relation>
    <relation entry1="10" entry2="11" type="ECrel">
        <subtype name="compound" value="48"/>
    </relation>
    <relation entry1="3" entry2="11" type="ECrel">
        <subtype name="compound" value="48"/>
    </relation>
    <relation entry1="11" entry2="24" type="ECrel">
        <subtype name="compound" value="48"/>
    </relation>
    <relation entry1="11" entry2="25" type="ECrel">
        <subtype name="compound" value="48"/>
    </relation>
    <relation entry1="2" entry2="11" type="ECrel">
        <subtype name="compound" value="48"/>
    </relation>
    <relation entry1="11" entry2="26" type="ECrel">
        <subtype name="compound" value="48"/>
    </relation>
    <relation entry1="3" entry2="10" type="ECrel">
        <subtype name="compound" value="48"/>
    </relation>
    <relation entry1="10" entry2="24" type="ECrel">
        <subtype name="compound" value="48"/>
    </relation>
    <relation entry1="10" entry2="25" type="ECrel">
        <subtype name="compound" value="48"/>
    </relation>
    <relation entry1="2" entry2="10" type="ECrel">
        <subtype name="compound" value="48"/>
    </relation>
    <relation entry1="10" entry2="26" type="ECrel">
        <subtype name="compound" value="48"/>
    </relation>
    <relation entry1="3" entry2="24" type="ECrel">
        <subtype name="compound" value="48"/>
    </relation>
    <relation entry1="3" entry2="25" type="ECrel">
        <subtype name="compound" value="48"/>
    </relation>
    <relation entry1="3" entry2="26" type="ECrel">
        <subtype name="compound" value="48"/>
    </relation>
    <relation entry1="19" entry2="17" type="maplink">
        <subtype name="compound" value="51"/>
    </relation>
    <relation entry1="20" entry2="17" type="maplink">
        <subtype name="compound" value="51"/>
    </relation>
    <relation entry1="18" entry2="17" type="maplink">
        <subtype name="compound" value="51"/>
    </relation>
    <relation entry1="23" entry2="17" type="maplink">
        <subtype name="compound" value="51"/>
    </relation>
    <relation entry1="34" entry2="29" type="maplink">
        <subtype name="compound" value="48"/>
    </relation>
    <relation entry1="34" entry2="5" type="maplink">
        <subtype name="compound" value="48"/>
    </relation>
    <relation entry1="34" entry2="32" type="maplink">
        <subtype name="compound" value="48"/>
    </relation>
    <relation entry1="34" entry2="33" type="maplink">
        <subtype name="compound" value="48"/>
    </relation>
    <relation entry1="13" entry2="29" type="maplink">
        <subtype name="compound" value="48"/>
    </relation>
    <relation entry1="13" entry2="5" type="maplink">
        <subtype name="compound" value="48"/>
    </relation>
    <relation entry1="13" entry2="32" type="maplink">
        <subtype name="compound" value="48"/>
    </relation>
    <relation entry1="13" entry2="33" type="maplink">
        <subtype name="compound" value="48"/>
    </relation>
    <relation entry1="38" entry2="29" type="maplink">
        <subtype name="compound" value="48"/>
    </relation>
    <relation entry1="38" entry2="5" type="maplink">
        <subtype name="compound" value="48"/>
    </relation>
    <relation entry1="38" entry2="32" type="maplink">
        <subtype name="compound" value="48"/>
    </relation>
    <relation entry1="38" entry2="33" type="maplink">
        <subtype name="compound" value="48"/>
    </relation>
    <relation entry1="35" entry2="29" type="maplink">
        <subtype name="compound" value="48"/>
    </relation>
    <relation entry1="35" entry2="5" type="maplink">
        <subtype name="compound" value="48"/>
    </relation>
    <relation entry1="35" entry2="32" type="maplink">
        <subtype name="compound" value="48"/>
    </relation>
    <relation entry1="35" entry2="33" type="maplink">
        <subtype name="compound" value="48"/>
    </relation>
    <relation entry1="14" entry2="29" type="maplink">
        <subtype name="compound" value="48"/>
    </relation>
    <relation entry1="14" entry2="5" type="maplink">
        <subtype name="compound" value="48"/>
    </relation>
    <relation entry1="14" entry2="32" type="maplink">
        <subtype name="compound" value="48"/>
    </relation>
    <relation entry1="14" entry2="33" type="maplink">
        <subtype name="compound" value="48"/>
    </relation>
    <relation entry1="15" entry2="29" type="maplink">
        <subtype name="compound" value="48"/>
    </relation>
    <relation entry1="15" entry2="5" type="maplink">
        <subtype name="compound" value="48"/>
    </relation>
    <relation entry1="15" entry2="32" type="maplink">
        <subtype name="compound" value="48"/>
    </relation>
    <relation entry1="15" entry2="33" type="maplink">
        <subtype name="compound" value="48"/>
    </relation>
    <relation entry1="12" entry2="29" type="maplink">
        <subtype name="compound" value="48"/>
    </relation>
    <relation entry1="12" entry2="5" type="maplink">
        <subtype name="compound" value="48"/>
    </relation>
    <relation entry1="12" entry2="32" type="maplink">
        <subtype name="compound" value="48"/>
    </relation>
    <relation entry1="12" entry2="33" type="maplink">
        <subtype name="compound" value="48"/>
    </relation>
    <relation entry1="9" entry2="29" type="maplink">
        <subtype name="compound" value="48"/>
    </relation>
    <relation entry1="9" entry2="5" type="maplink">
        <subtype name="compound" value="48"/>
    </relation>
    <relation entry1="9" entry2="32" type="maplink">
        <subtype name="compound" value="48"/>
    </relation>
    <relation entry1="9" entry2="33" type="maplink">
        <subtype name="compound" value="48"/>
    </relation>
    <relation entry1="23" entry2="29" type="maplink">
        <subtype name="compound" value="48"/>
    </relation>
    <relation entry1="23" entry2="5" type="maplink">
        <subtype name="compound" value="48"/>
    </relation>
    <relation entry1="23" entry2="32" type="maplink">
        <subtype name="compound" value="48"/>
    </relation>
    <relation entry1="23" entry2="33" type="maplink">
        <subtype name="compound" value="48"/>
    </relation>
    <relation entry1="11" entry2="29" type="maplink">
        <subtype name="compound" value="48"/>
    </relation>
    <relation entry1="11" entry2="5" type="maplink">
        <subtype name="compound" value="48"/>
    </relation>
    <relation entry1="11" entry2="32" type="maplink">
        <subtype name="compound" value="48"/>
    </relation>
    <relation entry1="11" entry2="33" type="maplink">
        <subtype name="compound" value="48"/>
    </relation>
    <relation entry1="10" entry2="29" type="maplink">
        <subtype name="compound" value="48"/>
    </relation>
    <relation entry1="10" entry2="5" type="maplink">
        <subtype name="compound" value="48"/>
    </relation>
    <relation entry1="10" entry2="32" type="maplink">
        <subtype name="compound" value="48"/>
    </relation>
    <relation entry1="10" entry2="33" type="maplink">
        <subtype name="compound" value="48"/>
    </relation>
    <relation entry1="3" entry2="29" type="maplink">
        <subtype name="compound" value="48"/>
    </relation>
    <relation entry1="3" entry2="5" type="maplink">
        <subtype name="compound" value="48"/>
    </relation>
    <relation entry1="3" entry2="32" type="maplink">
        <subtype name="compound" value="48"/>
    </relation>
    <relation entry1="3" entry2="33" type="maplink">
        <subtype name="compound" value="48"/>
    </relation>
    <relation entry1="24" entry2="29" type="maplink">
        <subtype name="compound" value="48"/>
    </relation>
    <relation entry1="24" entry2="5" type="maplink">
        <subtype name="compound" value="48"/>
    </relation>
    <relation entry1="24" entry2="32" type="maplink">
        <subtype name="compound" value="48"/>
    </relation>
    <relation entry1="24" entry2="33" type="maplink">
        <subtype name="compound" value="48"/>
    </relation>
    <relation entry1="25" entry2="29" type="maplink">
        <subtype name="compound" value="48"/>
    </relation>
    <relation entry1="25" entry2="5" type="maplink">
        <subtype name="compound" value="48"/>
    </relation>
    <relation entry1="25" entry2="32" type="maplink">
        <subtype name="compound" value="48"/>
    </relation>
    <relation entry1="25" entry2="33" type="maplink">
        <subtype name="compound" value="48"/>
    </relation>
    <relation entry1="2" entry2="29" type="maplink">
        <subtype name="compound" value="48"/>
    </relation>
    <relation entry1="2" entry2="5" type="maplink">
        <subtype name="compound" value="48"/>
    </relation>
    <relation entry1="2" entry2="32" type="maplink">
        <subtype name="compound" value="48"/>
    </relation>
    <relation entry1="2" entry2="33" type="maplink">
        <subtype name="compound" value="48"/>
    </relation>
    <relation entry1="26" entry2="29" type="maplink">
        <subtype name="compound" value="48"/>
    </relation>
    <relation entry1="26" entry2="5" type="maplink">
        <subtype name="compound" value="48"/>
    </relation>
    <relation entry1="26" entry2="32" type="maplink">
        <subtype name="compound" value="48"/>
    </relation>
    <relation entry1="26" entry2="33" type="maplink">
        <subtype name="compound" value="48"/>
    </relation>
    <relation entry1="5" entry2="29" type="maplink">
        <subtype name="compound" value="48"/>
    </relation>
    <relation entry1="29" entry2="32" type="maplink">
        <subtype name="compound" value="48"/>
    </relation>
    <relation entry1="29" entry2="33" type="maplink">
        <subtype name="compound" value="48"/>
    </relation>
    <relation entry1="5" entry2="32" type="maplink">
        <subtype name="compound" value="48"/>
    </relation>
    <relation entry1="5" entry2="33" type="maplink">
        <subtype name="compound" value="48"/>
    </relation>
    <relation entry1="32" entry2="33" type="maplink">
        <subtype name="compound" value="48"/>
    </relation>
    <relation entry1="108" entry2="10" type="maplink">
        <subtype name="compound" value="43"/>
    </relation>
    <relation entry1="108" entry2="7" type="maplink">
        <subtype name="compound" value="43"/>
    </relation>
    <relation entry1="108" entry2="106" type="maplink">
        <subtype name="compound" value="43"/>
    </relation>
    <relation entry1="10" entry2="106" type="ECrel">
        <subtype name="compound" value="43"/>
    </relation>
    <relation entry1="7" entry2="106" type="ECrel">
        <subtype name="compound" value="43"/>
    </relation>
    <relation entry1="7" entry2="98" type="ECrel">
        <subtype name="compound" value="44"/>
    </relation>
    <relation entry1="98" entry2="102" type="ECrel">
        <subtype name="compound" value="99"/>
    </relation>
    <relation entry1="102" entry2="106" type="ECrel">
        <subtype name="compound" value="104"/>
    </relation>
    <relation entry1="102" entry2="106" type="ECrel">
        <subtype name="compound" value="103"/>
    </relation>
    <reaction name="rn:R00897" type="irreversible">
        <substrate name="cpd:C00283"/>
        <substrate name="cpd:C00979"/>
        <product name="cpd:C00097"/>
    </reaction>
    <reaction name="rn:R07274" type="irreversible">
        <substrate name="cpd:C01005"/>
        <product name="cpd:C00097"/>
    </reaction>
    <reaction name="rn:R02408" type="irreversible">
        <substrate name="cpd:C00491"/>
        <product name="cpd:C01962"/>
    </reaction>
    <reaction name="rn:R00590" type="irreversible">
        <substrate name="cpd:C00065"/>
        <product name="cpd:C02218"/>
    </reaction>
    <reaction name="rn:R02433" type="reversible">
        <substrate name="cpd:C00506"/>
        <product name="cpd:C05528"/>
    </reaction>
    <reaction name="rn:R01874" type="irreversible">
        <substrate name="cpd:C00793"/>
        <product name="cpd:C00283"/>
        <product name="cpd:C00022"/>
    </reaction>
    <reaction name="rn:R00903" type="irreversible">
        <substrate name="cpd:C00097"/>
        <product name="cpd:C00793"/>
    </reaction>
    <reaction name="rn:R00901" type="irreversible">
        <substrate name="cpd:C00097"/>
        <product name="cpd:C00506"/>
    </reaction>
    <reaction name="rn:R03650" type="irreversible">
        <substrate name="cpd:C00097"/>
        <product name="cpd:C03125"/>
    </reaction>
    <reaction name="rn:R00782" type="irreversible">
        <substrate name="cpd:C00022"/>
        <product name="cpd:C00097"/>
    </reaction>
    <reaction name="rn:R00892" type="reversible">
        <substrate name="cpd:C00491"/>
        <product name="cpd:C00097"/>
    </reaction>
    <reaction name="rn:R00895" type="irreversible">
        <substrate name="cpd:C00957"/>
        <product name="cpd:C00097"/>
    </reaction>
    <reaction name="rn:R03105" type="irreversible">
        <substrate name="cpd:C00022"/>
        <product name="cpd:C00957"/>
    </reaction>
    <reaction name="rn:R00863" type="irreversible">
        <substrate name="cpd:C00606"/>
        <product name="cpd:C00041"/>
        <product name="cpd:C09306"/>
    </reaction>
    <reaction name="rn:R02619" type="irreversible">
        <substrate name="cpd:C00606"/>
        <product name="cpd:C05527"/>
    </reaction>
    <reaction name="rn:R02618" type="irreversible">
        <substrate name="cpd:C00606"/>
        <product name="cpd:C05527"/>
    </reaction>
    <reaction name="rn:R04860" type="reversible">
        <substrate name="cpd:C05824"/>
        <substrate name="cpd:C00051"/>
        <product name="cpd:C00059"/>
        <product name="cpd:C05526"/>
    </reaction>
    <reaction name="rn:R02409" type="reversible">
        <substrate name="cpd:C05824"/>
        <substrate name="cpd:C00097"/>
        <product name="cpd:C00059"/>
        <product name="cpd:C00491"/>
    </reaction>
    <reaction name="rn:R00893" type="irreversible">
        <substrate name="cpd:C00097"/>
        <product name="cpd:C00606"/>
    </reaction>
    <reaction name="rn:R04859" type="irreversible">
        <substrate name="cpd:C00979"/>
        <product name="cpd:C00097"/>
    </reaction>
    <reaction name="rn:R03132" type="irreversible">
        <substrate name="cpd:C00320"/>
        <substrate name="cpd:C00979"/>
        <product name="cpd:C05824"/>
    </reaction>
    <reaction name="rn:R00586" type="reversible">
        <substrate name="cpd:C00065"/>
        <product name="cpd:C00979"/>
    </reaction>
    <reaction name="rn:R00900" type="reversible">
        <substrate name="cpd:C05526"/>
        <product name="cpd:C00051"/>
        <product name="cpd:C00097"/>
    </reaction>
    <reaction name="rn:R00896" type="irreversible">
        <substrate name="cpd:C00957"/>
        <product name="cpd:C00097"/>
    </reaction>
    <reaction name="rn:R03104" type="irreversible">
        <substrate name="cpd:C00957"/>
        <product name="cpd:C05823"/>
    </reaction>
    <reaction name="rn:R01113" type="irreversible">
        <substrate name="cpd:C00491"/>
        <product name="cpd:C00097"/>
    </reaction>
    <reaction name="rn:R08590" type="reversible">
        <substrate name="cpd:C05528"/>
        <product name="cpd:C16069"/>
    </reaction>
    <reaction name="rn:R07633" type="irreversible">
        <substrate name="cpd:C16069"/>
        <product name="cpd:C11481"/>
        <product name="cpd:C00022"/>
    </reaction>
    <reaction name="rn:R07634" type="irreversible">
        <substrate name="cpd:C00506"/>
        <product name="cpd:C11481"/>
        <product name="cpd:C00022"/>
    </reaction>
</pathway>
