<?xml version="1.0"?>
<!DOCTYPE pathway SYSTEM "http://www.genome.jp/kegg/xml/KGML_v0.6.1_.dtd">
<!-- Creation date: Mar 21 2009 02:44:06 +0900 (JST) -->
<pathway name="path:map01510" org="map" number="01510"
         image="http://www.genome.jp/kegg/pathway/map/map01510.gif"
         link="http://www.genome.jp/dbget-bin/show_pathway?map01510">
    <entry id="1" name="ec:3.6.1.-" type="enzyme"
        link="http://www.genome.jp/dbget-bin/www_bget?enzyme+3.6.1.-">
        <graphics name="3.6.1.-" fgcolor="#000000" bgcolor="#FFFFFF"
             type="rectangle" x="592" y="240" width="34" height="17"/>
    </entry>
    <entry id="2" name="ec:2.7.11.1" type="enzyme"
        link="http://www.genome.jp/dbget-bin/www_bget?enzyme+2.7.11.1">
        <graphics name="2.7.11.1" fgcolor="#000000" bgcolor="#FFFFFF"
             type="rectangle" x="411" y="124" width="46" height="17"/>
    </entry>
    <entry id="3" name="path:map04720" type="map"
        link="http://www.genome.jp/kegg-bin/mark_pathway_www?@map04720/default%3dred/ko:K04498">
        <graphics name="Long-term potentiation" fgcolor="#000000" bgcolor="#FFFFFF"
             type="roundrectangle" x="618" y="512" width="73" height="33"/>
    </entry>
    <entry id="4" name="path:map04370" type="map"
        link="http://www.genome.jp/kegg-bin/mark_pathway_www?@map04370/default%3dred/ko:K02158">
        <graphics name="VEGF signaling pathway" fgcolor="#000000" bgcolor="#FFFFFF"
             type="roundrectangle" x="701" y="100" width="94" height="34"/>
    </entry>
    <entry id="5" name="path:map04110" type="map"
        link="http://www.genome.jp/kegg-bin/mark_pathway_www?@map04110/default%3dred/ko:K04498">
        <graphics name="Cell cycle" fgcolor="#000000" bgcolor="#FFFFFF"
             type="roundrectangle" x="465" y="512" width="66" height="25"/>
    </entry>
    <entry id="6" name="path:map04660" type="map"
        link="http://www.genome.jp/kegg-bin/mark_pathway_www?@map04660/default%3dred/ko:K04364">
        <graphics name="T cell receptor signaling pathway" fgcolor="#000000" bgcolor="#FFFFFF"
             type="roundrectangle" x="192" y="479" width="93" height="35"/>
    </entry>
    <entry id="7" name="path:map04612" type="map"
        link="http://www.genome.jp/kegg-bin/mark_pathway_www?@map04612/default%3dred/ko:K09490/hsa:3309">
        <graphics name="Antigen processing and presentation" fgcolor="#000000" bgcolor="#FFFFFF"
             type="roundrectangle" x="66" y="134" width="100" height="35"/>
    </entry>
    <entry id="8" name="path:map04912" type="map"
        link="http://www.genome.jp/kegg-bin/mark_pathway_www?@map04912/default%3dred/ko:K04364">
        <graphics name="GnRH signaling pathway" fgcolor="#000000" bgcolor="#FFFFFF"
             type="roundrectangle" x="67" y="92" width="94" height="35"/>
    </entry>
    <entry id="9" name="path:map04910" type="map"
        link="http://www.genome.jp/kegg-bin/mark_pathway_www?@map04910/default%3dred/hsa:2885/hsa:572/mmu:14784/mmu:12015/rno:64639/rno:81504">
        <graphics name="Insulin signaling pathway" fgcolor="#000000" bgcolor="#FFFFFF"
             type="roundrectangle" x="627" y="136" width="93" height="33"/>
    </entry>
    <entry id="10" name="path:map04540" type="map"
        link="http://www.genome.jp/kegg-bin/mark_pathway_www?@map04540/default%3dred/hsa:2885/mmu:14784/rno:81504">
        <graphics name="Gap junction" fgcolor="#000000" bgcolor="#FFFFFF"
             type="roundrectangle" x="190" y="431" width="84" height="26"/>
    </entry>
    <entry id="11" name="path:map04664" type="map"
        link="http://www.genome.jp/kegg-bin/mark_pathway_www?@map04664/default%3dred/ko:K04364">
        <graphics name="Fc epsilon RI signaling pathway" fgcolor="#000000" bgcolor="#FFFFFF"
             type="roundrectangle" x="80" y="483" width="101" height="33"/>
    </entry>
    <entry id="12" name="ec:3.4.22.-" type="enzyme"
        link="http://www.genome.jp/dbget-bin/www_bget?enzyme+3.4.22.-">
        <graphics name="3.4.22.-" fgcolor="#000000" bgcolor="#FFFFFF"
             type="rectangle" x="270" y="248" width="45" height="17"/>
    </entry>
    <entry id="13" name="ec:3.4.22.36" type="enzyme"
        link="http://www.genome.jp/dbget-bin/www_bget?enzyme+3.4.22.36">
        <graphics name="3.4.22.36" fgcolor="#000000" bgcolor="#FFFFFF"
             type="rectangle" x="285" y="223" width="45" height="17"/>
    </entry>
    <entry id="14" name="path:map04330" type="map"
        link="http://www.genome.jp/kegg-bin/mark_pathway_www?@map04330/default%3dred/hsa:1387/mmu:12914/rno:54244">
        <graphics name="Notch signaling pathway" fgcolor="#000000" bgcolor="#FFFFFF"
             type="roundrectangle" x="423" y="466" width="65" height="47"/>
    </entry>
    <entry id="15" name="path:map04520" type="map"
        link="http://www.genome.jp/kegg-bin/mark_pathway_www?@map04520/default%3dred/hsa:1387/mmu:12914/rno:54244">
        <graphics name="Adherens junction" fgcolor="#000000" bgcolor="#FFFFFF"
             type="roundrectangle" x="329" y="499" width="96" height="27"/>
    </entry>
    <entry id="16" name="path:map04650" type="map"
        link="http://www.genome.jp/kegg-bin/mark_pathway_www?@map04650/default%3dred/ko:K04364/ko:K02187">
        <graphics name="Natural killer cell mediated cytotoxicity" fgcolor="#000000" bgcolor="#FFFFFF"
             type="roundrectangle" x="704" y="470" width="76" height="56"/>
    </entry>
    <entry id="17" name="path:map04310" type="map"
        link="http://www.genome.jp/kegg-bin/mark_pathway_www?@map04310/default%3dred/hsa:1387/mmu:12914/rno:54244">
        <graphics name="Wnt signaling pathway" fgcolor="#000000" bgcolor="#FFFFFF"
             type="roundrectangle" x="512" y="467" width="62" height="44"/>
    </entry>
    <entry id="18" name="path:map04620" type="map"
        link="http://www.genome.jp/kegg-bin/mark_pathway_www?@map04620/default%3dred/ko:K04398">
        <graphics name="Toll-like receptor signaling pathway" fgcolor="#000000" bgcolor="#FFFFFF"
             type="roundrectangle" x="308" y="461" width="98" height="35"/>
    </entry>
    <entry id="19" name="path:map04510" type="map"
        link="http://www.genome.jp/kegg-bin/mark_pathway_www?@map04510/default%3dred/hsa:2885/hsa:572/hsa:596/mmu:14784/mmu:12015/mmu:12043/rno:64639/rno:24224/rno:81504">
        <graphics name="Focal adhesion" fgcolor="#000000" bgcolor="#FFFFFF"
             type="roundrectangle" x="645" y="66" width="84" height="24"/>
    </entry>
    <entry id="20" name="path:map04060" type="map"
        link="http://www.genome.jp/kegg-bin/mark_pathway_www?@map04060/default%3dred/hsa:4804/mmu:18053/rno:24596">
        <graphics name="Cytokine-cytokine receptor interaction" fgcolor="#000000" bgcolor="#FFFFFF"
             type="roundrectangle" x="94" y="433" width="79" height="54"/>
    </entry>
    <entry id="21" name="path:map00010" type="map"
        link="http://www.genome.jp/kegg-bin/mark_pathway_www?@map00010/default%3dred/hsa:2597/mmu:14433/rno:24383">
        <graphics name="Glycolysis / Gluconeogenesis" fgcolor="#000000" bgcolor="#FFFFFF"
             type="roundrectangle" x="262" y="398" width="93" height="34"/>
    </entry>
    <entry id="22" name="path:map04120" type="map"
        link="http://www.genome.jp/kegg-bin/mark_pathway_www?@map04120/default%3dred/hsa:55294/mmu:50754">
        <graphics name="Ubiquitin mediated proteolysis" fgcolor="#000000" bgcolor="#FFFFFF"
             type="roundrectangle" x="274" y="94" width="69" height="46"/>
    </entry>
    <entry id="23" name="ec:2.3.1.48" type="enzyme"
        link="http://www.genome.jp/dbget-bin/www_bget?enzyme+2.3.1.48">
        <graphics name="2.3.1.48" fgcolor="#000000" bgcolor="#FFFFFF"
             type="rectangle" x="508" y="401" width="45" height="17"/>
    </entry>
    <entry id="24" name="ec:1.2.1.12" type="enzyme"
        link="http://www.genome.jp/dbget-bin/www_bget?enzyme+1.2.1.12">
        <graphics name="1.2.1.12" fgcolor="#000000" bgcolor="#FFFFFF"
             type="rectangle" x="338" y="274" width="45" height="17"/>
    </entry>
    <entry id="25" name="ec:3.4.19.12" type="enzyme"
        link="http://www.genome.jp/dbget-bin/www_bget?enzyme+3.4.19.12">
        <graphics name="3.4.19.12" fgcolor="#000000" bgcolor="#FFFFFF"
             type="rectangle" x="411" y="102" width="46" height="17"/>
    </entry>
    <entry id="26" name="ec:1.15.1.1" type="enzyme"
        link="http://www.genome.jp/dbget-bin/www_bget?enzyme+1.15.1.1">
        <graphics name="1.15.1.1" fgcolor="#000000" bgcolor="#FFFFFF"
             type="rectangle" x="679" y="204" width="45" height="17"/>
    </entry>
    <entry id="27" name="path:map05030" type="map"
        link="http://www.genome.jp/kegg/pathway/map/map05030.html">
        <graphics fgcolor="#000000" bgcolor="#FFFFFF"
             type="roundrectangle" x="650" y="239" width="69" height="35"/>
    </entry>
    <entry id="28" name="path:map05040" type="map"
        link="http://www.genome.jp/kegg/pathway/map/map05040.html">
        <graphics name="Huntington's disease" fgcolor="#000000" bgcolor="#FFFFFF"
             type="roundrectangle" x="641" y="387" width="69" height="35"/>
    </entry>
    <entry id="29" name="path:map04630" type="map"
        link="http://www.genome.jp/kegg-bin/mark_pathway_www?@map04630/default%3dred/ko:K04570/ko:K04364/hsa:1387/mmu:12914/rno:54244">
        <graphics name="Jak-STAT signaling pathway" fgcolor="#000000" bgcolor="#FFFFFF"
             type="roundrectangle" x="629" y="315" width="94" height="35"/>
    </entry>
    <entry id="30" name="path:map04210" type="map"
        link="http://www.genome.jp/kegg-bin/mark_pathway_www?@map04210/default%3dred/ko:K02158/ko:K04570/ko:K02159/ko:K02187/ko:K04396/ko:K04397/ko:K04398/ko:K02161">
        <graphics name="Apoptosis" fgcolor="#000000" bgcolor="#FFFFFF"
             type="roundrectangle" x="578" y="101" width="61" height="28"/>
    </entry>
    <entry id="31" name="ec:3.4.22.-" type="enzyme"
        link="http://www.genome.jp/dbget-bin/www_bget?enzyme+3.4.22.-">
        <graphics name="3.4.22.-" fgcolor="#000000" bgcolor="#FFFFFF"
             type="rectangle" x="406" y="261" width="45" height="17"/>
    </entry>
    <entry id="32" name="path:map05010" type="map"
        link="http://www.genome.jp/kegg/pathway/map/map05010.html">
        <graphics name="Alzheimer's disease" fgcolor="#000000" bgcolor="#FFFFFF"
             type="roundrectangle" x="140" y="254" width="69" height="35"/>
    </entry>
    <entry id="33" name="path:map04350" type="map"
        link="http://www.genome.jp/kegg-bin/mark_pathway_www?@map04350/default%3dred/hsa:1387/mmu:12914/rno:54244">
        <graphics name="TGF-beta signaling pathway" fgcolor="#000000" bgcolor="#FFFFFF"
             type="roundrectangle" x="606" y="467" width="65" height="46"/>
    </entry>
    <entry id="34" name="ec:2.7.11.1" type="enzyme"
        link="http://www.genome.jp/dbget-bin/www_bget?enzyme+2.7.11.1">
        <graphics name="2.7.11.1" fgcolor="#000000" bgcolor="#FFFFFF"
             type="rectangle" x="459" y="102" width="45" height="17"/>
    </entry>
    <entry id="35" name="path:map04010" type="map"
        link="http://www.genome.jp/kegg-bin/mark_pathway_www?@map04010/default%3dred/ko:K01370/ko:K02187/ko:K04397/ko:K04380/ko:K04364/ko:K04398/ko:K09490">
        <graphics name="MAPK signaling pathway" fgcolor="#000000" bgcolor="#FFFFFF"
             type="roundrectangle" x="167" y="116" width="66" height="44"/>
    </entry>
    <entry id="36" name="ec:3.4.22.-" type="enzyme"
        link="http://www.genome.jp/dbget-bin/www_bget?enzyme+3.4.22.-">
        <graphics name="3.4.22.-" fgcolor="#000000" bgcolor="#FFFFFF"
             type="rectangle" x="390" y="339" width="45" height="17"/>
    </entry>
    <entry id="37" name="ec:3.4.22.-" type="enzyme"
        link="http://www.genome.jp/dbget-bin/www_bget?enzyme+3.4.22.-">
        <graphics name="3.4.22.-" fgcolor="#000000" bgcolor="#FFFFFF"
             type="rectangle" x="283" y="346" width="45" height="17"/>
    </entry>
    <entry id="38" name="path:map05050" type="map"
        link="http://www.genome.jp/kegg/pathway/map/map05050.html">
        <graphics name="Dentatorubropallidoluysian atrophy (DRPLA)" fgcolor="#000000" bgcolor="#FFFFFF"
             type="roundrectangle" x="431" y="396" width="69" height="34"/>
    </entry>
    <entry id="39" name="path:map01510" type="map"
        link="http://www.genome.jp/dbget-bin/get_linkdb?pathway+map01510">
        <graphics name="TITLE:" fgcolor="#000000" bgcolor="#FFFFFF"
             type="roundrectangle" x="185" y="44" width="256" height="26"/>
    </entry>
    <entry id="40" name="path:map05060" type="map"
        link="http://www.genome.jp/kegg/pathway/map/map05060.html">
        <graphics name="Prion diseases" fgcolor="#000000" bgcolor="#FFFFFF"
             type="roundrectangle" x="161" y="360" width="69" height="34"/>
    </entry>
    <entry id="41" name="ec:3.4.23.-" type="enzyme"
        link="http://www.genome.jp/dbget-bin/www_bget?enzyme+3.4.23.-">
        <graphics name="3.4.23.-" fgcolor="#000000" bgcolor="#FFFFFF"
             type="rectangle" x="166" y="221" width="45" height="17"/>
    </entry>
    <entry id="42" name="ec:6.3.2.19" type="enzyme"
        link="http://www.genome.jp/dbget-bin/www_bget?enzyme+6.3.2.19">
        <graphics name="6.3.2.19" fgcolor="#000000" bgcolor="#FFFFFF"
             type="rectangle" x="410" y="78" width="45" height="17"/>
    </entry>
    <entry id="43" name="path:map05020" type="map"
        link="http://www.genome.jp/kegg/pathway/map/map05020.html">
        <graphics fgcolor="#000000" bgcolor="#FFFFFF"
             type="roundrectangle" x="418" y="169" width="68" height="35"/>
    </entry>
</pathway>
