<?xml version="1.0"?>
<!DOCTYPE pathway SYSTEM "http://www.genome.jp/kegg/xml/KGML_v0.6.1_.dtd">
<!-- Creation date: Jan 31 2009 02:50:05 +0900 (JST) -->
<pathway name="path:map04370" org="map" number="04370"
         title="VEGF signaling pathway"
         image="http://www.genome.jp/kegg/pathway/map/map04370.gif"
         link="http://www.genome.jp/dbget-bin/show_pathway?map04370">
    <entry id="1" name="ko:K04393" type="ortholog"
        link="http://www.genome.jp/dbget-bin/www_bget?ko+K04393">
        <graphics name="K04393" fgcolor="#000000" bgcolor="#FFFFFF"
             type="rectangle" x="321" y="358" width="46" height="17"/>
    </entry>
    <entry id="2" name="cpd:C00533" type="compound"
        link="http://www.genome.jp/dbget-bin/www_bget?compound+C00533">
        <graphics name="C00533" fgcolor="#000000" bgcolor="#FFFFFF"
             type="circle" x="603" y="483" width="8" height="8"/>
    </entry>
    <entry id="3" name="cpd:C00076" type="compound"
        link="http://www.genome.jp/dbget-bin/www_bget?compound+C00076">
        <graphics name="C00076" fgcolor="#000000" bgcolor="#FFFFFF"
             type="circle" x="418" y="240" width="8" height="8"/>
    </entry>
    <entry id="4" name="cpd:C01245" type="compound"
        link="http://www.genome.jp/dbget-bin/www_bget?compound+C01245">
        <graphics name="C01245" fgcolor="#000000" bgcolor="#FFFFFF"
             type="circle" x="363" y="240" width="8" height="8"/>
    </entry>
    <entry id="5" name="cpd:C00165" type="compound"
        link="http://www.genome.jp/dbget-bin/www_bget?compound+C00165">
        <graphics name="C00165" fgcolor="#000000" bgcolor="#FFFFFF"
             type="circle" x="362" y="188" width="8" height="8"/>
    </entry>
    <entry id="6" name="path:map04020" type="map"
        link="http://www.genome.jp/kegg/pathway/map/map04020.html">
        <graphics name="Calcium signaling pathway" fgcolor="#000000" bgcolor="#FFFFFF"
             type="roundrectangle" x="369" y="138" width="110" height="34"/>
    </entry>
    <entry id="7" name="path:map04210" type="map"
        link="http://www.genome.jp/kegg/pathway/map/map04210.html">
        <graphics name="Apoptosis" fgcolor="#000000" bgcolor="#FFFFFF"
             type="roundrectangle" x="369" y="549" width="110" height="25"/>
    </entry>
    <entry id="8" name="path:map04510" type="map"
        link="http://www.genome.jp/kegg/pathway/map/map04510.html">
        <graphics name="Focal adhesion" fgcolor="#000000" bgcolor="#FFFFFF"
             type="roundrectangle" x="633" y="288" width="110" height="25"/>
    </entry>
    <entry id="9" name="path:map04010" type="map"
        link="http://www.genome.jp/kegg/pathway/map/map04010.html">
        <graphics name="MAPK signaling pathway" fgcolor="#000000" bgcolor="#FFFFFF"
             type="roundrectangle" x="633" y="166" width="110" height="34"/>
    </entry>
    <entry id="10" name="ko:K05098" type="ortholog"
        link="http://www.genome.jp/dbget-bin/www_bget?ko+K05098">
        <graphics name="K05098" fgcolor="#000000" bgcolor="#FFFFFF"
             type="rectangle" x="163" y="319" width="46" height="17"/>
    </entry>
    <entry id="11" name="ko:K05859" type="ortholog"
        link="http://www.genome.jp/dbget-bin/www_bget?ko+K05859">
        <graphics name="K05859" fgcolor="#000000" bgcolor="#FFFFFF"
             type="rectangle" x="290" y="239" width="46" height="17"/>
    </entry>
    <entry id="12" name="ko:K04718" type="ortholog"
        link="http://www.genome.jp/dbget-bin/www_bget?ko+K04718">
        <graphics name="K04718" fgcolor="#000000" bgcolor="#FFFFFF"
             type="rectangle" x="526" y="126" width="46" height="17"/>
    </entry>
    <entry id="13" name="cpd:C05981" type="compound"
        link="http://www.genome.jp/dbget-bin/www_bget?compound+C05981">
        <graphics name="C05981" fgcolor="#000000" bgcolor="#FFFFFF"
             type="circle" x="361" y="449" width="8" height="8"/>
    </entry>
    <entry id="14" name="cpd:C01312" type="compound"
        link="http://www.genome.jp/dbget-bin/www_bget?compound+C01312">
        <graphics name="C01312" fgcolor="#000000" bgcolor="#FFFFFF"
             type="circle" x="925" y="261" width="8" height="8"/>
    </entry>
    <entry id="15" name="hsa:5743 mmu:19225 rno:29527" type="other">
        <graphics name="PTGS2..." fgcolor="#000000" bgcolor="#FFFFFF"
             type="rectangle" x="769" y="240" width="46" height="17"/>
    </entry>
    <entry id="16" name="ko:K01047" type="ortholog"
        link="http://www.genome.jp/dbget-bin/www_bget?ko+K01047">
        <graphics name="K01047" fgcolor="#000000" bgcolor="#FFFFFF"
             type="rectangle" x="837" y="186" width="46" height="17"/>
    </entry>
    <entry id="17" name="ko:K04455" type="ortholog"
        link="http://www.genome.jp/dbget-bin/www_bget?ko+K04455">
        <graphics name="K04455" fgcolor="#000000" bgcolor="#FFFFFF"
             type="rectangle" x="648" y="375" width="46" height="17"/>
    </entry>
    <entry id="18" name="ko:K04443 ko:K04444" type="ortholog"
        link="http://www.genome.jp/dbget-bin/www_bget?ko+K04443+K04444">
        <graphics name="K04443..." fgcolor="#000000" bgcolor="#FFFFFF"
             type="rectangle" x="539" y="375" width="46" height="17"/>
    </entry>
    <entry id="19" name="ko:K04348 ko:K06268" type="ortholog"
        link="http://www.genome.jp/dbget-bin/www_bget?ko+K04348+K06268">
        <graphics name="K04348..." fgcolor="#000000" bgcolor="#FFFFFF"
             type="rectangle" x="540" y="240" width="46" height="17"/>
    </entry>
    <entry id="20" name="ko:K04456" type="ortholog"
        link="http://www.genome.jp/dbget-bin/www_bget?ko+K04456">
        <graphics name="K04456" fgcolor="#000000" bgcolor="#FFFFFF"
             type="rectangle" x="393" y="507" width="46" height="17"/>
    </entry>
    <entry id="21" name="ko:K00922 ko:K02649" type="ortholog"
        link="http://www.genome.jp/dbget-bin/www_bget?ko+K00922+K02649">
        <graphics name="K00922..." fgcolor="#000000" bgcolor="#FFFFFF"
             type="rectangle" x="290" y="428" width="46" height="17"/>
    </entry>
    <entry id="22" name="ko:K04446" type="ortholog"
        link="http://www.genome.jp/dbget-bin/www_bget?ko+K04446">
        <graphics name="K04446" fgcolor="#000000" bgcolor="#FFFFFF"
             type="rectangle" x="623" y="240" width="46" height="17"/>
    </entry>
    <entry id="23" name="ko:K02677" type="ortholog"
        link="http://www.genome.jp/dbget-bin/www_bget?ko+K02677">
        <graphics name="K02677" fgcolor="#000000" bgcolor="#FFFFFF"
             type="rectangle" x="476" y="165" width="46" height="17"/>
    </entry>
    <entry id="24" name="ko:K05725" type="ortholog"
        link="http://www.genome.jp/dbget-bin/www_bget?ko+K05725">
        <graphics name="K05725" fgcolor="#000000" bgcolor="#FFFFFF"
             type="rectangle" x="538" y="308" width="46" height="17"/>
    </entry>
    <entry id="25" name="ko:K04441" type="ortholog"
        link="http://www.genome.jp/dbget-bin/www_bget?ko+K04441">
        <graphics name="K04441" fgcolor="#000000" bgcolor="#FFFFFF"
             type="rectangle" x="418" y="375" width="46" height="17"/>
    </entry>
    <entry id="26" name="ko:K05760" type="ortholog"
        link="http://www.genome.jp/dbget-bin/www_bget?ko+K05760">
        <graphics name="K05760" fgcolor="#000000" bgcolor="#FFFFFF"
             type="rectangle" x="538" y="330" width="46" height="17"/>
    </entry>
    <entry id="27" name="ko:K08273" type="ortholog"
        link="http://www.genome.jp/dbget-bin/www_bget?ko+K08273">
        <graphics name="K08273" fgcolor="#000000" bgcolor="#FFFFFF"
             type="rectangle" x="290" y="192" width="46" height="17"/>
    </entry>
    <entry id="28" name="ko:K05704" type="ortholog"
        link="http://www.genome.jp/dbget-bin/www_bget?ko+K05704">
        <graphics name="K05704" fgcolor="#000000" bgcolor="#FFFFFF"
             type="rectangle" x="219" y="395" width="46" height="17"/>
    </entry>
    <entry id="29" name="hsa:25759 mmu:216148 rno:314612" type="other">
        <graphics name="SHC2..." fgcolor="#000000" bgcolor="#FFFFFF"
             type="rectangle" x="290" y="273" width="46" height="17"/>
    </entry>
    <entry id="30" name="hsa:7422 mmu:22339 rno:83785" type="other">
        <graphics name="VEGFA..." fgcolor="#000000" bgcolor="#FFFFFF"
             type="rectangle" x="92" y="319" width="46" height="17"/>
    </entry>
    <entry id="31" name="path:map04370" type="map"
        link="http://www.genome.jp/dbget-bin/get_linkdb?pathway+map04370">
        <graphics name="TITLE:VEGF signaling pathway" fgcolor="#000000" bgcolor="#FFFFFF"
             type="roundrectangle" x="171" y="67" width="222" height="25"/>
    </entry>
    <entry id="32" name="path:map00590" type="map"
        link="http://www.genome.jp/kegg/pathway/map/map00590.html">
        <graphics name="Arachidonic acid metabolism" fgcolor="#000000" bgcolor="#FFFFFF"
             type="roundrectangle" x="928" y="197" width="110" height="34"/>
    </entry>
    <entry id="33" name="ko:K04371" type="ortholog"
        link="http://www.genome.jp/dbget-bin/www_bget?ko+K04371">
        <graphics name="K04371" fgcolor="#000000" bgcolor="#FFFFFF"
             type="rectangle" x="799" y="144" width="46" height="17"/>
    </entry>
    <entry id="34" name="ko:K04368 ko:K04369" type="ortholog"
        link="http://www.genome.jp/dbget-bin/www_bget?ko+K04368+K04369">
        <graphics name="K04368..." fgcolor="#000000" bgcolor="#FFFFFF"
             type="rectangle" x="723" y="144" width="46" height="17"/>
    </entry>
    <entry id="35" name="ko:K04366" type="ortholog"
        link="http://www.genome.jp/dbget-bin/www_bget?ko+K04366">
        <graphics name="K04366" fgcolor="#000000" bgcolor="#FFFFFF"
             type="rectangle" x="673" y="118" width="46" height="17"/>
    </entry>
    <entry id="36" name="ko:K02833 ko:K07827 ko:K07828" type="ortholog"
        link="http://www.genome.jp/dbget-bin/www_bget?ko+K02833+K07827+K07828">
        <graphics name="K02833..." fgcolor="#000000" bgcolor="#FFFFFF"
             type="rectangle" x="596" y="107" width="46" height="17"/>
    </entry>
    <entry id="37" name="hsa:4846 mmu:18127 rno:24600" type="other">
        <graphics name="NOS3..." fgcolor="#000000" bgcolor="#FFFFFF"
             type="rectangle" x="511" y="481" width="46" height="17"/>
    </entry>
    <entry id="38" name="ko:K04399" type="ortholog"
        link="http://www.genome.jp/dbget-bin/www_bget?ko+K04399">
        <graphics name="K04399" fgcolor="#000000" bgcolor="#FFFFFF"
             type="rectangle" x="511" y="520" width="46" height="18"/>
    </entry>
    <entry id="39" name="ko:K02158" type="ortholog"
        link="http://www.genome.jp/dbget-bin/www_bget?ko+K02158">
        <graphics name="K02158" fgcolor="#000000" bgcolor="#FFFFFF"
             type="rectangle" x="511" y="559" width="46" height="17"/>
    </entry>
    <entry id="40" name="ko:K04392 ko:K07860 ko:K07861" type="ortholog"
        link="http://www.genome.jp/dbget-bin/www_bget?ko+K04392+K07860+K07861">
        <graphics name="K04392..." fgcolor="#000000" bgcolor="#FFFFFF"
             type="rectangle" x="574" y="429" width="46" height="17"/>
    </entry>
    <relation entry1="11" entry2="19" type="PPrel">
        <subtype name="activation" value="-->"/>
    </relation>
    <relation entry1="11" entry2="19" type="PPrel">
        <subtype name="activation" value="-->"/>
    </relation>
    <relation entry1="11" entry2="23" type="PPrel">
        <subtype name="activation" value="-->"/>
    </relation>
    <relation entry1="11" entry2="23" type="PPrel">
        <subtype name="activation" value="-->"/>
    </relation>
    <relation entry1="11" entry2="16" type="PPrel">
        <subtype name="activation" value="-->"/>
    </relation>
    <relation entry1="11" entry2="37" type="PPrel">
        <subtype name="activation" value="-->"/>
    </relation>
    <relation entry1="21" entry2="40" type="PPrel">
        <subtype name="activation" value="-->"/>
    </relation>
    <relation entry1="21" entry2="20" type="PPrel">
        <subtype name="activation" value="-->"/>
    </relation>
    <relation entry1="30" entry2="10" type="PPrel">
        <subtype name="activation" value="-->"/>
    </relation>
    <relation entry1="10" entry2="27" type="PPrel">
        <subtype name="activation" value="-->"/>
    </relation>
    <relation entry1="10" entry2="11" type="PPrel">
        <subtype name="activation" value="-->"/>
    </relation>
    <relation entry1="10" entry2="29" type="PPrel">
        <subtype name="activation" value="-->"/>
    </relation>
    <relation entry1="10" entry2="24" type="PPrel">
        <subtype name="activation" value="-->"/>
    </relation>
    <relation entry1="10" entry2="26" type="PPrel">
        <subtype name="activation" value="-->"/>
    </relation>
    <relation entry1="10" entry2="1" type="PPrel">
        <subtype name="activation" value="-->"/>
    </relation>
    <relation entry1="10" entry2="21" type="PPrel">
        <subtype name="activation" value="-->"/>
    </relation>
    <relation entry1="10" entry2="28" type="PPrel">
        <subtype name="activation" value="-->"/>
    </relation>
    <relation entry1="28" entry2="21" type="PPrel">
        <subtype name="activation" value="-->"/>
    </relation>
    <relation entry1="23" entry2="35" type="PPrel">
        <subtype name="activation" value="-->"/>
    </relation>
    <relation entry1="36" entry2="35" type="PPrel">
        <subtype name="activation" value="-->"/>
    </relation>
    <relation entry1="33" entry2="16" type="PPrel">
        <subtype name="activation" value="-->"/>
    </relation>
    <relation entry1="1" entry2="25" type="PPrel">
        <subtype name="activation" value="-->"/>
    </relation>
    <relation entry1="12" entry2="36" type="PPrel">
        <subtype name="indirect" value="..>"/>
    </relation>
    <relation entry1="23" entry2="12" type="PPrel">
        <subtype name="activation" value="-->"/>
        <subtype name="phosphorylation" value="+p"/>
    </relation>
    <relation entry1="35" entry2="34" type="PPrel">
        <subtype name="activation" value="-->"/>
        <subtype name="phosphorylation" value="+p"/>
    </relation>
    <relation entry1="34" entry2="33" type="PPrel">
        <subtype name="activation" value="-->"/>
        <subtype name="phosphorylation" value="+p"/>
    </relation>
    <relation entry1="25" entry2="18" type="PPrel">
        <subtype name="activation" value="-->"/>
        <subtype name="phosphorylation" value="+p"/>
    </relation>
    <relation entry1="18" entry2="17" type="PPrel">
        <subtype name="activation" value="-->"/>
        <subtype name="phosphorylation" value="+p"/>
    </relation>
    <relation entry1="20" entry2="37" type="PPrel">
        <subtype name="activation" value="-->"/>
        <subtype name="phosphorylation" value="+p"/>
    </relation>
    <relation entry1="20" entry2="38" type="PPrel">
        <subtype name="inhibition" value="--|"/>
        <subtype name="phosphorylation" value="+p"/>
    </relation>
    <relation entry1="20" entry2="39" type="PPrel">
        <subtype name="inhibition" value="--|"/>
        <subtype name="phosphorylation" value="+p"/>
    </relation>
    <relation entry1="19" entry2="22" type="PPrel">
        <subtype name="activation" value="-->"/>
        <subtype name="dephosphorylation" value="-p"/>
    </relation>
    <relation entry1="22" entry2="15" type="PPrel">
        <subtype name="expression" value="-->"/>
    </relation>
    <relation entry1="11" entry2="27" type="PPrel">
        <subtype name="binding/association" value="---"/>
    </relation>
</pathway>
