<?xml version="1.0"?>
<!DOCTYPE pathway SYSTEM "http://www.genome.jp/kegg/xml/KGML_v0.6.1_.dtd">
<!-- Creation date: Jan 28 2009 16:28:55 +0900 (JST) -->
<pathway name="path:map00053" org="map" number="00053"
         title="Ascorbate and aldarate metabolism"
         image="http://www.genome.jp/kegg/pathway/map/map00053.gif"
         link="http://www.genome.jp/dbget-bin/show_pathway?map00053">
    <entry id="1" name="ko:K02821 ko:K02822 ko:K03475" type="ortholog" reaction="rn:R07671"
        link="http://www.genome.jp/dbget-bin/www_bget?ko+K02821+K02822+K03475">
        <graphics name="K02821..." fgcolor="#000000" bgcolor="#FFFFFF"
             type="rectangle" x="331" y="597" width="46" height="17"/>
    </entry>
    <entry id="2" name="ko:K03476" type="ortholog" reaction="rn:R07677"
        link="http://www.genome.jp/dbget-bin/www_bget?ko+K03476">
        <graphics name="K03476" fgcolor="#000000" bgcolor="#FFFFFF"
             type="rectangle" x="331" y="654" width="46" height="17"/>
    </entry>
    <entry id="3" name="ec:3.1.1.-" type="enzyme" reaction="rn:R07680"
        link="http://www.genome.jp/dbget-bin/www_bget?enzyme+3.1.1.-">
        <graphics name="3.1.1.-" fgcolor="#000000" bgcolor="#FFFFFF"
             type="rectangle" x="156" y="421" width="46" height="17"/>
    </entry>
    <entry id="4" name="ec:1.1.1.-" type="enzyme" reaction="rn:R07676"
        link="http://www.genome.jp/dbget-bin/www_bget?enzyme+1.1.1.-">
        <graphics name="1.1.1.-" fgcolor="#000000" bgcolor="#FFFFFF"
             type="rectangle" x="155" y="348" width="46" height="17"/>
    </entry>
    <entry id="5" name="ko:K00103" type="ortholog" reaction="rn:R03184"
        link="http://www.genome.jp/dbget-bin/www_bget?ko+K00103">
        <graphics name="K00103" fgcolor="#000000" bgcolor="#FFFFFF"
             type="rectangle" x="460" y="456" width="46" height="17"/>
    </entry>
    <entry id="6" name="ko:K00064" type="ortholog" reaction="rn:R07675"
        link="http://www.genome.jp/dbget-bin/www_bget?ko+K00064">
        <graphics name="K00064" fgcolor="#000000" bgcolor="#FFFFFF"
             type="rectangle" x="247" y="421" width="46" height="17"/>
    </entry>
    <entry id="7" name="ko:K10047" type="ortholog" reaction="rn:R07674"
        link="http://www.genome.jp/dbget-bin/www_bget?ko+K10047">
        <graphics name="K10047" fgcolor="#000000" bgcolor="#FFFFFF"
             type="rectangle" x="247" y="348" width="46" height="17"/>
    </entry>
    <entry id="8" name="ath:AT4G26850" type="other" reaction="rn:R07678">
        <graphics name="VTC2" fgcolor="#000000" bgcolor="#FFFFFF"
             type="rectangle" x="247" y="277" width="46" height="17"/>
    </entry>
    <entry id="9" name="ko:K10046" type="ortholog" reaction="rn:R07673"
        link="http://www.genome.jp/dbget-bin/www_bget?ko+K10046">
        <graphics name="K10046" fgcolor="#000000" bgcolor="#FFFFFF"
             type="rectangle" x="290" y="241" width="46" height="17"/>
    </entry>
    <entry id="10" name="ko:K10046" type="ortholog" reaction="rn:R00889"
        link="http://www.genome.jp/dbget-bin/www_bget?ko+K10046">
        <graphics name="K10046" fgcolor="#000000" bgcolor="#FFFFFF"
             type="rectangle" x="247" y="206" width="46" height="17"/>
    </entry>
    <entry id="11" name="ko:K10046" type="ortholog" reaction="rn:R07672"
        link="http://www.genome.jp/dbget-bin/www_bget?ko+K10046">
        <graphics name="K10046" fgcolor="#000000" bgcolor="#FFFFFF"
             type="rectangle" x="333" y="206" width="46" height="17"/>
    </entry>
    <entry id="12" name="ko:K00469" type="ortholog" reaction="rn:R01184"
        link="http://www.genome.jp/dbget-bin/www_bget?ko+K00469">
        <graphics name="K00469" fgcolor="#000000" bgcolor="#FFFFFF"
             type="rectangle" x="414" y="277" width="46" height="17"/>
    </entry>
    <entry id="13" name="ec:2.7.1.43" type="enzyme" reaction="rn:R01476"
        link="http://www.genome.jp/dbget-bin/www_bget?enzyme+2.7.1.43">
        <graphics name="2.7.1.43" fgcolor="#000000" bgcolor="#FFFFFF"
             type="rectangle" x="498" y="277" width="46" height="17"/>
    </entry>
    <entry id="14" name="ec:2.7.7.44" type="enzyme" reaction="rn:R01381"
        link="http://www.genome.jp/dbget-bin/www_bget?enzyme+2.7.7.44">
        <graphics name="2.7.7.44" fgcolor="#000000" bgcolor="#FFFFFF"
             type="rectangle" x="498" y="206" width="46" height="17"/>
    </entry>
    <entry id="15" name="ko:K00012" type="ortholog" reaction="rn:R00286"
        link="http://www.genome.jp/dbget-bin/www_bget?ko+K00012">
        <graphics name="K00012" fgcolor="#000000" bgcolor="#FFFFFF"
             type="rectangle" x="498" y="131" width="46" height="17"/>
    </entry>
    <entry id="16" name="ko:K00880" type="ortholog" reaction="rn:R07127"
        link="http://www.genome.jp/dbget-bin/www_bget?ko+K00880">
        <graphics name="K00880" fgcolor="#000000" bgcolor="#FFFFFF"
             type="rectangle" x="332" y="726" width="46" height="17"/>
    </entry>
    <entry id="17" name="ko:K08092" type="ortholog" reaction="rn:R02637 rn:R02639"
        link="http://www.genome.jp/dbget-bin/www_bget?ko+K08092">
        <graphics name="K08092" fgcolor="#000000" bgcolor="#FFFFFF"
             type="rectangle" x="410" y="754" width="46" height="17"/>
    </entry>
    <entry id="18" name="ec:4.1.1.-" type="enzyme" reaction="rn:R04784"
        link="http://www.genome.jp/dbget-bin/www_bget?enzyme+4.1.1.-">
        <graphics name="4.1.1.-" fgcolor="#000000" bgcolor="#FFFFFF"
             type="rectangle" x="546" y="789" width="46" height="17"/>
    </entry>
    <entry id="19" name="cpd:C00137" type="compound"
        link="http://www.genome.jp/dbget-bin/www_bget?compound+C00137">
        <graphics name="C00137" fgcolor="#000000" bgcolor="#FFFFFF"
             type="circle" x="413" y="241" width="8" height="8"/>
    </entry>
    <entry id="20" name="cpd:C05385" type="compound"
        link="http://www.genome.jp/dbget-bin/www_bget?compound+C05385">
        <graphics name="C05385" fgcolor="#000000" bgcolor="#FFFFFF"
             type="circle" x="498" y="241" width="8" height="8"/>
    </entry>
    <entry id="21" name="cpd:C00167" type="compound"
        link="http://www.genome.jp/dbget-bin/www_bget?compound+C00167">
        <graphics name="C00167" fgcolor="#000000" bgcolor="#FFFFFF"
             type="circle" x="498" y="169" width="8" height="8"/>
    </entry>
    <entry id="22" name="cpd:C00029" type="compound"
        link="http://www.genome.jp/dbget-bin/www_bget?compound+C00029">
        <graphics name="C00029" fgcolor="#000000" bgcolor="#FFFFFF"
             type="circle" x="498" y="97" width="8" height="8"/>
    </entry>
    <entry id="23" name="cpd:C16186" type="compound"
        link="http://www.genome.jp/dbget-bin/www_bget?compound+C16186">
        <graphics name="C16186" fgcolor="#000000" bgcolor="#FFFFFF"
             type="circle" x="331" y="630" width="8" height="8"/>
    </entry>
    <entry id="24" name="cpd:C01825" type="compound"
        link="http://www.genome.jp/dbget-bin/www_bget?compound+C01825">
        <graphics name="C01825" fgcolor="#000000" bgcolor="#FFFFFF"
             type="circle" x="246" y="385" width="8" height="8"/>
    </entry>
    <entry id="25" name="cpd:C15930" type="compound"
        link="http://www.genome.jp/dbget-bin/www_bget?compound+C15930">
        <graphics name="C15930" fgcolor="#000000" bgcolor="#FFFFFF"
             type="circle" x="154" y="385" width="8" height="8"/>
    </entry>
    <entry id="26" name="cpd:C15926" type="compound"
        link="http://www.genome.jp/dbget-bin/www_bget?compound+C15926">
        <graphics name="C15926" fgcolor="#000000" bgcolor="#FFFFFF"
             type="circle" x="246" y="313" width="8" height="8"/>
    </entry>
    <entry id="27" name="cpd:C15923" type="compound"
        link="http://www.genome.jp/dbget-bin/www_bget?compound+C15923">
        <graphics name="C15923" fgcolor="#000000" bgcolor="#FFFFFF"
             type="circle" x="334" y="385" width="8" height="8"/>
    </entry>
    <entry id="28" name="cpd:C15924" type="compound"
        link="http://www.genome.jp/dbget-bin/www_bget?compound+C15924">
        <graphics name="C15924" fgcolor="#000000" bgcolor="#FFFFFF"
             type="circle" x="334" y="313" width="8" height="8"/>
    </entry>
    <entry id="29" name="cpd:C15925" type="compound"
        link="http://www.genome.jp/dbget-bin/www_bget?compound+C15925">
        <graphics name="C15925" fgcolor="#000000" bgcolor="#FFFFFF"
             type="circle" x="334" y="241" width="8" height="8"/>
    </entry>
    <entry id="30" name="cpd:C02280" type="compound"
        link="http://www.genome.jp/dbget-bin/www_bget?compound+C02280">
        <graphics name="C02280" fgcolor="#000000" bgcolor="#FFFFFF"
             type="circle" x="246" y="241" width="8" height="8"/>
    </entry>
    <entry id="31" name="cpd:C00096" type="compound"
        link="http://www.genome.jp/dbget-bin/www_bget?compound+C00096">
        <graphics name="C00096" fgcolor="#000000" bgcolor="#FFFFFF"
             type="circle" x="290" y="169" width="8" height="8"/>
    </entry>
    <entry id="32" name="cpd:C00231" type="compound"
        link="http://www.genome.jp/dbget-bin/www_bget?compound+C00231">
        <graphics name="C00231" fgcolor="#000000" bgcolor="#FFFFFF"
             type="circle" x="65" y="689" width="8" height="8"/>
    </entry>
    <entry id="33" name="cpd:C01101" type="compound"
        link="http://www.genome.jp/dbget-bin/www_bget?compound+C01101">
        <graphics name="C01101" fgcolor="#000000" bgcolor="#FFFFFF"
             type="circle" x="153" y="689" width="8" height="8"/>
    </entry>
    <entry id="34" name="cpd:C03291" type="compound"
        link="http://www.genome.jp/dbget-bin/www_bget?compound+C03291">
        <graphics name="C03291" fgcolor="#000000" bgcolor="#FFFFFF"
             type="circle" x="246" y="689" width="8" height="8"/>
    </entry>
    <entry id="35" name="cpd:C14899" type="compound"
        link="http://www.genome.jp/dbget-bin/www_bget?compound+C14899">
        <graphics name="C14899" fgcolor="#000000" bgcolor="#FFFFFF"
             type="circle" x="331" y="689" width="8" height="8"/>
    </entry>
    <entry id="36" name="ko:K03077" type="ortholog" reaction="rn:R05850"
        link="http://www.genome.jp/dbget-bin/www_bget?ko+K03077">
        <graphics name="K03077" fgcolor="#000000" bgcolor="#FFFFFF"
             type="rectangle" x="113" y="689" width="46" height="17"/>
    </entry>
    <entry id="37" name="ko:K03078" type="ortholog" reaction="rn:R07125"
        link="http://www.genome.jp/dbget-bin/www_bget?ko+K03078">
        <graphics name="K03078" fgcolor="#000000" bgcolor="#FFFFFF"
             type="rectangle" x="293" y="689" width="46" height="17"/>
    </entry>
    <entry id="38" name="ko:K03079" type="ortholog" reaction="rn:R03244"
        link="http://www.genome.jp/dbget-bin/www_bget?ko+K03079">
        <graphics name="K03079" fgcolor="#000000" bgcolor="#FFFFFF"
             type="rectangle" x="204" y="689" width="46" height="17"/>
    </entry>
    <entry id="39" name="path:map00630" type="map"
        link="http://www.genome.jp/kegg/pathway/map/map00630.html">
        <graphics name="Glyoxylate and dicarboxylate metabolism" fgcolor="#000000" bgcolor="#FFFFFF"
             type="roundrectangle" x="751" y="241" width="92" height="48"/>
    </entry>
    <entry id="40" name="ec:1.1.1.20" type="enzyme" reaction="rn:R03183"
        link="http://www.genome.jp/dbget-bin/www_bget?enzyme+1.1.1.20">
        <graphics name="1.1.1.20" fgcolor="#000000" bgcolor="#FFFFFF"
             type="rectangle" x="586" y="384" width="46" height="17"/>
    </entry>
    <entry id="41" name="ec:1.1.1.19" type="enzyme" reaction="rn:R01481"
        link="http://www.genome.jp/dbget-bin/www_bget?enzyme+1.1.1.19">
        <graphics name="1.1.1.19" fgcolor="#000000" bgcolor="#FFFFFF"
             type="rectangle" x="498" y="348" width="46" height="17"/>
    </entry>
    <entry id="42" name="ko:K00225" type="ortholog" reaction="rn:R07679"
        link="http://www.genome.jp/dbget-bin/www_bget?ko+K00225">
        <graphics name="K00225" fgcolor="#000000" bgcolor="#FFFFFF"
             type="rectangle" x="414" y="552" width="46" height="17"/>
    </entry>
    <entry id="43" name="path:map00040" type="map"
        link="http://www.genome.jp/kegg/pathway/map/map00040.html">
        <graphics name="Pentose and glucuronate interconversions" fgcolor="#000000" bgcolor="#FFFFFF"
             type="roundrectangle" x="943" y="793" width="140" height="34"/>
    </entry>
    <entry id="44" name="ko:K01630" type="ortholog" reaction="rn:R03277"
        link="http://www.genome.jp/dbget-bin/www_bget?ko+K01630">
        <graphics name="K01630" fgcolor="#000000" bgcolor="#FFFFFF"
             type="rectangle" x="850" y="168" width="46" height="17"/>
    </entry>
    <entry id="45" name="ko:K01706" type="ortholog" reaction="rn:R02752"
        link="http://www.genome.jp/dbget-bin/www_bget?ko+K01706">
        <graphics name="K01706" fgcolor="#000000" bgcolor="#FFFFFF"
             type="rectangle" x="749" y="312" width="46" height="17"/>
    </entry>
    <entry id="46" name="ec:3.1.1.25" type="enzyme" reaction="rn:R02933"
        link="http://www.genome.jp/dbget-bin/www_bget?enzyme+3.1.1.25">
        <graphics name="3.1.1.25" fgcolor="#000000" bgcolor="#FFFFFF"
             type="rectangle" x="523" y="421" width="46" height="17"/>
    </entry>
    <entry id="47" name="ko:K00103" type="ortholog" reaction="rn:R00647"
        link="http://www.genome.jp/dbget-bin/www_bget?ko+K00103">
        <graphics name="K00103" fgcolor="#000000" bgcolor="#FFFFFF"
             type="rectangle" x="372" y="456" width="46" height="17"/>
    </entry>
    <entry id="48" name="path:map00053" type="map"
        link="http://www.genome.jp/dbget-bin/get_linkdb?pathway+map00053">
        <graphics name="TITLE:Ascorbate and aldarate metabolism" fgcolor="#000000" bgcolor="#FFFFFF"
             type="roundrectangle" x="223" y="67" width="326" height="25"/>
    </entry>
    <entry id="49" name="ko:K01630" type="ortholog" reaction="rn:R02754"
        link="http://www.genome.jp/dbget-bin/www_bget?ko+K01630">
        <graphics name="K01630" fgcolor="#000000" bgcolor="#FFFFFF"
             type="rectangle" x="850" y="312" width="46" height="17"/>
    </entry>
    <entry id="50" name="ko:K01708" type="ortholog" reaction="rn:R05608"
        link="http://www.genome.jp/dbget-bin/www_bget?ko+K01708">
        <graphics name="K01708" fgcolor="#000000" bgcolor="#FFFFFF"
             type="rectangle" x="749" y="384" width="46" height="17"/>
    </entry>
    <entry id="51" name="ko:K01707" type="ortholog" reaction="rn:R02279"
        link="http://www.genome.jp/dbget-bin/www_bget?ko+K01707">
        <graphics name="K01707" fgcolor="#000000" bgcolor="#FFFFFF"
             type="rectangle" x="806" y="408" width="46" height="17"/>
    </entry>
    <entry id="52" name="ec:1.8.5.1" type="enzyme" reaction="rn:R01108"
        link="http://www.genome.jp/dbget-bin/www_bget?enzyme+1.8.5.1">
        <graphics name="1.8.5.1" fgcolor="#000000" bgcolor="#FFFFFF"
             type="rectangle" x="414" y="575" width="46" height="17"/>
    </entry>
    <entry id="53" name="ko:K00434" type="ortholog" reaction="rn:R00644"
        link="http://www.genome.jp/dbget-bin/www_bget?ko+K00434">
        <graphics name="K00434" fgcolor="#000000" bgcolor="#FFFFFF"
             type="rectangle" x="414" y="596" width="46" height="17"/>
    </entry>
    <entry id="54" name="ko:K00423" type="ortholog" reaction="rn:R00068"
        link="http://www.genome.jp/dbget-bin/www_bget?ko+K00423">
        <graphics name="K00423" fgcolor="#000000" bgcolor="#FFFFFF"
             type="rectangle" x="414" y="531" width="46" height="17"/>
    </entry>
    <entry id="55" name="ko:K08232" type="ortholog" reaction="rn:R00095"
        link="http://www.genome.jp/dbget-bin/www_bget?ko+K08232">
        <graphics name="K08232" fgcolor="#000000" bgcolor="#FFFFFF"
             type="rectangle" x="414" y="487" width="46" height="17"/>
    </entry>
    <entry id="56" name="ec:3.7.1.-" type="enzyme" reaction="rn:R01335"
        link="http://www.genome.jp/dbget-bin/www_bget?enzyme+3.7.1.-">
        <graphics name="3.7.1.-" fgcolor="#000000" bgcolor="#FFFFFF"
             type="rectangle" x="910" y="408" width="46" height="17"/>
    </entry>
    <entry id="57" name="ec:1.2.1.26" type="enzyme" reaction="rn:R00264"
        link="http://www.genome.jp/dbget-bin/www_bget?enzyme+1.2.1.26">
        <graphics name="1.2.1.26" fgcolor="#000000" bgcolor="#FFFFFF"
             type="rectangle" x="749" y="456" width="46" height="17"/>
    </entry>
    <entry id="58" name="ko:K01053" type="ortholog" reaction="rn:R02933"
        link="http://www.genome.jp/dbget-bin/www_bget?ko+K01053">
        <graphics name="K01053" fgcolor="#000000" bgcolor="#FFFFFF"
             type="rectangle" x="473" y="421" width="46" height="17"/>
    </entry>
    <entry id="59" name="ec:4.2.1.43" type="enzyme" reaction="rn:R02278"
        link="http://www.genome.jp/dbget-bin/www_bget?enzyme+4.2.1.43">
        <graphics name="4.2.1.43" fgcolor="#000000" bgcolor="#FFFFFF"
             type="rectangle" x="806" y="495" width="46" height="17"/>
    </entry>
    <entry id="60" name="path:map00020" type="map"
        link="http://www.genome.jp/kegg/pathway/map/map00020.html">
        <graphics name="Citrate cycle (TCA cycle)" fgcolor="#000000" bgcolor="#FFFFFF"
             type="roundrectangle" x="693" y="541" width="79" height="25"/>
    </entry>
    <entry id="61" name="path:map00520" type="map"
        link="http://www.genome.jp/kegg/pathway/map/map00520.html">
        <graphics name="Nucleotide sugars metabolism" fgcolor="#000000" bgcolor="#FFFFFF"
             type="roundrectangle" x="926" y="753" width="106" height="34"/>
    </entry>
    <entry id="62" name="ec:4.1.1.-" type="enzyme" reaction="rn:R04515"
        link="http://www.genome.jp/dbget-bin/www_bget?enzyme+4.1.1.-">
        <graphics name="4.1.1.-" fgcolor="#000000" bgcolor="#FFFFFF"
             type="rectangle" x="546" y="754" width="46" height="17"/>
    </entry>
    <entry id="63" name="path:map00051" type="map"
        link="http://www.genome.jp/kegg/pathway/map/map00051.html">
        <graphics name="Fructose and mannose metabolism" fgcolor="#000000" bgcolor="#FFFFFF"
             type="roundrectangle" x="291" y="118" width="128" height="34"/>
    </entry>
    <entry id="64" name="ec:1.1.1.-" type="enzyme" reaction="rn:R04375"
        link="http://www.genome.jp/dbget-bin/www_bget?enzyme+1.1.1.-">
        <graphics name="1.1.1.-" fgcolor="#000000" bgcolor="#FFFFFF"
             type="rectangle" x="910" y="495" width="46" height="17"/>
    </entry>
    <entry id="65" name="ec:4.2.1.25" type="enzyme" reaction="rn:R02522"
        link="http://www.genome.jp/dbget-bin/www_bget?enzyme+4.2.1.25">
        <graphics name="4.2.1.25" fgcolor="#000000" bgcolor="#FFFFFF"
             type="rectangle" x="806" y="575" width="46" height="17"/>
    </entry>
    <entry id="66" name="ec:4.2.1.25" type="enzyme" reaction="rn:R02522"
        link="http://www.genome.jp/dbget-bin/www_bget?enzyme+4.2.1.25">
        <graphics name="4.2.1.25" fgcolor="#000000" bgcolor="#FFFFFF"
             type="rectangle" x="910" y="575" width="46" height="17"/>
    </entry>
    <entry id="67" name="ko:K01706" type="ortholog" reaction="rn:R08056"
        link="http://www.genome.jp/dbget-bin/www_bget?ko+K01706">
        <graphics name="K01706" fgcolor="#000000" bgcolor="#FFFFFF"
             type="rectangle" x="749" y="168" width="46" height="17"/>
    </entry>
    <entry id="68" name="ko:K00128" type="ortholog" reaction="rn:R02957"
        link="http://www.genome.jp/dbget-bin/www_bget?ko+K00128">
        <graphics name="K00128" fgcolor="#000000" bgcolor="#FFFFFF"
             type="rectangle" x="641" y="313" width="46" height="17"/>
    </entry>
    <entry id="69" name="ec:3.1.1.19" type="enzyme" reaction="rn:R01483"
        link="http://www.genome.jp/dbget-bin/www_bget?enzyme+3.1.1.19">
        <graphics name="3.1.1.19" fgcolor="#000000" bgcolor="#FFFFFF"
             type="rectangle" x="543" y="313" width="46" height="17"/>
    </entry>
    <entry id="70" name="ec:1.14.-.-" type="enzyme" reaction="rn:R00645"
        link="http://www.genome.jp/dbget-bin/www_bget?enzyme+1.14.-.-">
        <graphics name="1.14.-.-" fgcolor="#000000" bgcolor="#FFFFFF"
             type="rectangle" x="414" y="508" width="46" height="17"/>
    </entry>
    <entry id="71" name="ec:1.13.11.13" type="enzyme" reaction="rn:R00646"
        link="http://www.genome.jp/dbget-bin/www_bget?enzyme+1.13.11.13">
        <graphics name="1.13.11.13" fgcolor="#000000" bgcolor="#FFFFFF"
             type="rectangle" x="293" y="542" width="46" height="17"/>
    </entry>
    <entry id="72" name="ec:1.1.1.129" type="enzyme" reaction="rn:R03733"
        link="http://www.genome.jp/dbget-bin/www_bget?enzyme+1.1.1.129">
        <graphics name="1.1.1.129" fgcolor="#000000" bgcolor="#FFFFFF"
             type="rectangle" x="200" y="542" width="46" height="17"/>
    </entry>
    <entry id="73" name="ec:1.1.1.46" type="enzyme" reaction="rn:R01757"
        link="http://www.genome.jp/dbget-bin/www_bget?enzyme+1.1.1.46">
        <graphics name="1.1.1.46" fgcolor="#000000" bgcolor="#FFFFFF"
             type="rectangle" x="806" y="721" width="46" height="17"/>
    </entry>
    <entry id="74" name="ec:3.1.1.15" type="enzyme" reaction="rn:R02526"
        link="http://www.genome.jp/dbget-bin/www_bget?enzyme+3.1.1.15">
        <graphics name="3.1.1.15" fgcolor="#000000" bgcolor="#FFFFFF"
             type="rectangle" x="806" y="648" width="46" height="17"/>
    </entry>
    <entry id="75" name="ko:K00225" type="ortholog" reaction="rn:R00640"
        link="http://www.genome.jp/dbget-bin/www_bget?ko+K00225">
        <graphics name="K00225" fgcolor="#000000" bgcolor="#FFFFFF"
             type="rectangle" x="292" y="446" width="46" height="17"/>
    </entry>
    <entry id="76" name="ko:K05276" type="ortholog" reaction="rn:R00643"
        link="http://www.genome.jp/dbget-bin/www_bget?ko+K05276">
        <graphics name="K05276" fgcolor="#000000" bgcolor="#FFFFFF"
             type="rectangle" x="292" y="467" width="46" height="17"/>
    </entry>
    <entry id="77" name="cpd:C02670" type="compound"
        link="http://www.genome.jp/dbget-bin/www_bget?compound+C02670">
        <graphics name="C02670" fgcolor="#000000" bgcolor="#FFFFFF"
             type="circle" x="586" y="313" width="8" height="8"/>
    </entry>
    <entry id="78" name="cpd:C00191" type="compound"
        link="http://www.genome.jp/dbget-bin/www_bget?compound+C00191">
        <graphics name="C00191" fgcolor="#000000" bgcolor="#FFFFFF"
             type="circle" x="498" y="313" width="8" height="8"/>
    </entry>
    <entry id="79" name="cpd:C03921" type="compound"
        link="http://www.genome.jp/dbget-bin/www_bget?compound+C03921">
        <graphics name="C03921" fgcolor="#000000" bgcolor="#FFFFFF"
             type="circle" x="802" y="169" width="8" height="8"/>
    </entry>
    <entry id="80" name="cpd:C00818" type="compound"
        link="http://www.genome.jp/dbget-bin/www_bget?compound+C00818">
        <graphics name="C00818" fgcolor="#000000" bgcolor="#FFFFFF"
             type="circle" x="694" y="313" width="8" height="8"/>
    </entry>
    <entry id="81" name="cpd:C01040" type="compound"
        link="http://www.genome.jp/dbget-bin/www_bget?compound+C01040">
        <graphics name="C01040" fgcolor="#000000" bgcolor="#FFFFFF"
             type="circle" x="498" y="457" width="8" height="8"/>
    </entry>
    <entry id="82" name="cpd:C00800" type="compound"
        link="http://www.genome.jp/dbget-bin/www_bget?compound+C00800">
        <graphics name="C00800" fgcolor="#000000" bgcolor="#FFFFFF"
             type="circle" x="498" y="385" width="8" height="8"/>
    </entry>
    <entry id="83" name="cpd:C01146" type="compound"
        link="http://www.genome.jp/dbget-bin/www_bget?compound+C01146">
        <graphics name="C01146" fgcolor="#000000" bgcolor="#FFFFFF"
             type="circle" x="886" y="241" width="8" height="8"/>
    </entry>
    <entry id="84" name="cpd:C00333" type="compound"
        link="http://www.genome.jp/dbget-bin/www_bget?compound+C00333">
        <graphics name="C00333" fgcolor="#000000" bgcolor="#FFFFFF"
             type="circle" x="154" y="313" width="8" height="8"/>
    </entry>
    <entry id="85" name="cpd:C03289" type="compound"
        link="http://www.genome.jp/dbget-bin/www_bget?compound+C03289">
        <graphics name="C03289" fgcolor="#000000" bgcolor="#FFFFFF"
             type="circle" x="414" y="457" width="8" height="8"/>
    </entry>
    <entry id="86" name="cpd:C00022" type="compound"
        link="http://www.genome.jp/dbget-bin/www_bget?compound+C00022">
        <graphics name="C00022" fgcolor="#000000" bgcolor="#FFFFFF"
             type="circle" x="910" y="313" width="8" height="8"/>
    </entry>
    <entry id="87" name="cpd:C00679" type="compound"
        link="http://www.genome.jp/dbget-bin/www_bget?compound+C00679">
        <graphics name="C00679" fgcolor="#000000" bgcolor="#FFFFFF"
             type="circle" x="803" y="313" width="8" height="8"/>
    </entry>
    <entry id="88" name="cpd:C00879" type="compound"
        link="http://www.genome.jp/dbget-bin/www_bget?compound+C00879">
        <graphics name="C00879" fgcolor="#000000" bgcolor="#FFFFFF"
             type="circle" x="694" y="384" width="8" height="8"/>
    </entry>
    <entry id="89" name="cpd:C00072" type="compound"
        link="http://www.genome.jp/dbget-bin/www_bget?compound+C00072">
        <graphics name="C00072" fgcolor="#000000" bgcolor="#FFFFFF"
             type="circle" x="334" y="542" width="8" height="8"/>
    </entry>
    <entry id="90" name="cpd:C00433" type="compound"
        link="http://www.genome.jp/dbget-bin/www_bget?compound+C00433">
        <graphics name="C00433" fgcolor="#000000" bgcolor="#FFFFFF"
             type="circle" x="807" y="457" width="8" height="8"/>
    </entry>
    <entry id="91" name="cpd:C00026" type="compound"
        link="http://www.genome.jp/dbget-bin/www_bget?compound+C00026">
        <graphics name="C00026" fgcolor="#000000" bgcolor="#FFFFFF"
             type="circle" x="694" y="457" width="8" height="8"/>
    </entry>
    <entry id="92" name="cpd:C05422" type="compound"
        link="http://www.genome.jp/dbget-bin/www_bget?compound+C05422">
        <graphics name="C05422" fgcolor="#000000" bgcolor="#FFFFFF"
             type="circle" x="498" y="542" width="8" height="8"/>
    </entry>
    <entry id="93" name="cpd:C01041" type="compound"
        link="http://www.genome.jp/dbget-bin/www_bget?compound+C01041">
        <graphics name="C01041" fgcolor="#000000" bgcolor="#FFFFFF"
             type="circle" x="498" y="497" width="8" height="8"/>
    </entry>
    <entry id="94" name="cpd:C05406" type="compound"
        link="http://www.genome.jp/dbget-bin/www_bget?compound+C05406">
        <graphics name="C05406" fgcolor="#000000" bgcolor="#FFFFFF"
             type="circle" x="910" y="457" width="8" height="8"/>
    </entry>
    <entry id="95" name="cpd:C04575" type="compound"
        link="http://www.genome.jp/dbget-bin/www_bget?compound+C04575">
        <graphics name="C04575" fgcolor="#000000" bgcolor="#FFFFFF"
             type="circle" x="500" y="754" width="8" height="8"/>
    </entry>
    <entry id="96" name="cpd:C00259" type="compound"
        link="http://www.genome.jp/dbget-bin/www_bget?compound+C00259">
        <graphics name="C00259" fgcolor="#000000" bgcolor="#FFFFFF"
             type="circle" x="807" y="754" width="8" height="8"/>
    </entry>
    <entry id="97" name="cpd:C00684" type="compound"
        link="http://www.genome.jp/dbget-bin/www_bget?compound+C00684">
        <graphics name="C00684" fgcolor="#000000" bgcolor="#FFFFFF"
             type="circle" x="807" y="540" width="8" height="8"/>
    </entry>
    <entry id="98" name="cpd:C05411" type="compound"
        link="http://www.genome.jp/dbget-bin/www_bget?compound+C05411">
        <graphics name="C05411" fgcolor="#000000" bgcolor="#FFFFFF"
             type="circle" x="607" y="755" width="8" height="8"/>
    </entry>
    <entry id="99" name="cpd:C05412" type="compound"
        link="http://www.genome.jp/dbget-bin/www_bget?compound+C05412">
        <graphics name="C05412" fgcolor="#000000" bgcolor="#FFFFFF"
             type="circle" x="607" y="790" width="8" height="8"/>
    </entry>
    <entry id="100" name="cpd:C03826" type="compound"
        link="http://www.genome.jp/dbget-bin/www_bget?compound+C03826">
        <graphics name="C03826" fgcolor="#000000" bgcolor="#FFFFFF"
             type="circle" x="910" y="540" width="8" height="8"/>
    </entry>
    <entry id="101" name="cpd:C00545" type="compound"
        link="http://www.genome.jp/dbget-bin/www_bget?compound+C00545">
        <graphics name="C00545" fgcolor="#000000" bgcolor="#FFFFFF"
             type="circle" x="807" y="612" width="8" height="8"/>
    </entry>
    <entry id="102" name="cpd:C01620" type="compound"
        link="http://www.genome.jp/dbget-bin/www_bget?compound+C01620">
        <graphics name="C01620" fgcolor="#000000" bgcolor="#FFFFFF"
             type="circle" x="246" y="542" width="8" height="8"/>
    </entry>
    <entry id="103" name="cpd:C03064" type="compound"
        link="http://www.genome.jp/dbget-bin/www_bget?compound+C03064">
        <graphics name="C03064" fgcolor="#000000" bgcolor="#FFFFFF"
             type="circle" x="154" y="542" width="8" height="8"/>
    </entry>
    <entry id="104" name="cpd:C01114" type="compound"
        link="http://www.genome.jp/dbget-bin/www_bget?compound+C01114">
        <graphics name="C01114" fgcolor="#000000" bgcolor="#FFFFFF"
             type="circle" x="807" y="689" width="8" height="8"/>
    </entry>
    <entry id="105" name="cpd:C01115" type="compound"
        link="http://www.genome.jp/dbget-bin/www_bget?compound+C01115">
        <graphics name="C01115" fgcolor="#000000" bgcolor="#FFFFFF"
             type="circle" x="246" y="457" width="8" height="8"/>
    </entry>
    <entry id="106" name="cpd:C00618" type="compound"
        link="http://www.genome.jp/dbget-bin/www_bget?compound+C00618">
        <graphics name="C00618" fgcolor="#000000" bgcolor="#FFFFFF"
             type="circle" x="331" y="754" width="8" height="8"/>
    </entry>
    <entry id="123" name="" type="other" reaction="rn:R04785">
        <graphics fgcolor="#000000" bgcolor="#FFFFFF"
             type="rectangle" x="500" y="648" width="1" height="200"/>
    </entry>
    <entry id="124" name="" type="other" reaction="rn:R03185 rn:R03186">
        <graphics fgcolor="#000000" bgcolor="#FFFFFF"
             type="rectangle" x="498" y="519" width="1" height="33"/>
    </entry>
    <relation entry1="8" entry2="9" type="ECrel">
        <subtype name="compound" value="30"/>
    </relation>
    <relation entry1="8" entry2="10" type="ECrel">
        <subtype name="compound" value="30"/>
    </relation>
    <relation entry1="7" entry2="8" type="ECrel">
        <subtype name="compound" value="26"/>
    </relation>
    <relation entry1="6" entry2="7" type="ECrel">
        <subtype name="compound" value="24"/>
    </relation>
    <relation entry1="3" entry2="4" type="ECrel">
        <subtype name="compound" value="25"/>
    </relation>
    <relation entry1="3" entry2="6" type="ECrel">
        <subtype name="compound" value="105"/>
    </relation>
    <relation entry1="6" entry2="75" type="ECrel">
        <subtype name="compound" value="105"/>
    </relation>
    <relation entry1="6" entry2="76" type="ECrel">
        <subtype name="compound" value="105"/>
    </relation>
    <relation entry1="3" entry2="75" type="ECrel">
        <subtype name="compound" value="105"/>
    </relation>
    <relation entry1="3" entry2="76" type="ECrel">
        <subtype name="compound" value="105"/>
    </relation>
    <relation entry1="47" entry2="75" type="ECrel">
        <subtype name="compound" value="89"/>
    </relation>
    <relation entry1="55" entry2="75" type="ECrel">
        <subtype name="compound" value="89"/>
    </relation>
    <relation entry1="70" entry2="75" type="ECrel">
        <subtype name="compound" value="89"/>
    </relation>
    <relation entry1="54" entry2="75" type="ECrel">
        <subtype name="compound" value="89"/>
    </relation>
    <relation entry1="42" entry2="75" type="ECrel">
        <subtype name="compound" value="89"/>
    </relation>
    <relation entry1="52" entry2="75" type="ECrel">
        <subtype name="compound" value="89"/>
    </relation>
    <relation entry1="53" entry2="75" type="ECrel">
        <subtype name="compound" value="89"/>
    </relation>
    <relation entry1="1" entry2="75" type="ECrel">
        <subtype name="compound" value="89"/>
    </relation>
    <relation entry1="71" entry2="75" type="ECrel">
        <subtype name="compound" value="89"/>
    </relation>
    <relation entry1="47" entry2="76" type="ECrel">
        <subtype name="compound" value="89"/>
    </relation>
    <relation entry1="55" entry2="76" type="ECrel">
        <subtype name="compound" value="89"/>
    </relation>
    <relation entry1="70" entry2="76" type="ECrel">
        <subtype name="compound" value="89"/>
    </relation>
    <relation entry1="54" entry2="76" type="ECrel">
        <subtype name="compound" value="89"/>
    </relation>
    <relation entry1="42" entry2="76" type="ECrel">
        <subtype name="compound" value="89"/>
    </relation>
    <relation entry1="52" entry2="76" type="ECrel">
        <subtype name="compound" value="89"/>
    </relation>
    <relation entry1="53" entry2="76" type="ECrel">
        <subtype name="compound" value="89"/>
    </relation>
    <relation entry1="1" entry2="76" type="ECrel">
        <subtype name="compound" value="89"/>
    </relation>
    <relation entry1="71" entry2="76" type="ECrel">
        <subtype name="compound" value="89"/>
    </relation>
    <relation entry1="47" entry2="55" type="ECrel">
        <subtype name="compound" value="89"/>
    </relation>
    <relation entry1="47" entry2="70" type="ECrel">
        <subtype name="compound" value="89"/>
    </relation>
    <relation entry1="47" entry2="54" type="ECrel">
        <subtype name="compound" value="89"/>
    </relation>
    <relation entry1="42" entry2="47" type="ECrel">
        <subtype name="compound" value="89"/>
    </relation>
    <relation entry1="47" entry2="52" type="ECrel">
        <subtype name="compound" value="89"/>
    </relation>
    <relation entry1="47" entry2="53" type="ECrel">
        <subtype name="compound" value="89"/>
    </relation>
    <relation entry1="1" entry2="47" type="ECrel">
        <subtype name="compound" value="89"/>
    </relation>
    <relation entry1="47" entry2="71" type="ECrel">
        <subtype name="compound" value="89"/>
    </relation>
    <relation entry1="54" entry2="55" type="ECrel">
        <subtype name="compound" value="89"/>
    </relation>
    <relation entry1="42" entry2="55" type="ECrel">
        <subtype name="compound" value="89"/>
    </relation>
    <relation entry1="52" entry2="55" type="ECrel">
        <subtype name="compound" value="89"/>
    </relation>
    <relation entry1="53" entry2="55" type="ECrel">
        <subtype name="compound" value="89"/>
    </relation>
    <relation entry1="1" entry2="55" type="ECrel">
        <subtype name="compound" value="89"/>
    </relation>
    <relation entry1="55" entry2="71" type="ECrel">
        <subtype name="compound" value="89"/>
    </relation>
    <relation entry1="54" entry2="70" type="ECrel">
        <subtype name="compound" value="89"/>
    </relation>
    <relation entry1="42" entry2="70" type="ECrel">
        <subtype name="compound" value="89"/>
    </relation>
    <relation entry1="52" entry2="70" type="ECrel">
        <subtype name="compound" value="89"/>
    </relation>
    <relation entry1="53" entry2="70" type="ECrel">
        <subtype name="compound" value="89"/>
    </relation>
    <relation entry1="1" entry2="70" type="ECrel">
        <subtype name="compound" value="89"/>
    </relation>
    <relation entry1="70" entry2="71" type="ECrel">
        <subtype name="compound" value="89"/>
    </relation>
    <relation entry1="1" entry2="54" type="ECrel">
        <subtype name="compound" value="89"/>
    </relation>
    <relation entry1="54" entry2="71" type="ECrel">
        <subtype name="compound" value="89"/>
    </relation>
    <relation entry1="1" entry2="42" type="ECrel">
        <subtype name="compound" value="89"/>
    </relation>
    <relation entry1="42" entry2="71" type="ECrel">
        <subtype name="compound" value="89"/>
    </relation>
    <relation entry1="1" entry2="52" type="ECrel">
        <subtype name="compound" value="89"/>
    </relation>
    <relation entry1="52" entry2="71" type="ECrel">
        <subtype name="compound" value="89"/>
    </relation>
    <relation entry1="1" entry2="53" type="ECrel">
        <subtype name="compound" value="89"/>
    </relation>
    <relation entry1="53" entry2="71" type="ECrel">
        <subtype name="compound" value="89"/>
    </relation>
    <relation entry1="1" entry2="71" type="ECrel">
        <subtype name="compound" value="89"/>
    </relation>
    <relation entry1="71" entry2="72" type="ECrel">
        <subtype name="compound" value="102"/>
    </relation>
    <relation entry1="1" entry2="2" type="ECrel">
        <subtype name="compound" value="23"/>
    </relation>
    <relation entry1="2" entry2="37" type="ECrel">
        <subtype name="compound" value="35"/>
    </relation>
    <relation entry1="2" entry2="16" type="ECrel">
        <subtype name="compound" value="35"/>
    </relation>
    <relation entry1="16" entry2="37" type="ECrel">
        <subtype name="compound" value="35"/>
    </relation>
    <relation entry1="37" entry2="38" type="ECrel">
        <subtype name="compound" value="34"/>
    </relation>
    <relation entry1="36" entry2="38" type="ECrel">
        <subtype name="compound" value="33"/>
    </relation>
    <relation entry1="16" entry2="17" type="ECrel">
        <subtype name="compound" value="106"/>
    </relation>
    <relation entry1="17" entry2="62" type="ECrel">
        <subtype name="compound" value="95"/>
    </relation>
    <relation entry1="17" entry2="18" type="ECrel">
        <subtype name="compound" value="95"/>
    </relation>
    <relation entry1="18" entry2="62" type="ECrel">
        <subtype name="compound" value="95"/>
    </relation>
    <relation entry1="14" entry2="15" type="ECrel">
        <subtype name="compound" value="21"/>
    </relation>
    <relation entry1="13" entry2="14" type="ECrel">
        <subtype name="compound" value="20"/>
    </relation>
    <relation entry1="12" entry2="13" type="ECrel">
        <subtype name="compound" value="78"/>
    </relation>
    <relation entry1="13" entry2="41" type="ECrel">
        <subtype name="compound" value="78"/>
    </relation>
    <relation entry1="13" entry2="69" type="ECrel">
        <subtype name="compound" value="78"/>
    </relation>
    <relation entry1="12" entry2="41" type="ECrel">
        <subtype name="compound" value="78"/>
    </relation>
    <relation entry1="12" entry2="69" type="ECrel">
        <subtype name="compound" value="78"/>
    </relation>
    <relation entry1="41" entry2="69" type="ECrel">
        <subtype name="compound" value="78"/>
    </relation>
    <relation entry1="41" entry2="58" type="ECrel">
        <subtype name="compound" value="82"/>
    </relation>
    <relation entry1="41" entry2="46" type="ECrel">
        <subtype name="compound" value="82"/>
    </relation>
    <relation entry1="5" entry2="58" type="ECrel">
        <subtype name="compound" value="81"/>
    </relation>
    <relation entry1="40" entry2="58" type="ECrel">
        <subtype name="compound" value="81"/>
    </relation>
    <relation entry1="5" entry2="46" type="ECrel">
        <subtype name="compound" value="81"/>
    </relation>
    <relation entry1="40" entry2="46" type="ECrel">
        <subtype name="compound" value="81"/>
    </relation>
    <relation entry1="5" entry2="40" type="ECrel">
        <subtype name="compound" value="81"/>
    </relation>
    <relation entry1="68" entry2="69" type="ECrel">
        <subtype name="compound" value="77"/>
    </relation>
    <relation entry1="40" entry2="69" type="ECrel">
        <subtype name="compound" value="77"/>
    </relation>
    <relation entry1="40" entry2="68" type="ECrel">
        <subtype name="compound" value="77"/>
    </relation>
    <relation entry1="45" entry2="68" type="ECrel">
        <subtype name="compound" value="80"/>
    </relation>
    <relation entry1="67" entry2="68" type="ECrel">
        <subtype name="compound" value="80"/>
    </relation>
    <relation entry1="45" entry2="50" type="ECrel">
        <subtype name="compound" value="87"/>
    </relation>
    <relation entry1="45" entry2="51" type="ECrel">
        <subtype name="compound" value="87"/>
    </relation>
    <relation entry1="45" entry2="49" type="ECrel">
        <subtype name="compound" value="87"/>
    </relation>
    <relation entry1="50" entry2="51" type="ECrel">
        <subtype name="compound" value="87"/>
    </relation>
    <relation entry1="49" entry2="50" type="ECrel">
        <subtype name="compound" value="87"/>
    </relation>
    <relation entry1="49" entry2="51" type="ECrel">
        <subtype name="compound" value="87"/>
    </relation>
    <relation entry1="49" entry2="56" type="ECrel">
        <subtype name="compound" value="86"/>
    </relation>
    <relation entry1="44" entry2="56" type="ECrel">
        <subtype name="compound" value="86"/>
    </relation>
    <relation entry1="56" entry2="64" type="ECrel">
        <subtype name="compound" value="94"/>
    </relation>
    <relation entry1="64" entry2="66" type="ECrel">
        <subtype name="compound" value="100"/>
    </relation>
    <relation entry1="51" entry2="57" type="ECrel">
        <subtype name="compound" value="90"/>
    </relation>
    <relation entry1="51" entry2="59" type="ECrel">
        <subtype name="compound" value="90"/>
    </relation>
    <relation entry1="57" entry2="59" type="ECrel">
        <subtype name="compound" value="90"/>
    </relation>
    <relation entry1="59" entry2="65" type="ECrel">
        <subtype name="compound" value="97"/>
    </relation>
    <relation entry1="65" entry2="74" type="ECrel">
        <subtype name="compound" value="101"/>
    </relation>
    <relation entry1="66" entry2="74" type="ECrel">
        <subtype name="compound" value="101"/>
    </relation>
    <relation entry1="73" entry2="74" type="ECrel">
        <subtype name="compound" value="104"/>
    </relation>
    <relation entry1="73" entry2="61" type="maplink">
        <subtype name="compound" value="96"/>
    </relation>
    <relation entry1="73" entry2="43" type="maplink">
        <subtype name="compound" value="96"/>
    </relation>
    <relation entry1="43" entry2="61" type="maplink">
        <subtype name="compound" value="96"/>
    </relation>
    <relation entry1="57" entry2="60" type="maplink">
        <subtype name="compound" value="91"/>
    </relation>
    <relation entry1="44" entry2="39" type="maplink">
        <subtype name="compound" value="83"/>
    </relation>
    <relation entry1="49" entry2="39" type="maplink">
        <subtype name="compound" value="83"/>
    </relation>
    <relation entry1="10" entry2="63" type="maplink">
        <subtype name="compound" value="31"/>
    </relation>
    <relation entry1="11" entry2="63" type="maplink">
        <subtype name="compound" value="31"/>
    </relation>
    <reaction name="rn:R07671" type="irreversible">
        <substrate name="cpd:C00072"/>
        <product name="cpd:C16186"/>
    </reaction>
    <reaction name="rn:R07677" type="irreversible">
        <substrate name="cpd:C16186"/>
        <product name="cpd:C14899"/>
    </reaction>
    <reaction name="rn:R07680" type="irreversible">
        <substrate name="cpd:C15930"/>
        <product name="cpd:C01115"/>
    </reaction>
    <reaction name="rn:R07676" type="reversible">
        <substrate name="cpd:C15930"/>
        <product name="cpd:C00333"/>
    </reaction>
    <reaction name="rn:R03184" type="irreversible">
        <substrate name="cpd:C01040"/>
        <product name="cpd:C03289"/>
    </reaction>
    <reaction name="rn:R07675" type="irreversible">
        <substrate name="cpd:C01825"/>
        <product name="cpd:C01115"/>
    </reaction>
    <reaction name="rn:R07674" type="irreversible">
        <substrate name="cpd:C15926"/>
        <product name="cpd:C01825"/>
    </reaction>
    <reaction name="rn:R07678" type="irreversible">
        <substrate name="cpd:C02280"/>
        <product name="cpd:C15926"/>
    </reaction>
    <reaction name="rn:R07673" type="reversible">
        <substrate name="cpd:C15925"/>
        <product name="cpd:C02280"/>
    </reaction>
    <reaction name="rn:R00889" type="reversible">
        <substrate name="cpd:C00096"/>
        <product name="cpd:C02280"/>
    </reaction>
    <reaction name="rn:R07672" type="reversible">
        <substrate name="cpd:C00096"/>
        <product name="cpd:C15925"/>
    </reaction>
    <reaction name="rn:R01184" type="irreversible">
        <substrate name="cpd:C00137"/>
        <product name="cpd:C00191"/>
    </reaction>
    <reaction name="rn:R01476" type="reversible">
        <substrate name="cpd:C00191"/>
        <product name="cpd:C05385"/>
    </reaction>
    <reaction name="rn:R01381" type="irreversible">
        <substrate name="cpd:C00167"/>
        <product name="cpd:C05385"/>
    </reaction>
    <reaction name="rn:R00286" type="irreversible">
        <substrate name="cpd:C00029"/>
        <product name="cpd:C00167"/>
    </reaction>
    <reaction name="rn:R07127" type="irreversible">
        <substrate name="cpd:C00618"/>
        <product name="cpd:C14899"/>
    </reaction>
    <reaction name="rn:R02637" type="reversible">
        <substrate name="cpd:C00618"/>
        <product name="cpd:C04575"/>
    </reaction>
    <reaction name="rn:R02639" type="reversible">
        <substrate name="cpd:C00618"/>
        <product name="cpd:C04575"/>
    </reaction>
    <reaction name="rn:R04784" type="irreversible">
        <substrate name="cpd:C04575"/>
        <product name="cpd:C05412"/>
    </reaction>
    <reaction name="rn:R05850" type="irreversible">
        <substrate name="cpd:C01101"/>
        <product name="cpd:C00231"/>
    </reaction>
    <reaction name="rn:R07125" type="irreversible">
        <substrate name="cpd:C14899"/>
        <product name="cpd:C03291"/>
    </reaction>
    <reaction name="rn:R03244" type="irreversible">
        <substrate name="cpd:C03291"/>
        <product name="cpd:C01101"/>
    </reaction>
    <reaction name="rn:R03183" type="reversible">
        <substrate name="cpd:C01040"/>
        <product name="cpd:C02670"/>
    </reaction>
    <reaction name="rn:R01481" type="reversible">
        <substrate name="cpd:C00800"/>
        <product name="cpd:C00191"/>
    </reaction>
    <reaction name="rn:R07679" type="irreversible">
        <substrate name="cpd:C00072"/>
        <product name="cpd:C05422"/>
    </reaction>
    <reaction name="rn:R03277" type="reversible">
        <substrate name="cpd:C03921"/>
        <product name="cpd:C00022"/>
        <product name="cpd:C01146"/>
    </reaction>
    <reaction name="rn:R02752" type="reversible">
        <substrate name="cpd:C00818"/>
        <product name="cpd:C00679"/>
    </reaction>
    <reaction name="rn:R02933" type="reversible">
        <substrate name="cpd:C01040"/>
        <product name="cpd:C00800"/>
    </reaction>
    <reaction name="rn:R00647" type="reversible">
        <substrate name="cpd:C00072"/>
        <product name="cpd:C03289"/>
    </reaction>
    <reaction name="rn:R02754" type="reversible">
        <substrate name="cpd:C00679"/>
        <product name="cpd:C00022"/>
        <product name="cpd:C01146"/>
    </reaction>
    <reaction name="rn:R05608" type="reversible">
        <substrate name="cpd:C00879"/>
        <product name="cpd:C00679"/>
    </reaction>
    <reaction name="rn:R02279" type="reversible">
        <substrate name="cpd:C00679"/>
        <product name="cpd:C00433"/>
    </reaction>
    <reaction name="rn:R01108" type="irreversible">
        <substrate name="cpd:C05422"/>
        <product name="cpd:C00072"/>
    </reaction>
    <reaction name="rn:R00644" type="irreversible">
        <substrate name="cpd:C05422"/>
        <product name="cpd:C00072"/>
    </reaction>
    <reaction name="rn:R00068" type="irreversible">
        <substrate name="cpd:C00072"/>
        <product name="cpd:C05422"/>
    </reaction>
    <reaction name="rn:R00095" type="reversible">
        <substrate name="cpd:C01041"/>
        <product name="cpd:C00072"/>
    </reaction>
    <reaction name="rn:R01335" type="reversible">
        <substrate name="cpd:C05406"/>
        <product name="cpd:C00022"/>
    </reaction>
    <reaction name="rn:R00264" type="reversible">
        <substrate name="cpd:C00433"/>
        <product name="cpd:C00026"/>
    </reaction>
    <reaction name="rn:R02278" type="reversible">
        <substrate name="cpd:C00684"/>
        <product name="cpd:C00433"/>
    </reaction>
    <reaction name="rn:R04515" type="irreversible">
        <substrate name="cpd:C04575"/>
        <product name="cpd:C05411"/>
    </reaction>
    <reaction name="rn:R04375" type="reversible">
        <substrate name="cpd:C05406"/>
        <product name="cpd:C03826"/>
    </reaction>
    <reaction name="rn:R02522" type="reversible">
        <substrate name="cpd:C00545"/>
        <product name="cpd:C00684"/>
    </reaction>
    <reaction name="rn:R08056" type="irreversible">
        <substrate name="cpd:C00818"/>
        <product name="cpd:C03921"/>
    </reaction>
    <reaction name="rn:R02957" type="reversible">
        <substrate name="cpd:C02670"/>
        <product name="cpd:C00818"/>
    </reaction>
    <reaction name="rn:R01483" type="reversible">
        <substrate name="cpd:C02670"/>
        <product name="cpd:C00191"/>
    </reaction>
    <reaction name="rn:R00645" type="reversible">
        <substrate name="cpd:C00072"/>
        <product name="cpd:C01041"/>
    </reaction>
    <reaction name="rn:R00646" type="reversible">
        <substrate name="cpd:C00072"/>
        <product name="cpd:C01620"/>
    </reaction>
    <reaction name="rn:R03733" type="reversible">
        <substrate name="cpd:C01620"/>
        <product name="cpd:C03064"/>
    </reaction>
    <reaction name="rn:R01757" type="reversible">
        <substrate name="cpd:C00259"/>
        <product name="cpd:C01114"/>
    </reaction>
    <reaction name="rn:R02526" type="reversible">
        <substrate name="cpd:C01114"/>
        <product name="cpd:C00545"/>
    </reaction>
    <reaction name="rn:R00640" type="irreversible">
        <substrate name="cpd:C01115"/>
        <product name="cpd:C00072"/>
    </reaction>
    <reaction name="rn:R00643" type="irreversible">
        <substrate name="cpd:C01115"/>
        <product name="cpd:C00072"/>
    </reaction>
    <reaction name="rn:R04785" type="irreversible">
        <substrate name="cpd:C05422"/>
        <product name="cpd:C04575"/>
    </reaction>
    <reaction name="rn:R03185" type="irreversible">
        <substrate name="cpd:C01041"/>
        <product name="cpd:C05422"/>
    </reaction>
    <reaction name="rn:R03186" type="irreversible">
        <substrate name="cpd:C01041"/>
        <product name="cpd:C00072"/>
        <product name="cpd:C05422"/>
    </reaction>
</pathway>
