<?xml version="1.0"?>
<!DOCTYPE pathway SYSTEM "http://www.genome.jp/kegg/xml/KGML_v0.6.1_.dtd">
<!-- Creation date: Jan 29 2009 01:24:33 +0900 (JST) -->
<pathway name="path:map00031" org="map" number="00031"
         title="Inositol metabolism"
         image="http://www.genome.jp/kegg/pathway/map/map00031.gif"
         link="http://www.genome.jp/dbget-bin/show_pathway?map00031">
    <entry id="1" name="ko:K01803" type="ortholog" reaction="rn:R01015"
        link="http://www.genome.jp/dbget-bin/www_bget?ko+K01803">
        <graphics name="K01803" fgcolor="#000000" bgcolor="#FFFFFF"
             type="rectangle" x="651" y="252" width="46" height="17"/>
    </entry>
    <entry id="2" name="ko:K00136" type="ortholog" reaction="rn:R00705 rn:R00706"
        link="http://www.genome.jp/dbget-bin/www_bget?ko+K00136">
        <graphics name="K00136" fgcolor="#000000" bgcolor="#FFFFFF"
             type="rectangle" x="729" y="161" width="46" height="17"/>
    </entry>
    <entry id="3" name="path:map00030" type="map"
        link="http://www.genome.jp/kegg/pathway/map/map00030.html">
        <graphics name="Pentose phosphate pathway" fgcolor="#000000" bgcolor="#FFFFFF"
             type="roundrectangle" x="651" y="378" width="149" height="25"/>
    </entry>
    <entry id="4" name="path:map00031" type="map"
        link="http://www.genome.jp/dbget-bin/get_linkdb?pathway+map00031">
        <graphics name="TITLE:Inositol metabolism" fgcolor="#000000" bgcolor="#FFFFFF"
             type="roundrectangle" x="153" y="67" width="186" height="25"/>
    </entry>
    <entry id="5" name="cpd:C06891" type="compound"
        link="http://www.genome.jp/dbget-bin/www_bget?compound+C06891">
        <graphics name="C06891" fgcolor="#000000" bgcolor="#FFFFFF"
             type="circle" x="296" y="150" width="8" height="8"/>
    </entry>
    <entry id="6" name="cpd:C00222" type="compound"
        link="http://www.genome.jp/dbget-bin/www_bget?compound+C00222">
        <graphics name="C00222" fgcolor="#000000" bgcolor="#FFFFFF"
             type="circle" x="679" y="150" width="8" height="8"/>
    </entry>
    <entry id="7" name="cpd:C00118" type="compound"
        link="http://www.genome.jp/dbget-bin/www_bget?compound+C00118">
        <graphics name="C00118" fgcolor="#000000" bgcolor="#FFFFFF"
             type="circle" x="652" y="291" width="8" height="8"/>
    </entry>
    <entry id="8" name="cpd:C06893" type="compound"
        link="http://www.genome.jp/dbget-bin/www_bget?compound+C06893">
        <graphics name="C06893" fgcolor="#000000" bgcolor="#FFFFFF"
             type="circle" x="577" y="150" width="8" height="8"/>
    </entry>
    <entry id="9" name="cpd:C06892" type="compound"
        link="http://www.genome.jp/dbget-bin/www_bget?compound+C06892">
        <graphics name="C06892" fgcolor="#000000" bgcolor="#FFFFFF"
             type="circle" x="484" y="150" width="8" height="8"/>
    </entry>
    <entry id="10" name="cpd:C00024" type="compound"
        link="http://www.genome.jp/dbget-bin/www_bget?compound+C00024">
        <graphics name="C00024" fgcolor="#000000" bgcolor="#FFFFFF"
             type="circle" x="777" y="151" width="8" height="8"/>
    </entry>
    <entry id="11" name="cpd:C00111" type="compound"
        link="http://www.genome.jp/dbget-bin/www_bget?compound+C00111">
        <graphics name="C00111" fgcolor="#000000" bgcolor="#FFFFFF"
             type="circle" x="652" y="212" width="8" height="8"/>
    </entry>
    <entry id="12" name="cpd:C00137" type="compound"
        link="http://www.genome.jp/dbget-bin/www_bget?compound+C00137">
        <graphics name="C00137" fgcolor="#000000" bgcolor="#FFFFFF"
             type="circle" x="93" y="151" width="8" height="8"/>
    </entry>
    <entry id="13" name="cpd:C00691" type="compound"
        link="http://www.genome.jp/dbget-bin/www_bget?compound+C00691">
        <graphics name="C00691" fgcolor="#000000" bgcolor="#FFFFFF"
             type="circle" x="198" y="151" width="8" height="8"/>
    </entry>
    <entry id="14" name="ko:K00140" type="ortholog" reaction="rn:R00705"
        link="http://www.genome.jp/dbget-bin/www_bget?ko+K00140">
        <graphics name="K00140" fgcolor="#000000" bgcolor="#FFFFFF"
             type="rectangle" x="729" y="140" width="46" height="17"/>
    </entry>
    <entry id="15" name="ko:K03337" type="ortholog" reaction="rn:R08503"
        link="http://www.genome.jp/dbget-bin/www_bget?ko+K03337">
        <graphics name="K03337" fgcolor="#000000" bgcolor="#FFFFFF"
             type="rectangle" x="428" y="150" width="46" height="17"/>
    </entry>
    <entry id="16" name="ko:K03338" type="ortholog" reaction="rn:R05661"
        link="http://www.genome.jp/dbget-bin/www_bget?ko+K03338">
        <graphics name="K03338" fgcolor="#000000" bgcolor="#FFFFFF"
             type="rectangle" x="527" y="150" width="46" height="17"/>
    </entry>
    <entry id="17" name="ko:K03339" type="ortholog" reaction="rn:R05378"
        link="http://www.genome.jp/dbget-bin/www_bget?ko+K03339">
        <graphics name="K03339" fgcolor="#000000" bgcolor="#FFFFFF"
             type="rectangle" x="615" y="150" width="46" height="17"/>
    </entry>
    <entry id="18" name="ko:K03336" type="ortholog" reaction="rn:R08504"
        link="http://www.genome.jp/dbget-bin/www_bget?ko+K03336">
        <graphics name="K03336" fgcolor="#000000" bgcolor="#FFFFFF"
             type="rectangle" x="335" y="150" width="46" height="17"/>
    </entry>
    <entry id="19" name="ko:K03335" type="ortholog" reaction="rn:R05659"
        link="http://www.genome.jp/dbget-bin/www_bget?ko+K03335">
        <graphics name="K03335" fgcolor="#000000" bgcolor="#FFFFFF"
             type="rectangle" x="241" y="150" width="46" height="17"/>
    </entry>
    <entry id="20" name="ko:K00010" type="ortholog" reaction="rn:R01183"
        link="http://www.genome.jp/dbget-bin/www_bget?ko+K00010">
        <graphics name="K00010" fgcolor="#000000" bgcolor="#FFFFFF"
             type="rectangle" x="145" y="150" width="46" height="17"/>
    </entry>
    <entry id="29" name="cpd:C16737" type="compound"
        link="http://www.genome.jp/dbget-bin/www_bget?compound+C16737">
        <graphics name="C16737" fgcolor="#000000" bgcolor="#FFFFFF"
             type="circle" x="389" y="151" width="8" height="8"/>
    </entry>
    <relation entry1="20" entry2="19" type="ECrel">
        <subtype name="compound" value="13"/>
    </relation>
    <relation entry1="19" entry2="18" type="ECrel">
        <subtype name="compound" value="5"/>
    </relation>
    <relation entry1="18" entry2="15" type="ECrel">
        <subtype name="compound" value="29"/>
    </relation>
    <relation entry1="15" entry2="16" type="ECrel">
        <subtype name="compound" value="9"/>
    </relation>
    <relation entry1="16" entry2="17" type="ECrel">
        <subtype name="compound" value="8"/>
    </relation>
    <relation entry1="17" entry2="1" type="ECrel">
        <subtype name="compound" value="11"/>
    </relation>
    <relation entry1="17" entry2="14" type="ECrel">
        <subtype name="compound" value="6"/>
    </relation>
    <relation entry1="17" entry2="2" type="ECrel">
        <subtype name="compound" value="6"/>
    </relation>
    <relation entry1="1" entry2="3" type="maplink">
        <subtype name="compound" value="7"/>
    </relation>
    <reaction name="rn:R01015" type="reversible">
        <substrate name="cpd:C00118"/>
        <product name="cpd:C00111"/>
    </reaction>
    <reaction name="rn:R00705" type="irreversible">
        <substrate name="cpd:C00222"/>
        <product name="cpd:C00024"/>
    </reaction>
    <reaction name="rn:R00706" type="irreversible">
        <substrate name="cpd:C00222"/>
        <product name="cpd:C00024"/>
    </reaction>
    <reaction name="rn:R08503" type="reversible">
        <substrate name="cpd:C16737"/>
        <product name="cpd:C06892"/>
    </reaction>
    <reaction name="rn:R05661" type="irreversible">
        <substrate name="cpd:C06892"/>
        <product name="cpd:C06893"/>
    </reaction>
    <reaction name="rn:R05378" type="irreversible">
        <substrate name="cpd:C06893"/>
        <product name="cpd:C00111"/>
        <product name="cpd:C00222"/>
    </reaction>
    <reaction name="rn:R08504" type="irreversible">
        <substrate name="cpd:C06891"/>
        <product name="cpd:C16737"/>
    </reaction>
    <reaction name="rn:R05659" type="reversible">
        <substrate name="cpd:C00691"/>
        <product name="cpd:C06891"/>
    </reaction>
    <reaction name="rn:R01183" type="reversible">
        <substrate name="cpd:C00137"/>
        <product name="cpd:C00691"/>
    </reaction>
</pathway>
