<?xml version="1.0"?>
<!DOCTYPE pathway SYSTEM "http://www.genome.jp/kegg/xml/KGML_v0.6.1_.dtd">
<!-- Creation date: Jan 16 2009 02:52:33 +0900 (JST) -->
<pathway name="path:map00632" org="map" number="00632"
         title="Benzoate degradation via CoA ligation"
         image="http://www.genome.jp/kegg/pathway/map/map00632.gif"
         link="http://www.genome.jp/dbget-bin/show_pathway?map00632">
    <entry id="1" name="path:map00650" type="map"
        link="http://www.genome.jp/kegg/pathway/map/map00650.html">
        <graphics name="Butanoate metabolism" fgcolor="#000000" bgcolor="#FFFFFF"
             type="roundrectangle" x="877" y="641" width="129" height="25"/>
    </entry>
    <entry id="2" name="cpd:C16281" type="compound"
        link="http://www.genome.jp/dbget-bin/www_bget?compound+C16281">
        <graphics name="C16281" fgcolor="#000000" bgcolor="#FFFFFF"
             type="circle" x="80" y="138" width="8" height="8"/>
    </entry>
    <entry id="3" name="cpd:C16283" type="compound"
        link="http://www.genome.jp/dbget-bin/www_bget?compound+C16283">
        <graphics name="C16283" fgcolor="#000000" bgcolor="#FFFFFF"
             type="circle" x="80" y="199" width="8" height="8"/>
    </entry>
    <entry id="4" name="cpd:C16285" type="compound"
        link="http://www.genome.jp/dbget-bin/www_bget?compound+C16285">
        <graphics name="C16285" fgcolor="#000000" bgcolor="#FFFFFF"
             type="circle" x="80" y="261" width="8" height="8"/>
    </entry>
    <entry id="5" name="ko:K10215" type="ortholog" reaction="rn:R07836"
        link="http://www.genome.jp/dbget-bin/www_bget?ko+K10215">
        <graphics name="K10215" fgcolor="#000000" bgcolor="#FFFFFF"
             type="rectangle" x="80" y="163" width="46" height="17"/>
    </entry>
    <entry id="6" name="ko:K10215" type="ortholog" reaction="rn:R07837"
        link="http://www.genome.jp/dbget-bin/www_bget?ko+K10215">
        <graphics name="K10215" fgcolor="#000000" bgcolor="#FFFFFF"
             type="rectangle" x="80" y="225" width="46" height="17"/>
    </entry>
    <entry id="7" name="ko:K03463" type="ortholog" reaction="rn:R07829"
        link="http://www.genome.jp/dbget-bin/www_bget?ko+K03463">
        <graphics name="K03463" fgcolor="#000000" bgcolor="#FFFFFF"
             type="rectangle" x="991" y="671" width="46" height="17"/>
    </entry>
    <entry id="8" name="ko:K01913" type="ortholog" reaction="rn:R07828"
        link="http://www.genome.jp/dbget-bin/www_bget?ko+K01913">
        <graphics name="K01913" fgcolor="#000000" bgcolor="#FFFFFF"
             type="rectangle" x="991" y="603" width="46" height="17"/>
    </entry>
    <entry id="9" name="cpd:C16267" type="compound"
        link="http://www.genome.jp/dbget-bin/www_bget?compound+C16267">
        <graphics name="C16267" fgcolor="#000000" bgcolor="#FFFFFF"
             type="circle" x="990" y="574" width="8" height="8"/>
    </entry>
    <entry id="10" name="cpd:C16268" type="compound"
        link="http://www.genome.jp/dbget-bin/www_bget?compound+C16268">
        <graphics name="C16268" fgcolor="#000000" bgcolor="#FFFFFF"
             type="circle" x="990" y="642" width="8" height="8"/>
    </entry>
    <entry id="11" name="cpd:C16273" type="compound"
        link="http://www.genome.jp/dbget-bin/www_bget?compound+C16273">
        <graphics name="C16273" fgcolor="#000000" bgcolor="#FFFFFF"
             type="circle" x="877" y="781" width="8" height="8"/>
    </entry>
    <entry id="12" name="cpd:C16272" type="compound"
        link="http://www.genome.jp/dbget-bin/www_bget?compound+C16272">
        <graphics name="C16272" fgcolor="#000000" bgcolor="#FFFFFF"
             type="circle" x="766" y="781" width="8" height="8"/>
    </entry>
    <entry id="13" name="cpd:C06719" type="compound"
        link="http://www.genome.jp/dbget-bin/www_bget?compound+C06719">
        <graphics name="C06719" fgcolor="#000000" bgcolor="#FFFFFF"
             type="circle" x="655" y="781" width="8" height="8"/>
    </entry>
    <entry id="14" name="cpd:C02183" type="compound"
        link="http://www.genome.jp/dbget-bin/www_bget?compound+C02183">
        <graphics name="C02183" fgcolor="#000000" bgcolor="#FFFFFF"
             type="circle" x="545" y="781" width="8" height="8"/>
    </entry>
    <entry id="15" name="cpd:C01108" type="compound"
        link="http://www.genome.jp/dbget-bin/www_bget?compound+C01108">
        <graphics name="C01108" fgcolor="#000000" bgcolor="#FFFFFF"
             type="circle" x="433" y="781" width="8" height="8"/>
    </entry>
    <entry id="16" name="cpd:C01424" type="compound"
        link="http://www.genome.jp/dbget-bin/www_bget?compound+C01424">
        <graphics name="C01424" fgcolor="#000000" bgcolor="#FFFFFF"
             type="circle" x="322" y="781" width="8" height="8"/>
    </entry>
    <entry id="17" name="ko:K00680" type="ortholog" reaction="rn:R07833"
        link="http://www.genome.jp/dbget-bin/www_bget?ko+K00680">
        <graphics name="K00680" fgcolor="#000000" bgcolor="#FFFFFF"
             type="rectangle" x="877" y="749" width="46" height="17"/>
    </entry>
    <entry id="18" name="ko:K01034 ko:K01035" type="ortholog" reaction="rn:R07832"
        link="http://www.genome.jp/dbget-bin/www_bget?ko+K01034+K01035">
        <graphics name="K01034..." fgcolor="#000000" bgcolor="#FFFFFF"
             type="rectangle" x="815" y="780" width="46" height="17"/>
    </entry>
    <entry id="19" name="ko:K01559" type="ortholog" reaction="rn:R07831"
        link="http://www.genome.jp/dbget-bin/www_bget?ko+K01559">
        <graphics name="K01559" fgcolor="#000000" bgcolor="#FFFFFF"
             type="rectangle" x="707" y="780" width="46" height="17"/>
    </entry>
    <entry id="20" name="ec:1.3.1.57" type="enzyme" reaction="rn:R05308"
        link="http://www.genome.jp/dbget-bin/www_bget?enzyme+1.3.1.57">
        <graphics name="1.3.1.57" fgcolor="#000000" bgcolor="#FFFFFF"
             type="rectangle" x="596" y="780" width="46" height="17"/>
    </entry>
    <entry id="21" name="ec:1.97.1.2" type="enzyme" reaction="rn:R04297"
        link="http://www.genome.jp/dbget-bin/www_bget?enzyme+1.97.1.2">
        <graphics name="1.97.1.2" fgcolor="#000000" bgcolor="#FFFFFF"
             type="rectangle" x="485" y="780" width="46" height="17"/>
    </entry>
    <entry id="22" name="ec:4.1.1.59" type="enzyme" reaction="rn:R03247"
        link="http://www.genome.jp/dbget-bin/www_bget?enzyme+4.1.1.59">
        <graphics name="4.1.1.59" fgcolor="#000000" bgcolor="#FFFFFF"
             type="rectangle" x="376" y="780" width="46" height="17"/>
    </entry>
    <entry id="23" name="cpd:C06206" type="compound"
        link="http://www.genome.jp/dbget-bin/www_bget?compound+C06206">
        <graphics name="C06206" fgcolor="#000000" bgcolor="#FFFFFF"
             type="circle" x="340" y="344" width="8" height="8"/>
    </entry>
    <entry id="24" name="ko:K01512" type="ortholog" reaction="rn:R01421"
        link="http://www.genome.jp/dbget-bin/www_bget?ko+K01512">
        <graphics name="K01512" fgcolor="#000000" bgcolor="#FFFFFF"
             type="rectangle" x="341" y="402" width="46" height="17"/>
    </entry>
    <entry id="25" name="cpd:C00091" type="compound"
        link="http://www.genome.jp/dbget-bin/www_bget?compound+C00091">
        <graphics name="C00091" fgcolor="#000000" bgcolor="#FFFFFF"
             type="circle" x="926" y="218" width="8" height="8"/>
    </entry>
    <entry id="26" name="cpd:C02949" type="compound"
        link="http://www.genome.jp/dbget-bin/www_bget?compound+C02949">
        <graphics name="C02949" fgcolor="#000000" bgcolor="#FFFFFF"
             type="circle" x="353" y="235" width="8" height="8"/>
    </entry>
    <entry id="27" name="ko:K04112 ko:K04113 ko:K04114 ko:K04115" type="ortholog" reaction="rn:R02451"
        link="http://www.genome.jp/dbget-bin/www_bget?ko+K04112+K04113+K04114+K04115">
        <graphics name="K04112..." fgcolor="#000000" bgcolor="#FFFFFF"
             type="rectangle" x="485" y="453" width="46" height="17"/>
    </entry>
    <entry id="28" name="cpd:C00512" type="compound"
        link="http://www.genome.jp/dbget-bin/www_bget?compound+C00512">
        <graphics name="C00512" fgcolor="#000000" bgcolor="#FFFFFF"
             type="circle" x="433" y="456" width="8" height="8"/>
    </entry>
    <entry id="29" name="cpd:C06322" type="compound"
        link="http://www.genome.jp/dbget-bin/www_bget?compound+C06322">
        <graphics name="C06322" fgcolor="#000000" bgcolor="#FFFFFF"
             type="circle" x="542" y="456" width="8" height="8"/>
    </entry>
    <entry id="30" name="cpd:C09810" type="compound"
        link="http://www.genome.jp/dbget-bin/www_bget?compound+C09810">
        <graphics name="C09810" fgcolor="#000000" bgcolor="#FFFFFF"
             type="circle" x="542" y="539" width="8" height="8"/>
    </entry>
    <entry id="31" name="cpd:C09825" type="compound"
        link="http://www.genome.jp/dbget-bin/www_bget?compound+C09825">
        <graphics name="C09825" fgcolor="#000000" bgcolor="#FFFFFF"
             type="circle" x="940" y="456" width="8" height="8"/>
    </entry>
    <entry id="32" name="cpd:C06714" type="compound"
        link="http://www.genome.jp/dbget-bin/www_bget?compound+C06714">
        <graphics name="C06714" fgcolor="#000000" bgcolor="#FFFFFF"
             type="circle" x="1096" y="456" width="8" height="8"/>
    </entry>
    <entry id="33" name="cpd:C06715" type="compound"
        link="http://www.genome.jp/dbget-bin/www_bget?compound+C06715">
        <graphics name="C06715" fgcolor="#000000" bgcolor="#FFFFFF"
             type="circle" x="1096" y="541" width="8" height="8"/>
    </entry>
    <entry id="34" name="cpd:C02411" type="compound"
        link="http://www.genome.jp/dbget-bin/www_bget?compound+C02411">
        <graphics name="C02411" fgcolor="#000000" bgcolor="#FFFFFF"
             type="circle" x="1096" y="710" width="8" height="8"/>
    </entry>
    <entry id="35" name="cpd:C00877" type="compound"
        link="http://www.genome.jp/dbget-bin/www_bget?compound+C00877">
        <graphics name="C00877" fgcolor="#000000" bgcolor="#FFFFFF"
             type="circle" x="990" y="710" width="8" height="8"/>
    </entry>
    <entry id="36" name="cpd:C00527" type="compound"
        link="http://www.genome.jp/dbget-bin/www_bget?compound+C00527">
        <graphics name="C00527" fgcolor="#000000" bgcolor="#FFFFFF"
             type="circle" x="1096" y="626" width="8" height="8"/>
    </entry>
    <entry id="37" name="cpd:C06723" type="compound"
        link="http://www.genome.jp/dbget-bin/www_bget?compound+C06723">
        <graphics name="C06723" fgcolor="#000000" bgcolor="#FFFFFF"
             type="circle" x="1096" y="353" width="8" height="8"/>
    </entry>
    <entry id="38" name="cpd:C01063" type="compound"
        link="http://www.genome.jp/dbget-bin/www_bget?compound+C01063">
        <graphics name="C01063" fgcolor="#000000" bgcolor="#FFFFFF"
             type="circle" x="989" y="353" width="8" height="8"/>
    </entry>
    <entry id="39" name="cpd:C09823" type="compound"
        link="http://www.genome.jp/dbget-bin/www_bget?compound+C09823">
        <graphics name="C09823" fgcolor="#000000" bgcolor="#FFFFFF"
             type="circle" x="740" y="273" width="8" height="8"/>
    </entry>
    <entry id="40" name="cpd:C09822" type="compound"
        link="http://www.genome.jp/dbget-bin/www_bget?compound+C09822">
        <graphics name="C09822" fgcolor="#000000" bgcolor="#FFFFFF"
             type="circle" x="861" y="273" width="8" height="8"/>
    </entry>
    <entry id="41" name="cpd:C09811" type="compound"
        link="http://www.genome.jp/dbget-bin/www_bget?compound+C09811">
        <graphics name="C09811" fgcolor="#000000" bgcolor="#FFFFFF"
             type="circle" x="626" y="353" width="8" height="8"/>
    </entry>
    <entry id="42" name="cpd:C01455" type="compound"
        link="http://www.genome.jp/dbget-bin/www_bget?compound+C01455">
        <graphics name="C01455" fgcolor="#000000" bgcolor="#FFFFFF"
             type="circle" x="1162" y="159" width="8" height="8"/>
    </entry>
    <entry id="43" name="cpd:C00122" type="compound"
        link="http://www.genome.jp/dbget-bin/www_bget?compound+C00122">
        <graphics name="C00122" fgcolor="#000000" bgcolor="#FFFFFF"
             type="circle" x="1126" y="108" width="8" height="8"/>
    </entry>
    <entry id="44" name="cpd:C00042" type="compound"
        link="http://www.genome.jp/dbget-bin/www_bget?compound+C00042">
        <graphics name="C00042" fgcolor="#000000" bgcolor="#FFFFFF"
             type="circle" x="995" y="108" width="8" height="8"/>
    </entry>
    <entry id="45" name="cpd:C09817" type="compound"
        link="http://www.genome.jp/dbget-bin/www_bget?compound+C09817">
        <graphics name="C09817" fgcolor="#000000" bgcolor="#FFFFFF"
             type="circle" x="885" y="159" width="8" height="8"/>
    </entry>
    <entry id="46" name="cpd:C09818" type="compound"
        link="http://www.genome.jp/dbget-bin/www_bget?compound+C09818">
        <graphics name="C09818" fgcolor="#000000" bgcolor="#FFFFFF"
             type="circle" x="767" y="159" width="8" height="8"/>
    </entry>
    <entry id="47" name="cpd:C00108" type="compound"
        link="http://www.genome.jp/dbget-bin/www_bget?compound+C00108">
        <graphics name="C00108" fgcolor="#000000" bgcolor="#FFFFFF"
             type="circle" x="660" y="600" width="8" height="8"/>
    </entry>
    <entry id="48" name="path:map00642" type="map"
        link="http://www.genome.jp/kegg/pathway/map/map00642.html">
        <graphics name="Ethylbenzene degradation" fgcolor="#000000" bgcolor="#FFFFFF"
             type="roundrectangle" x="429" y="642" width="81" height="34"/>
    </entry>
    <entry id="49" name="ko:K00680" type="ortholog" reaction="rn:R05586"
        link="http://www.genome.jp/dbget-bin/www_bget?ko+K00680">
        <graphics name="K00680" fgcolor="#000000" bgcolor="#FFFFFF"
             type="rectangle" x="1096" y="579" width="46" height="17"/>
    </entry>
    <entry id="50" name="ko:K00252" type="ortholog" reaction="rn:R05579"
        link="http://www.genome.jp/dbget-bin/www_bget?ko+K00252">
        <graphics name="K00252" fgcolor="#000000" bgcolor="#FFFFFF"
             type="rectangle" x="1096" y="661" width="46" height="17"/>
    </entry>
    <entry id="51" name="ko:K01615" type="ortholog" reaction="rn:R03028"
        link="http://www.genome.jp/dbget-bin/www_bget?ko+K01615">
        <graphics name="K01615" fgcolor="#000000" bgcolor="#FFFFFF"
             type="rectangle" x="1053" y="710" width="46" height="17"/>
    </entry>
    <entry id="52" name="ko:K01726" type="ortholog" reaction="rn:R05601"
        link="http://www.genome.jp/dbget-bin/www_bget?ko+K01726">
        <graphics name="K01726" fgcolor="#000000" bgcolor="#FFFFFF"
             type="rectangle" x="1096" y="401" width="46" height="17"/>
    </entry>
    <entry id="53" name="ko:K00074" type="ortholog" reaction="rn:R01976"
        link="http://www.genome.jp/dbget-bin/www_bget?ko+K00074">
        <graphics name="K00074" fgcolor="#000000" bgcolor="#FFFFFF"
             type="rectangle" x="830" y="710" width="46" height="17"/>
    </entry>
    <entry id="54" name="ko:K05549 ko:K05550 ko:K05784" type="ortholog" reaction="rn:R05621 rn:R05622"
        link="http://www.genome.jp/dbget-bin/www_bget?ko+K05549+K05550+K05784">
        <graphics name="K05549..." fgcolor="#000000" bgcolor="#FFFFFF"
             type="rectangle" x="177" y="495" width="46" height="17"/>
    </entry>
    <entry id="55" name="path:map00622" type="map"
        link="http://www.genome.jp/kegg/pathway/map/map00622.html">
        <graphics name="Toluene and xylene degradation" fgcolor="#000000" bgcolor="#FFFFFF"
             type="roundrectangle" x="90" y="492" width="107" height="34"/>
    </entry>
    <entry id="56" name="ko:K00626" type="ortholog" reaction="rn:R00238"
        link="http://www.genome.jp/dbget-bin/www_bget?ko+K00626">
        <graphics name="K00626" fgcolor="#000000" bgcolor="#FFFFFF"
             type="rectangle" x="723" y="710" width="46" height="17"/>
    </entry>
    <entry id="57" name="path:map00629" type="map"
        link="http://www.genome.jp/kegg/pathway/map/map00629.html">
        <graphics name="Carbazole degradation" fgcolor="#000000" bgcolor="#FFFFFF"
             type="roundrectangle" x="787" y="600" width="79" height="34"/>
    </entry>
    <entry id="58" name="ko:K01692 ko:K07515 ko:K07514 ko:K07511" type="ortholog" reaction="rn:R03026"
        link="http://www.genome.jp/dbget-bin/www_bget?ko+K01692+K07515+K07514+K07511">
        <graphics name="K01692..." fgcolor="#000000" bgcolor="#FFFFFF"
             type="rectangle" x="941" y="710" width="46" height="17"/>
    </entry>
    <entry id="59" name="ko:K07538" type="ortholog" reaction="rn:R05581"
        link="http://www.genome.jp/dbget-bin/www_bget?ko+K07538">
        <graphics name="K07538" fgcolor="#000000" bgcolor="#FFFFFF"
             type="rectangle" x="746" y="539" width="46" height="17"/>
    </entry>
    <entry id="60" name="ko:K00120" type="ortholog" reaction="rn:R05583"
        link="http://www.genome.jp/dbget-bin/www_bget?ko+K00120">
        <graphics name="K00120" fgcolor="#000000" bgcolor="#FFFFFF"
             type="rectangle" x="868" y="456" width="46" height="17"/>
    </entry>
    <entry id="61" name="ko:K05300" type="ortholog" reaction="rn:R05585"
        link="http://www.genome.jp/dbget-bin/www_bget?ko+K05300">
        <graphics name="K05300" fgcolor="#000000" bgcolor="#FFFFFF"
             type="rectangle" x="501" y="600" width="46" height="17"/>
    </entry>
    <entry id="62" name="ko:K01726" type="ortholog" reaction="rn:R05602"
        link="http://www.genome.jp/dbget-bin/www_bget?ko+K01726">
        <graphics name="K01726" fgcolor="#000000" bgcolor="#FFFFFF"
             type="rectangle" x="740" y="456" width="46" height="17"/>
    </entry>
    <entry id="63" name="ko:K07539" type="ortholog" reaction="rn:R05594"
        link="http://www.genome.jp/dbget-bin/www_bget?ko+K07539">
        <graphics name="K07539" fgcolor="#000000" bgcolor="#FFFFFF"
             type="rectangle" x="889" y="539" width="46" height="17"/>
    </entry>
    <entry id="64" name="ko:K07824" type="ortholog" reaction="rn:R01295"
        link="http://www.genome.jp/dbget-bin/www_bget?ko+K07824">
        <graphics name="K07824" fgcolor="#000000" bgcolor="#FFFFFF"
             type="rectangle" x="262" y="326" width="46" height="17"/>
    </entry>
    <entry id="65" name="path:map00621" type="map"
        link="http://www.genome.jp/kegg/pathway/map/map00621.html">
        <graphics name="Biphenyl degradation" fgcolor="#000000" bgcolor="#FFFFFF"
             type="roundrectangle" x="75" y="407" width="77" height="34"/>
    </entry>
    <entry id="66" name="ko:K04117" type="ortholog" reaction="rn:R05619"
        link="http://www.genome.jp/dbget-bin/www_bget?ko+K04117">
        <graphics name="K04117" fgcolor="#000000" bgcolor="#FFFFFF"
             type="rectangle" x="683" y="273" width="46" height="17"/>
    </entry>
    <entry id="67" name="ko:K07543 ko:K07544" type="ortholog" reaction="rn:R05588"
        link="http://www.genome.jp/dbget-bin/www_bget?ko+K07543+K07544">
        <graphics name="K07543..." fgcolor="#000000" bgcolor="#FFFFFF"
             type="rectangle" x="998" y="159" width="46" height="17"/>
    </entry>
    <entry id="68" name="ko:K04116" type="ortholog" reaction="rn:R05620"
        link="http://www.genome.jp/dbget-bin/www_bget?ko+K04116">
        <graphics name="K04116" fgcolor="#000000" bgcolor="#FFFFFF"
             type="rectangle" x="804" y="273" width="46" height="17"/>
    </entry>
    <entry id="69" name="ko:K07546" type="ortholog" reaction="rn:R05599"
        link="http://www.genome.jp/dbget-bin/www_bget?ko+K07546">
        <graphics name="K07546" fgcolor="#000000" bgcolor="#FFFFFF"
             type="rectangle" x="717" y="159" width="46" height="17"/>
    </entry>
    <entry id="70" name="ko:K04105" type="ortholog" reaction="rn:R01300"
        link="http://www.genome.jp/dbget-bin/www_bget?ko+K04105">
        <graphics name="K04105" fgcolor="#000000" bgcolor="#FFFFFF"
             type="rectangle" x="303" y="235" width="46" height="17"/>
    </entry>
    <entry id="71" name="ko:K01076" type="ortholog" reaction="rn:R05593"
        link="http://www.genome.jp/dbget-bin/www_bget?ko+K01076">
        <graphics name="K01076" fgcolor="#000000" bgcolor="#FFFFFF"
             type="rectangle" x="1005" y="456" width="46" height="17"/>
    </entry>
    <entry id="72" name="ec:1.1.1.259" type="enzyme" reaction="rn:R05305"
        link="http://www.genome.jp/dbget-bin/www_bget?enzyme+1.1.1.259">
        <graphics name="1.1.1.259" fgcolor="#000000" bgcolor="#FFFFFF"
             type="rectangle" x="1097" y="495" width="46" height="17"/>
    </entry>
    <entry id="73" name="ko:K04118" type="ortholog" reaction="rn:R05311"
        link="http://www.genome.jp/dbget-bin/www_bget?ko+K04118">
        <graphics name="K04118" fgcolor="#000000" bgcolor="#FFFFFF"
             type="rectangle" x="1036" y="353" width="46" height="17"/>
    </entry>
    <entry id="74" name="ko:K00239 ko:K00240 ko:K00241 ko:K00242 ko:K00244 ko:K00245 ko:K00246 ko:K00247" type="ortholog" reaction="rn:R00412"
        link="http://www.genome.jp/dbget-bin/www_bget?ko+K00239+K00240+K00241+K00242+K00244+K00245+K00246+K00247">
        <graphics name="K00239..." fgcolor="#000000" bgcolor="#FFFFFF"
             type="rectangle" x="1055" y="108" width="46" height="17"/>
    </entry>
    <entry id="75" name="ko:K07540" type="ortholog" reaction="rn:R05598"
        link="http://www.genome.jp/dbget-bin/www_bget?ko+K07540">
        <graphics name="K07540" fgcolor="#000000" bgcolor="#FFFFFF"
             type="rectangle" x="1108" y="159" width="46" height="17"/>
    </entry>
    <entry id="76" name="ko:K01721" type="ortholog" reaction="rn:R05596"
        link="http://www.genome.jp/dbget-bin/www_bget?ko+K01721">
        <graphics name="K01721" fgcolor="#000000" bgcolor="#FFFFFF"
             type="rectangle" x="177" y="326" width="46" height="17"/>
    </entry>
    <entry id="77" name="ko:K01612" type="ortholog" reaction="rn:R01238"
        link="http://www.genome.jp/dbget-bin/www_bget?ko+K01612">
        <graphics name="K01612" fgcolor="#000000" bgcolor="#FFFFFF"
             type="rectangle" x="192" y="235" width="46" height="17"/>
    </entry>
    <entry id="78" name="ko:K04104" type="ortholog" reaction="rn:R05603"
        link="http://www.genome.jp/dbget-bin/www_bget?ko+K04104">
        <graphics name="K04104" fgcolor="#000000" bgcolor="#FFFFFF"
             type="rectangle" x="263" y="189" width="46" height="17"/>
    </entry>
    <entry id="79" name="ko:K04107 ko:K04108 ko:K04109" type="ortholog" reaction="rn:R05316"
        link="http://www.genome.jp/dbget-bin/www_bget?ko+K04107+K04108+K04109">
        <graphics name="K04107..." fgcolor="#000000" bgcolor="#FFFFFF"
             type="rectangle" x="390" y="235" width="46" height="17"/>
    </entry>
    <entry id="80" name="ko:K07549 ko:K07550" type="ortholog" reaction="rn:R05587"
        link="http://www.genome.jp/dbget-bin/www_bget?ko+K07549+K07550">
        <graphics name="K07549..." fgcolor="#000000" bgcolor="#FFFFFF"
             type="rectangle" x="481" y="159" width="46" height="17"/>
    </entry>
    <entry id="81" name="ko:K05783" type="ortholog" reaction="rn:R00813"
        link="http://www.genome.jp/dbget-bin/www_bget?ko+K05783">
        <graphics name="K05783" fgcolor="#000000" bgcolor="#FFFFFF"
             type="rectangle" x="177" y="587" width="46" height="17"/>
    </entry>
    <entry id="82" name="path:map00632" type="map"
        link="http://www.genome.jp/dbget-bin/get_linkdb?pathway+map00632">
        <graphics name="TITLE:Benzoate degradation via CoA ligation" fgcolor="#000000" bgcolor="#FFFFFF"
             type="roundrectangle" x="231" y="67" width="342" height="25"/>
    </entry>
    <entry id="83" name="path:map00360" type="map"
        link="http://www.genome.jp/kegg/pathway/map/map00360.html">
        <graphics name="Phenylalanine metabolism" fgcolor="#000000" bgcolor="#FFFFFF"
             type="roundrectangle" x="512" y="315" width="84" height="34"/>
    </entry>
    <entry id="84" name="path:map00620" type="map"
        link="http://www.genome.jp/kegg/pathway/map/map00620.html">
        <graphics name="Pyruvate metabolism" fgcolor="#000000" bgcolor="#FFFFFF"
             type="roundrectangle" x="543" y="709" width="75" height="34"/>
    </entry>
    <entry id="85" name="path:map00362" type="map"
        link="http://www.genome.jp/kegg/pathway/map/map00362.html">
        <graphics name="Benzoate degradation via hydroxylation" fgcolor="#000000" bgcolor="#FFFFFF"
             type="roundrectangle" x="181" y="722" width="207" height="25"/>
    </entry>
    <entry id="86" name="ko:K07535" type="ortholog" reaction="rn:R05582"
        link="http://www.genome.jp/dbget-bin/www_bget?ko+K07535">
        <graphics name="K07535" fgcolor="#000000" bgcolor="#FFFFFF"
             type="rectangle" x="811" y="353" width="46" height="17"/>
    </entry>
    <entry id="87" name="ko:K07534" type="ortholog" reaction="rn:R05600"
        link="http://www.genome.jp/dbget-bin/www_bget?ko+K07534">
        <graphics name="K07534" fgcolor="#000000" bgcolor="#FFFFFF"
             type="rectangle" x="701" y="353" width="46" height="17"/>
    </entry>
    <entry id="88" name="ko:K07547 ko:K07548" type="ortholog" reaction="rn:R05575"
        link="http://www.genome.jp/dbget-bin/www_bget?ko+K07547+K07548">
        <graphics name="K07547..." fgcolor="#000000" bgcolor="#FFFFFF"
             type="rectangle" x="598" y="158" width="46" height="17"/>
    </entry>
    <entry id="89" name="ko:K07545" type="ortholog" reaction="rn:R05584"
        link="http://www.genome.jp/dbget-bin/www_bget?ko+K07545">
        <graphics name="K07545" fgcolor="#000000" bgcolor="#FFFFFF"
             type="rectangle" x="832" y="159" width="46" height="17"/>
    </entry>
    <entry id="90" name="ec:2.7.9.-" type="enzyme" reaction="rn:R05625"
        link="http://www.genome.jp/dbget-bin/www_bget?enzyme+2.7.9.-">
        <graphics name="2.7.9.-" fgcolor="#000000" bgcolor="#FFFFFF"
             type="rectangle" x="192" y="153" width="46" height="17"/>
    </entry>
    <entry id="91" name="ko:K01501" type="ortholog" reaction="rn:R05591"
        link="http://www.genome.jp/dbget-bin/www_bget?ko+K01501">
        <graphics name="K01501" fgcolor="#000000" bgcolor="#FFFFFF"
             type="rectangle" x="130" y="371" width="46" height="17"/>
    </entry>
    <entry id="92" name="ko:K07537" type="ortholog" reaction="rn:R05597"
        link="http://www.genome.jp/dbget-bin/www_bget?ko+K07537">
        <graphics name="K07537" fgcolor="#000000" bgcolor="#FFFFFF"
             type="rectangle" x="619" y="456" width="46" height="17"/>
    </entry>
    <entry id="93" name="ko:K08295" type="ortholog" reaction="rn:R00982"
        link="http://www.genome.jp/dbget-bin/www_bget?ko+K08295">
        <graphics name="K08295" fgcolor="#000000" bgcolor="#FFFFFF"
             type="rectangle" x="617" y="600" width="46" height="17"/>
    </entry>
    <entry id="94" name="ko:K08686" type="ortholog" reaction="rn:R01033"
        link="http://www.genome.jp/dbget-bin/www_bget?ko+K08686">
        <graphics name="K08686" fgcolor="#000000" bgcolor="#FFFFFF"
             type="rectangle" x="251" y="631" width="46" height="17"/>
    </entry>
    <entry id="95" name="ko:K01426" type="ortholog" reaction="rn:R05590"
        link="http://www.genome.jp/dbget-bin/www_bget?ko+K01426">
        <graphics name="K01426" fgcolor="#000000" bgcolor="#FFFFFF"
             type="rectangle" x="178" y="402" width="46" height="17"/>
    </entry>
    <entry id="96" name="ko:K04110" type="ortholog" reaction="rn:R01422"
        link="http://www.genome.jp/dbget-bin/www_bget?ko+K04110">
        <graphics name="K04110" fgcolor="#000000" bgcolor="#FFFFFF"
             type="rectangle" x="378" y="456" width="46" height="17"/>
    </entry>
    <entry id="97" name="ko:K07536" type="ortholog" reaction="rn:R05592"
        link="http://www.genome.jp/dbget-bin/www_bget?ko+K07536">
        <graphics name="K07536" fgcolor="#000000" bgcolor="#FFFFFF"
             type="rectangle" x="928" y="353" width="46" height="17"/>
    </entry>
    <entry id="98" name="cpd:C09819" type="compound"
        link="http://www.genome.jp/dbget-bin/www_bget?compound+C09819">
        <graphics name="C09819" fgcolor="#000000" bgcolor="#FFFFFF"
             type="circle" x="654" y="159" width="8" height="8"/>
    </entry>
    <entry id="99" name="cpd:C09820" type="compound"
        link="http://www.genome.jp/dbget-bin/www_bget?compound+C09820">
        <graphics name="C09820" fgcolor="#000000" bgcolor="#FFFFFF"
             type="circle" x="530" y="159" width="8" height="8"/>
    </entry>
    <entry id="100" name="cpd:C09821" type="compound"
        link="http://www.genome.jp/dbget-bin/www_bget?compound+C09821">
        <graphics name="C09821" fgcolor="#000000" bgcolor="#FFFFFF"
             type="circle" x="819" y="539" width="8" height="8"/>
    </entry>
    <entry id="101" name="cpd:C00156" type="compound"
        link="http://www.genome.jp/dbget-bin/www_bget?compound+C00156">
        <graphics name="C00156" fgcolor="#000000" bgcolor="#FFFFFF"
             type="circle" x="262" y="235" width="8" height="8"/>
    </entry>
    <entry id="102" name="cpd:C09814" type="compound"
        link="http://www.genome.jp/dbget-bin/www_bget?compound+C09814">
        <graphics name="C09814" fgcolor="#000000" bgcolor="#FFFFFF"
             type="circle" x="177" y="293" width="8" height="8"/>
    </entry>
    <entry id="103" name="cpd:C00180" type="compound"
        link="http://www.genome.jp/dbget-bin/www_bget?compound+C00180">
        <graphics name="C00180" fgcolor="#000000" bgcolor="#FFFFFF"
             type="circle" x="177" y="452" width="8" height="8"/>
    </entry>
    <entry id="104" name="cpd:C09815" type="compound"
        link="http://www.genome.jp/dbget-bin/www_bget?compound+C09815">
        <graphics name="C09815" fgcolor="#000000" bgcolor="#FFFFFF"
             type="circle" x="177" y="368" width="8" height="8"/>
    </entry>
    <entry id="105" name="cpd:C09816" type="compound"
        link="http://www.genome.jp/dbget-bin/www_bget?compound+C09816">
        <graphics name="C09816" fgcolor="#000000" bgcolor="#FFFFFF"
             type="circle" x="1053" y="159" width="8" height="8"/>
    </entry>
    <entry id="106" name="cpd:C02357" type="compound"
        link="http://www.genome.jp/dbget-bin/www_bget?compound+C02357">
        <graphics name="C02357" fgcolor="#000000" bgcolor="#FFFFFF"
             type="circle" x="316" y="631" width="8" height="8"/>
    </entry>
    <entry id="107" name="cpd:C09813" type="compound"
        link="http://www.genome.jp/dbget-bin/www_bget?compound+C09813">
        <graphics name="C09813" fgcolor="#000000" bgcolor="#FFFFFF"
             type="circle" x="875" y="353" width="8" height="8"/>
    </entry>
    <entry id="108" name="cpd:C00332" type="compound"
        link="http://www.genome.jp/dbget-bin/www_bget?compound+C00332">
        <graphics name="C00332" fgcolor="#000000" bgcolor="#FFFFFF"
             type="circle" x="768" y="710" width="8" height="8"/>
    </entry>
    <entry id="109" name="cpd:C09824" type="compound"
        link="http://www.genome.jp/dbget-bin/www_bget?compound+C09824">
        <graphics name="C09824" fgcolor="#000000" bgcolor="#FFFFFF"
             type="circle" x="806" y="456" width="8" height="8"/>
    </entry>
    <entry id="110" name="cpd:C00090" type="compound"
        link="http://www.genome.jp/dbget-bin/www_bget?compound+C00090">
        <graphics name="C00090" fgcolor="#000000" bgcolor="#FFFFFF"
             type="circle" x="177" y="631" width="8" height="8"/>
    </entry>
    <entry id="111" name="cpd:C06321" type="compound"
        link="http://www.genome.jp/dbget-bin/www_bget?compound+C06321">
        <graphics name="C06321" fgcolor="#000000" bgcolor="#FFFFFF"
             type="circle" x="177" y="547" width="8" height="8"/>
    </entry>
    <entry id="112" name="cpd:C00024" type="compound"
        link="http://www.genome.jp/dbget-bin/www_bget?compound+C00024">
        <graphics name="C00024" fgcolor="#000000" bgcolor="#FFFFFF"
             type="circle" x="657" y="710" width="8" height="8"/>
    </entry>
    <entry id="113" name="cpd:C01144" type="compound"
        link="http://www.genome.jp/dbget-bin/www_bget?compound+C01144">
        <graphics name="C01144" fgcolor="#000000" bgcolor="#FFFFFF"
             type="circle" x="877" y="710" width="8" height="8"/>
    </entry>
    <entry id="114" name="cpd:C02247" type="compound"
        link="http://www.genome.jp/dbget-bin/www_bget?compound+C02247">
        <graphics name="C02247" fgcolor="#000000" bgcolor="#FFFFFF"
             type="circle" x="556" y="600" width="8" height="8"/>
    </entry>
    <entry id="115" name="cpd:C06749" type="compound"
        link="http://www.genome.jp/dbget-bin/www_bget?compound+C06749">
        <graphics name="C06749" fgcolor="#000000" bgcolor="#FFFFFF"
             type="circle" x="680" y="456" width="8" height="8"/>
    </entry>
    <entry id="116" name="cpd:C02734" type="compound"
        link="http://www.genome.jp/dbget-bin/www_bget?compound+C02734">
        <graphics name="C02734" fgcolor="#000000" bgcolor="#FFFFFF"
             type="circle" x="262" y="154" width="8" height="8"/>
    </entry>
    <entry id="117" name="cpd:C09812" type="compound"
        link="http://www.genome.jp/dbget-bin/www_bget?compound+C09812">
        <graphics name="C09812" fgcolor="#000000" bgcolor="#FFFFFF"
             type="circle" x="754" y="353" width="8" height="8"/>
    </entry>
    <entry id="118" name="cpd:C00146" type="compound"
        link="http://www.genome.jp/dbget-bin/www_bget?compound+C00146">
        <graphics name="C00146" fgcolor="#000000" bgcolor="#FFFFFF"
             type="circle" x="136" y="154" width="8" height="8"/>
    </entry>
    <entry id="119" name="cpd:C09809" type="compound"
        link="http://www.genome.jp/dbget-bin/www_bget?compound+C09809">
        <graphics name="C09809" fgcolor="#000000" bgcolor="#FFFFFF"
             type="circle" x="542" y="373" width="8" height="8"/>
    </entry>
    <entry id="120" name="cpd:C06337" type="compound"
        link="http://www.genome.jp/dbget-bin/www_bget?compound+C06337">
        <graphics name="C06337" fgcolor="#000000" bgcolor="#FFFFFF"
             type="circle" x="299" y="382" width="8" height="8"/>
    </entry>
    <entry id="145" name="" type="other" reaction="rn:R05609">
        <graphics fgcolor="#000000" bgcolor="#FFFFFF"
             type="rectangle" x="542" y="414" width="1" height="71"/>
    </entry>
    <entry id="146" name="" type="other" reaction="rn:R05610">
        <graphics fgcolor="#000000" bgcolor="#FFFFFF"
             type="rectangle" x="542" y="497" width="1" height="71"/>
    </entry>
    <relation entry1="77" entry2="90" type="ECrel">
        <subtype name="compound" value="118"/>
    </relation>
    <relation entry1="78" entry2="90" type="ECrel">
        <subtype name="compound" value="116"/>
    </relation>
    <relation entry1="70" entry2="77" type="ECrel">
        <subtype name="compound" value="101"/>
    </relation>
    <relation entry1="77" entry2="78" type="ECrel">
        <subtype name="compound" value="101"/>
    </relation>
    <relation entry1="64" entry2="77" type="ECrel">
        <subtype name="compound" value="101"/>
    </relation>
    <relation entry1="70" entry2="78" type="ECrel">
        <subtype name="compound" value="101"/>
    </relation>
    <relation entry1="64" entry2="70" type="ECrel">
        <subtype name="compound" value="101"/>
    </relation>
    <relation entry1="64" entry2="78" type="ECrel">
        <subtype name="compound" value="101"/>
    </relation>
    <relation entry1="70" entry2="79" type="ECrel">
        <subtype name="compound" value="26"/>
    </relation>
    <relation entry1="76" entry2="91" type="ECrel">
        <subtype name="compound" value="102"/>
    </relation>
    <relation entry1="76" entry2="95" type="ECrel">
        <subtype name="compound" value="104"/>
    </relation>
    <relation entry1="91" entry2="95" type="ECrel">
        <subtype name="compound" value="103"/>
    </relation>
    <relation entry1="64" entry2="91" type="ECrel">
        <subtype name="compound" value="103"/>
    </relation>
    <relation entry1="24" entry2="91" type="ECrel">
        <subtype name="compound" value="103"/>
    </relation>
    <relation entry1="91" entry2="96" type="ECrel">
        <subtype name="compound" value="103"/>
    </relation>
    <relation entry1="54" entry2="91" type="ECrel">
        <subtype name="compound" value="103"/>
    </relation>
    <relation entry1="64" entry2="95" type="ECrel">
        <subtype name="compound" value="103"/>
    </relation>
    <relation entry1="24" entry2="95" type="ECrel">
        <subtype name="compound" value="103"/>
    </relation>
    <relation entry1="95" entry2="96" type="ECrel">
        <subtype name="compound" value="103"/>
    </relation>
    <relation entry1="54" entry2="95" type="ECrel">
        <subtype name="compound" value="103"/>
    </relation>
    <relation entry1="24" entry2="64" type="ECrel">
        <subtype name="compound" value="103"/>
    </relation>
    <relation entry1="64" entry2="96" type="ECrel">
        <subtype name="compound" value="103"/>
    </relation>
    <relation entry1="54" entry2="64" type="ECrel">
        <subtype name="compound" value="103"/>
    </relation>
    <relation entry1="24" entry2="96" type="ECrel">
        <subtype name="compound" value="103"/>
    </relation>
    <relation entry1="24" entry2="54" type="ECrel">
        <subtype name="compound" value="103"/>
    </relation>
    <relation entry1="54" entry2="96" type="ECrel">
        <subtype name="compound" value="103"/>
    </relation>
    <relation entry1="54" entry2="81" type="ECrel">
        <subtype name="compound" value="111"/>
    </relation>
    <relation entry1="81" entry2="94" type="ECrel">
        <subtype name="compound" value="110"/>
    </relation>
    <relation entry1="80" entry2="88" type="ECrel">
        <subtype name="compound" value="99"/>
    </relation>
    <relation entry1="69" entry2="88" type="ECrel">
        <subtype name="compound" value="98"/>
    </relation>
    <relation entry1="69" entry2="89" type="ECrel">
        <subtype name="compound" value="46"/>
    </relation>
    <relation entry1="67" entry2="89" type="ECrel">
        <subtype name="compound" value="45"/>
    </relation>
    <relation entry1="67" entry2="75" type="ECrel">
        <subtype name="compound" value="105"/>
    </relation>
    <relation entry1="67" entry2="74" type="ECrel">
        <subtype name="compound" value="44"/>
    </relation>
    <relation entry1="74" entry2="75" type="ECrel">
        <subtype name="compound" value="43"/>
    </relation>
    <relation entry1="67" entry2="80" type="ECrel">
        <subtype name="compound" value="25"/>
    </relation>
    <relation entry1="66" entry2="68" type="ECrel">
        <subtype name="compound" value="39"/>
    </relation>
    <relation entry1="66" entry2="87" type="ECrel">
        <subtype name="compound" value="41"/>
    </relation>
    <relation entry1="86" entry2="87" type="ECrel">
        <subtype name="compound" value="117"/>
    </relation>
    <relation entry1="86" entry2="97" type="ECrel">
        <subtype name="compound" value="107"/>
    </relation>
    <relation entry1="73" entry2="97" type="ECrel">
        <subtype name="compound" value="38"/>
    </relation>
    <relation entry1="52" entry2="73" type="ECrel">
        <subtype name="compound" value="37"/>
    </relation>
    <relation entry1="52" entry2="71" type="ECrel">
        <subtype name="compound" value="32"/>
    </relation>
    <relation entry1="52" entry2="72" type="ECrel">
        <subtype name="compound" value="32"/>
    </relation>
    <relation entry1="52" entry2="63" type="ECrel">
        <subtype name="compound" value="32"/>
    </relation>
    <relation entry1="71" entry2="72" type="ECrel">
        <subtype name="compound" value="32"/>
    </relation>
    <relation entry1="63" entry2="71" type="ECrel">
        <subtype name="compound" value="32"/>
    </relation>
    <relation entry1="63" entry2="72" type="ECrel">
        <subtype name="compound" value="32"/>
    </relation>
    <relation entry1="60" entry2="71" type="ECrel">
        <subtype name="compound" value="31"/>
    </relation>
    <relation entry1="60" entry2="62" type="ECrel">
        <subtype name="compound" value="109"/>
    </relation>
    <relation entry1="59" entry2="63" type="ECrel">
        <subtype name="compound" value="100"/>
    </relation>
    <relation entry1="62" entry2="92" type="ECrel">
        <subtype name="compound" value="115"/>
    </relation>
    <relation entry1="59" entry2="92" type="ECrel">
        <subtype name="compound" value="115"/>
    </relation>
    <relation entry1="59" entry2="62" type="ECrel">
        <subtype name="compound" value="115"/>
    </relation>
    <relation entry1="49" entry2="72" type="ECrel">
        <subtype name="compound" value="33"/>
    </relation>
    <relation entry1="49" entry2="50" type="ECrel">
        <subtype name="compound" value="36"/>
    </relation>
    <relation entry1="50" entry2="51" type="ECrel">
        <subtype name="compound" value="34"/>
    </relation>
    <relation entry1="51" entry2="58" type="ECrel">
        <subtype name="compound" value="35"/>
    </relation>
    <relation entry1="53" entry2="58" type="ECrel">
        <subtype name="compound" value="113"/>
    </relation>
    <relation entry1="53" entry2="56" type="ECrel">
        <subtype name="compound" value="108"/>
    </relation>
    <relation entry1="61" entry2="93" type="ECrel">
        <subtype name="compound" value="114"/>
    </relation>
    <relation entry1="61" entry2="96" type="ECrel">
        <subtype name="compound" value="28"/>
    </relation>
    <relation entry1="27" entry2="96" type="ECrel">
        <subtype name="compound" value="28"/>
    </relation>
    <relation entry1="79" entry2="96" type="ECrel">
        <subtype name="compound" value="28"/>
    </relation>
    <relation entry1="80" entry2="96" type="ECrel">
        <subtype name="compound" value="28"/>
    </relation>
    <relation entry1="27" entry2="61" type="ECrel">
        <subtype name="compound" value="28"/>
    </relation>
    <relation entry1="61" entry2="79" type="ECrel">
        <subtype name="compound" value="28"/>
    </relation>
    <relation entry1="61" entry2="80" type="ECrel">
        <subtype name="compound" value="28"/>
    </relation>
    <relation entry1="27" entry2="79" type="ECrel">
        <subtype name="compound" value="28"/>
    </relation>
    <relation entry1="27" entry2="80" type="ECrel">
        <subtype name="compound" value="28"/>
    </relation>
    <relation entry1="79" entry2="80" type="ECrel">
        <subtype name="compound" value="28"/>
    </relation>
    <relation entry1="27" entry2="92" type="ECrel">
        <subtype name="compound" value="29"/>
    </relation>
    <relation entry1="6" entry2="5" type="ECrel">
        <subtype name="compound" value="3"/>
    </relation>
    <relation entry1="53" entry2="17" type="ECrel">
        <subtype name="compound" value="113"/>
    </relation>
    <relation entry1="58" entry2="17" type="ECrel">
        <subtype name="compound" value="113"/>
    </relation>
    <relation entry1="18" entry2="17" type="ECrel">
        <subtype name="compound" value="11"/>
    </relation>
    <relation entry1="18" entry2="19" type="ECrel">
        <subtype name="compound" value="12"/>
    </relation>
    <relation entry1="20" entry2="19" type="ECrel">
        <subtype name="compound" value="13"/>
    </relation>
    <relation entry1="20" entry2="21" type="ECrel">
        <subtype name="compound" value="14"/>
    </relation>
    <relation entry1="22" entry2="21" type="ECrel">
        <subtype name="compound" value="15"/>
    </relation>
    <relation entry1="58" entry2="7" type="ECrel">
        <subtype name="compound" value="35"/>
    </relation>
    <relation entry1="51" entry2="7" type="ECrel">
        <subtype name="compound" value="35"/>
    </relation>
    <relation entry1="7" entry2="8" type="ECrel">
        <subtype name="compound" value="10"/>
    </relation>
    <relation entry1="81" entry2="85" type="maplink">
        <subtype name="compound" value="110"/>
    </relation>
    <relation entry1="94" entry2="85" type="maplink">
        <subtype name="compound" value="110"/>
    </relation>
    <relation entry1="96" entry2="83" type="maplink">
        <subtype name="compound" value="28"/>
    </relation>
    <relation entry1="96" entry2="48" type="maplink">
        <subtype name="compound" value="28"/>
    </relation>
    <relation entry1="79" entry2="83" type="maplink">
        <subtype name="compound" value="28"/>
    </relation>
    <relation entry1="79" entry2="48" type="maplink">
        <subtype name="compound" value="28"/>
    </relation>
    <relation entry1="80" entry2="83" type="maplink">
        <subtype name="compound" value="28"/>
    </relation>
    <relation entry1="80" entry2="48" type="maplink">
        <subtype name="compound" value="28"/>
    </relation>
    <relation entry1="27" entry2="83" type="maplink">
        <subtype name="compound" value="28"/>
    </relation>
    <relation entry1="61" entry2="83" type="maplink">
        <subtype name="compound" value="28"/>
    </relation>
    <relation entry1="48" entry2="83" type="maplink">
        <subtype name="compound" value="28"/>
    </relation>
    <relation entry1="27" entry2="48" type="maplink">
        <subtype name="compound" value="28"/>
    </relation>
    <relation entry1="61" entry2="48" type="maplink">
        <subtype name="compound" value="28"/>
    </relation>
    <relation entry1="91" entry2="65" type="maplink">
        <subtype name="compound" value="103"/>
    </relation>
    <relation entry1="95" entry2="65" type="maplink">
        <subtype name="compound" value="103"/>
    </relation>
    <relation entry1="64" entry2="65" type="maplink">
        <subtype name="compound" value="103"/>
    </relation>
    <relation entry1="24" entry2="65" type="maplink">
        <subtype name="compound" value="103"/>
    </relation>
    <relation entry1="96" entry2="65" type="maplink">
        <subtype name="compound" value="103"/>
    </relation>
    <relation entry1="54" entry2="65" type="maplink">
        <subtype name="compound" value="103"/>
    </relation>
    <relation entry1="55" entry2="65" type="maplink">
        <subtype name="compound" value="103"/>
    </relation>
    <relation entry1="91" entry2="55" type="maplink">
        <subtype name="compound" value="103"/>
    </relation>
    <relation entry1="95" entry2="55" type="maplink">
        <subtype name="compound" value="103"/>
    </relation>
    <relation entry1="64" entry2="55" type="maplink">
        <subtype name="compound" value="103"/>
    </relation>
    <relation entry1="24" entry2="55" type="maplink">
        <subtype name="compound" value="103"/>
    </relation>
    <relation entry1="96" entry2="55" type="maplink">
        <subtype name="compound" value="103"/>
    </relation>
    <relation entry1="54" entry2="55" type="maplink">
        <subtype name="compound" value="103"/>
    </relation>
    <relation entry1="93" entry2="57" type="maplink">
        <subtype name="compound" value="47"/>
    </relation>
    <relation entry1="56" entry2="84" type="maplink">
        <subtype name="compound" value="112"/>
    </relation>
    <relation entry1="53" entry2="1" type="maplink">
        <subtype name="compound" value="113"/>
    </relation>
    <relation entry1="58" entry2="1" type="maplink">
        <subtype name="compound" value="113"/>
    </relation>
    <relation entry1="17" entry2="1" type="maplink">
        <subtype name="compound" value="113"/>
    </relation>
    <reaction name="rn:R07836" type="irreversible">
        <substrate name="cpd:C16281"/>
        <product name="cpd:C16283"/>
    </reaction>
    <reaction name="rn:R07837" type="irreversible">
        <substrate name="cpd:C16283"/>
        <product name="cpd:C16285"/>
    </reaction>
    <reaction name="rn:R07829" type="irreversible">
        <substrate name="cpd:C16268"/>
        <product name="cpd:C00877"/>
    </reaction>
    <reaction name="rn:R07828" type="irreversible">
        <substrate name="cpd:C16267"/>
        <product name="cpd:C16268"/>
    </reaction>
    <reaction name="rn:R07833" type="irreversible">
        <substrate name="cpd:C16273"/>
        <product name="cpd:C01144"/>
    </reaction>
    <reaction name="rn:R07832" type="irreversible">
        <substrate name="cpd:C16272"/>
        <product name="cpd:C16273"/>
    </reaction>
    <reaction name="rn:R07831" type="irreversible">
        <substrate name="cpd:C06719"/>
        <product name="cpd:C16272"/>
    </reaction>
    <reaction name="rn:R05308" type="irreversible">
        <substrate name="cpd:C02183"/>
        <product name="cpd:C06719"/>
    </reaction>
    <reaction name="rn:R04297" type="irreversible">
        <substrate name="cpd:C01108"/>
        <product name="cpd:C02183"/>
    </reaction>
    <reaction name="rn:R03247" type="irreversible">
        <substrate name="cpd:C01424"/>
        <product name="cpd:C01108"/>
    </reaction>
    <reaction name="rn:R01421" type="irreversible">
        <substrate name="cpd:C06206"/>
        <product name="cpd:C00180"/>
    </reaction>
    <reaction name="rn:R02451" type="irreversible">
        <substrate name="cpd:C00512"/>
        <product name="cpd:C06322"/>
    </reaction>
    <reaction name="rn:R05586" type="irreversible">
        <substrate name="cpd:C06715"/>
        <product name="cpd:C00527"/>
    </reaction>
    <reaction name="rn:R05579" type="irreversible">
        <substrate name="cpd:C00527"/>
        <product name="cpd:C02411"/>
    </reaction>
    <reaction name="rn:R03028" type="irreversible">
        <substrate name="cpd:C02411"/>
        <product name="cpd:C00877"/>
    </reaction>
    <reaction name="rn:R05601" type="irreversible">
        <substrate name="cpd:C06723"/>
        <product name="cpd:C06714"/>
    </reaction>
    <reaction name="rn:R01976" type="irreversible">
        <substrate name="cpd:C01144"/>
        <product name="cpd:C00332"/>
    </reaction>
    <reaction name="rn:R05621" type="irreversible">
        <substrate name="cpd:C00180"/>
        <product name="cpd:C06321"/>
    </reaction>
    <reaction name="rn:R05622" type="irreversible">
        <substrate name="cpd:C00180"/>
        <product name="cpd:C06321"/>
    </reaction>
    <reaction name="rn:R00238" type="irreversible">
        <substrate name="cpd:C00332"/>
        <product name="cpd:C00024"/>
    </reaction>
    <reaction name="rn:R03026" type="irreversible">
        <substrate name="cpd:C00877"/>
        <product name="cpd:C01144"/>
    </reaction>
    <reaction name="rn:R05581" type="irreversible">
        <substrate name="cpd:C06749"/>
        <product name="cpd:C09821"/>
    </reaction>
    <reaction name="rn:R05583" type="irreversible">
        <substrate name="cpd:C09824"/>
        <product name="cpd:C09825"/>
    </reaction>
    <reaction name="rn:R05585" type="irreversible">
        <substrate name="cpd:C02247"/>
        <product name="cpd:C00512"/>
    </reaction>
    <reaction name="rn:R05602" type="irreversible">
        <substrate name="cpd:C06749"/>
        <product name="cpd:C09824"/>
    </reaction>
    <reaction name="rn:R05594" type="irreversible">
        <substrate name="cpd:C09821"/>
        <product name="cpd:C06714"/>
    </reaction>
    <reaction name="rn:R01295" type="irreversible">
        <substrate name="cpd:C00180"/>
        <product name="cpd:C00156"/>
    </reaction>
    <reaction name="rn:R05619" type="irreversible">
        <substrate name="cpd:C09823"/>
        <product name="cpd:C09811"/>
    </reaction>
    <reaction name="rn:R05588" type="irreversible">
        <substrate name="cpd:C09816"/>
        <substrate name="cpd:C00091"/>
        <product name="cpd:C00042"/>
        <product name="cpd:C09817"/>
    </reaction>
    <reaction name="rn:R05620" type="irreversible">
        <substrate name="cpd:C09822"/>
        <product name="cpd:C09823"/>
    </reaction>
    <reaction name="rn:R05599" type="irreversible">
        <substrate name="cpd:C09818"/>
        <product name="cpd:C09819"/>
    </reaction>
    <reaction name="rn:R01300" type="irreversible">
        <substrate name="cpd:C00156"/>
        <product name="cpd:C02949"/>
    </reaction>
    <reaction name="rn:R05593" type="irreversible">
        <substrate name="cpd:C09825"/>
        <product name="cpd:C06714"/>
    </reaction>
    <reaction name="rn:R05305" type="irreversible">
        <substrate name="cpd:C06714"/>
        <product name="cpd:C06715"/>
    </reaction>
    <reaction name="rn:R05311" type="irreversible">
        <substrate name="cpd:C01063"/>
        <product name="cpd:C06723"/>
    </reaction>
    <reaction name="rn:R00412" type="irreversible">
        <substrate name="cpd:C00042"/>
        <product name="cpd:C00122"/>
    </reaction>
    <reaction name="rn:R05598" type="irreversible">
        <substrate name="cpd:C01455"/>
        <substrate name="cpd:C00122"/>
        <product name="cpd:C09816"/>
    </reaction>
    <reaction name="rn:R05596" type="irreversible">
        <substrate name="cpd:C09814"/>
        <product name="cpd:C09815"/>
    </reaction>
    <reaction name="rn:R01238" type="irreversible">
        <substrate name="cpd:C00146"/>
        <product name="cpd:C00156"/>
    </reaction>
    <reaction name="rn:R05603" type="irreversible">
        <substrate name="cpd:C02734"/>
        <product name="cpd:C00156"/>
    </reaction>
    <reaction name="rn:R05316" type="irreversible">
        <substrate name="cpd:C02949"/>
        <product name="cpd:C00512"/>
    </reaction>
    <reaction name="rn:R05587" type="irreversible">
        <substrate name="cpd:C09820"/>
        <product name="cpd:C00512"/>
        <product name="cpd:C00091"/>
    </reaction>
    <reaction name="rn:R00813" type="irreversible">
        <substrate name="cpd:C06321"/>
        <product name="cpd:C00090"/>
    </reaction>
    <reaction name="rn:R05582" type="irreversible">
        <substrate name="cpd:C09812"/>
        <product name="cpd:C09813"/>
    </reaction>
    <reaction name="rn:R05600" type="irreversible">
        <substrate name="cpd:C09811"/>
        <product name="cpd:C09812"/>
    </reaction>
    <reaction name="rn:R05575" type="irreversible">
        <substrate name="cpd:C09819"/>
        <product name="cpd:C09820"/>
    </reaction>
    <reaction name="rn:R05584" type="irreversible">
        <substrate name="cpd:C09817"/>
        <product name="cpd:C09818"/>
    </reaction>
    <reaction name="rn:R05625" type="irreversible">
        <substrate name="cpd:C00146"/>
        <product name="cpd:C02734"/>
    </reaction>
    <reaction name="rn:R05591" type="irreversible">
        <substrate name="cpd:C09814"/>
        <product name="cpd:C00180"/>
    </reaction>
    <reaction name="rn:R05597" type="irreversible">
        <substrate name="cpd:C06322"/>
        <product name="cpd:C06749"/>
    </reaction>
    <reaction name="rn:R00982" type="irreversible">
        <substrate name="cpd:C00108"/>
        <product name="cpd:C02247"/>
    </reaction>
    <reaction name="rn:R01033" type="irreversible">
        <substrate name="cpd:C02357"/>
        <product name="cpd:C00090"/>
    </reaction>
    <reaction name="rn:R05590" type="irreversible">
        <substrate name="cpd:C09815"/>
        <product name="cpd:C00180"/>
    </reaction>
    <reaction name="rn:R01422" type="irreversible">
        <substrate name="cpd:C00180"/>
        <product name="cpd:C00512"/>
    </reaction>
    <reaction name="rn:R05592" type="irreversible">
        <substrate name="cpd:C09813"/>
        <product name="cpd:C01063"/>
    </reaction>
    <reaction name="rn:R05609" type="reversible">
        <substrate name="cpd:C06322"/>
        <product name="cpd:C09809"/>
    </reaction>
    <reaction name="rn:R05610" type="reversible">
        <substrate name="cpd:C06322"/>
        <product name="cpd:C09810"/>
    </reaction>
</pathway>
