<?xml version="1.0"?>
<!DOCTYPE pathway SYSTEM "http://www.genome.jp/kegg/xml/KGML_v0.6.1_.dtd">
<!-- Creation date: Mar 21 2009 02:44:22 +0900 (JST) -->
<pathway name="path:map03440" org="map" number="03440"
         title="Homologous recombination"
         image="http://www.genome.jp/kegg/pathway/map/map03440.gif"
         link="http://www.genome.jp/dbget-bin/show_pathway?map03440">
    <entry id="1" name="ko:K03655" type="ortholog"
        link="http://www.genome.jp/dbget-bin/www_bget?ko+K03655">
        <graphics name="K03655" fgcolor="#000000" bgcolor="#FFFFFF"
             type="rectangle" x="617" y="745" width="46" height="17"/>
    </entry>
    <entry id="2" name="ko:K03655" type="ortholog"
        link="http://www.genome.jp/dbget-bin/www_bget?ko+K03655">
        <graphics name="K03655" fgcolor="#000000" bgcolor="#FFFFFF"
             type="rectangle" x="330" y="745" width="46" height="17"/>
    </entry>
    <entry id="3" name="ko:K03553" type="ortholog"
        link="http://www.genome.jp/dbget-bin/www_bget?ko+K03553">
        <graphics name="K03553" fgcolor="#000000" bgcolor="#FFFFFF"
             type="rectangle" x="548" y="377" width="46" height="17"/>
    </entry>
    <entry id="4" name="ko:K02335" type="ortholog"
        link="http://www.genome.jp/dbget-bin/www_bget?ko+K02335">
        <graphics name="K02335" fgcolor="#000000" bgcolor="#FFFFFF"
             type="rectangle" x="263" y="547" width="46" height="17"/>
    </entry>
    <entry id="5" name="ko:K03553" type="ortholog"
        link="http://www.genome.jp/dbget-bin/www_bget?ko+K03553">
        <graphics name="K03553" fgcolor="#000000" bgcolor="#FFFFFF"
             type="rectangle" x="330" y="377" width="46" height="17"/>
    </entry>
    <entry id="6" name="ko:K06187" type="ortholog"
        link="http://www.genome.jp/dbget-bin/www_bget?ko+K06187">
        <graphics name="K06187" fgcolor="#000000" bgcolor="#FFFFFF"
             type="rectangle" x="263" y="411" width="46" height="17"/>
    </entry>
    <entry id="7" name="path:map03440" type="map"
        link="http://www.genome.jp/dbget-bin/get_linkdb?pathway+map03440">
        <graphics name="TITLE:Homologous recombination" fgcolor="#000000" bgcolor="#FFFFFF"
             type="roundrectangle" x="177" y="67" width="235" height="25"/>
    </entry>
    <entry id="8" name="ko:K02337 ko:K02338 ko:K02339 ko:K02340 ko:K02341 ko:K02342 ko:K02343 ko:K02344 ko:K02345 ko:K03763" type="ortholog"
        link="http://www.genome.jp/dbget-bin/www_bget?ko+K02337+K02338+K02339+K02340+K02341+K02342+K02343+K02344+K02345+K03763">
        <graphics name="K02337..." fgcolor="#000000" bgcolor="#FFFFFF"
             type="rectangle" x="548" y="547" width="46" height="17"/>
    </entry>
    <entry id="9" name="ko:K07462" type="ortholog"
        link="http://www.genome.jp/dbget-bin/www_bget?ko+K07462">
        <graphics name="K07462" fgcolor="#000000" bgcolor="#FFFFFF"
             type="rectangle" x="263" y="224" width="46" height="17"/>
    </entry>
    <entry id="10" name="ko:K03111" type="ortholog"
        link="http://www.genome.jp/dbget-bin/www_bget?ko+K03111">
        <graphics name="K03111" fgcolor="#000000" bgcolor="#FFFFFF"
             type="rectangle" x="330" y="224" width="46" height="17"/>
    </entry>
    <entry id="11" name="ko:K01159" type="ortholog"
        link="http://www.genome.jp/dbget-bin/www_bget?ko+K01159">
        <graphics name="K01159" fgcolor="#000000" bgcolor="#FFFFFF"
             type="rectangle" x="548" y="762" width="46" height="17"/>
    </entry>
    <entry id="12" name="ko:K01159" type="ortholog"
        link="http://www.genome.jp/dbget-bin/www_bget?ko+K01159">
        <graphics name="K01159" fgcolor="#000000" bgcolor="#FFFFFF"
             type="rectangle" x="263" y="762" width="46" height="17"/>
    </entry>
    <entry id="13" name="ko:K03551" type="ortholog"
        link="http://www.genome.jp/dbget-bin/www_bget?ko+K03551">
        <graphics name="K03551" fgcolor="#000000" bgcolor="#FFFFFF"
             type="rectangle" x="548" y="745" width="46" height="17"/>
    </entry>
    <entry id="14" name="ko:K03551" type="ortholog"
        link="http://www.genome.jp/dbget-bin/www_bget?ko+K03551">
        <graphics name="K03551" fgcolor="#000000" bgcolor="#FFFFFF"
             type="rectangle" x="263" y="745" width="46" height="17"/>
    </entry>
    <entry id="15" name="ko:K03550" type="ortholog"
        link="http://www.genome.jp/dbget-bin/www_bget?ko+K03550">
        <graphics name="K03550" fgcolor="#000000" bgcolor="#FFFFFF"
             type="rectangle" x="548" y="728" width="46" height="17"/>
    </entry>
    <entry id="16" name="ko:K04066" type="ortholog"
        link="http://www.genome.jp/dbget-bin/www_bget?ko+K04066">
        <graphics name="K04066" fgcolor="#000000" bgcolor="#FFFFFF"
             type="rectangle" x="548" y="933" width="46" height="17"/>
    </entry>
    <entry id="17" name="ko:K03629" type="ortholog"
        link="http://www.genome.jp/dbget-bin/www_bget?ko+K03629">
        <graphics name="K03629" fgcolor="#000000" bgcolor="#FFFFFF"
             type="rectangle" x="263" y="377" width="46" height="17"/>
    </entry>
    <entry id="18" name="ko:K03550" type="ortholog"
        link="http://www.genome.jp/dbget-bin/www_bget?ko+K03550">
        <graphics name="K03550" fgcolor="#000000" bgcolor="#FFFFFF"
             type="rectangle" x="263" y="728" width="46" height="17"/>
    </entry>
    <entry id="19" name="ko:K03584" type="ortholog"
        link="http://www.genome.jp/dbget-bin/www_bget?ko+K03584">
        <graphics name="K03584" fgcolor="#000000" bgcolor="#FFFFFF"
             type="rectangle" x="263" y="394" width="46" height="17"/>
    </entry>
    <entry id="20" name="ko:K02686" type="ortholog"
        link="http://www.genome.jp/dbget-bin/www_bget?ko+K02686">
        <graphics name="K02686" fgcolor="#000000" bgcolor="#FFFFFF"
             type="rectangle" x="548" y="950" width="46" height="17"/>
    </entry>
    <entry id="21" name="ko:K03581" type="ortholog"
        link="http://www.genome.jp/dbget-bin/www_bget?ko+K03581">
        <graphics name="K03581" fgcolor="#000000" bgcolor="#FFFFFF"
             type="rectangle" x="548" y="258" width="46" height="17"/>
    </entry>
    <entry id="22" name="ko:K03583" type="ortholog"
        link="http://www.genome.jp/dbget-bin/www_bget?ko+K03583">
        <graphics name="K03583" fgcolor="#000000" bgcolor="#FFFFFF"
             type="rectangle" x="548" y="241" width="46" height="17"/>
    </entry>
    <entry id="23" name="ko:K03582" type="ortholog"
        link="http://www.genome.jp/dbget-bin/www_bget?ko+K03582">
        <graphics name="K03582" fgcolor="#000000" bgcolor="#FFFFFF"
             type="rectangle" x="548" y="224" width="46" height="17"/>
    </entry>
    <entry id="24" name="ko:K03165" type="ortholog"
        link="http://www.genome.jp/dbget-bin/www_bget?ko+K03165">
        <graphics name="K03165" fgcolor="#000000" bgcolor="#FFFFFF"
             type="rectangle" x="756" y="904" width="46" height="17"/>
    </entry>
    <entry id="25" name="ko:K10901" type="ortholog"
        link="http://www.genome.jp/dbget-bin/www_bget?ko+K10901">
        <graphics name="K10901" fgcolor="#000000" bgcolor="#FFFFFF"
             type="rectangle" x="1125" y="1017" width="46" height="17"/>
    </entry>
    <entry id="26" name="ko:K10881" type="ortholog"
        link="http://www.genome.jp/dbget-bin/www_bget?ko+K10881">
        <graphics name="K10881" fgcolor="#000000" bgcolor="#FFFFFF"
             type="rectangle" x="1293" y="394" width="46" height="17"/>
    </entry>
    <entry id="27" name="ko:K10873" type="ortholog"
        link="http://www.genome.jp/dbget-bin/www_bget?ko+K10873">
        <graphics name="K10873" fgcolor="#000000" bgcolor="#FFFFFF"
             type="rectangle" x="1226" y="430" width="46" height="17"/>
    </entry>
    <entry id="28" name="ko:K10865" type="ortholog"
        link="http://www.genome.jp/dbget-bin/www_bget?ko+K10865">
        <graphics name="K10865" fgcolor="#000000" bgcolor="#FFFFFF"
             type="rectangle" x="1226" y="240" width="46" height="17"/>
    </entry>
    <entry id="29" name="ko:K10866" type="ortholog"
        link="http://www.genome.jp/dbget-bin/www_bget?ko+K10866">
        <graphics name="K10866" fgcolor="#000000" bgcolor="#FFFFFF"
             type="rectangle" x="1226" y="223" width="46" height="17"/>
    </entry>
    <entry id="30" name="ko:K10958" type="ortholog"
        link="http://www.genome.jp/dbget-bin/www_bget?ko+K10958">
        <graphics name="K10958" fgcolor="#000000" bgcolor="#FFFFFF"
             type="rectangle" x="1125" y="394" width="46" height="17"/>
    </entry>
    <entry id="31" name="ko:K08991" type="ortholog"
        link="http://www.genome.jp/dbget-bin/www_bget?ko+K08991">
        <graphics name="K08991" fgcolor="#000000" bgcolor="#FFFFFF"
             type="rectangle" x="813" y="887" width="46" height="17"/>
    </entry>
    <entry id="32" name="ko:K10865" type="ortholog"
        link="http://www.genome.jp/dbget-bin/www_bget?ko+K10865">
        <graphics name="K10865" fgcolor="#000000" bgcolor="#FFFFFF"
             type="rectangle" x="1125" y="240" width="46" height="17"/>
    </entry>
    <entry id="33" name="ko:K10866" type="ortholog"
        link="http://www.genome.jp/dbget-bin/www_bget?ko+K10866">
        <graphics name="K10866" fgcolor="#000000" bgcolor="#FFFFFF"
             type="rectangle" x="1125" y="223" width="46" height="17"/>
    </entry>
    <entry id="34" name="ko:K07466 ko:K10739 ko:K10740 ko:K10741" type="ortholog"
        link="http://www.genome.jp/dbget-bin/www_bget?ko+K07466+K10739+K10740+K10741">
        <graphics name="K07466..." fgcolor="#000000" bgcolor="#FFFFFF"
             type="rectangle" x="1226" y="377" width="46" height="17"/>
    </entry>
    <entry id="35" name="ko:K04482" type="ortholog"
        link="http://www.genome.jp/dbget-bin/www_bget?ko+K04482">
        <graphics name="K04482" fgcolor="#000000" bgcolor="#FFFFFF"
             type="rectangle" x="1226" y="403" width="46" height="17"/>
    </entry>
    <entry id="36" name="ko:K10875 ko:K10877" type="ortholog"
        link="http://www.genome.jp/dbget-bin/www_bget?ko+K10875+K10877">
        <graphics name="K10875..." fgcolor="#000000" bgcolor="#FFFFFF"
             type="rectangle" x="1226" y="547" width="46" height="17"/>
    </entry>
    <entry id="37" name="ko:K02327 ko:K02328 ko:K03504 ko:K03505" type="ortholog"
        link="http://www.genome.jp/dbget-bin/www_bget?ko+K02327+K02328+K03504+K03505">
        <graphics name="K02327..." fgcolor="#000000" bgcolor="#FFFFFF"
             type="rectangle" x="1125" y="747" width="46" height="17"/>
    </entry>
    <entry id="38" name="ko:K10901" type="ortholog"
        link="http://www.genome.jp/dbget-bin/www_bget?ko+K10901">
        <graphics name="K10901" fgcolor="#000000" bgcolor="#FFFFFF"
             type="rectangle" x="756" y="887" width="46" height="17"/>
    </entry>
    <entry id="39" name="ko:K10868" type="ortholog"
        link="http://www.genome.jp/dbget-bin/www_bget?ko+K10868">
        <graphics name="K10868" fgcolor="#000000" bgcolor="#FFFFFF"
             type="rectangle" x="1125" y="257" width="46" height="17"/>
    </entry>
    <entry id="40" name="ko:K10959" type="ortholog"
        link="http://www.genome.jp/dbget-bin/www_bget?ko+K10959">
        <graphics name="K10959" fgcolor="#000000" bgcolor="#FFFFFF"
             type="rectangle" x="1125" y="547" width="46" height="17"/>
    </entry>
    <entry id="41" name="ko:K10957" type="ortholog"
        link="http://www.genome.jp/dbget-bin/www_bget?ko+K10957">
        <graphics name="K10957" fgcolor="#000000" bgcolor="#FFFFFF"
             type="rectangle" x="1125" y="377" width="46" height="17"/>
    </entry>
    <entry id="42" name="ko:K04067" type="ortholog"
        link="http://www.genome.jp/dbget-bin/www_bget?ko+K04067">
        <graphics name="K04067" fgcolor="#000000" bgcolor="#FFFFFF"
             type="rectangle" x="594" y="933" width="46" height="17"/>
    </entry>
    <entry id="43" name="ko:K10880" type="ortholog"
        link="http://www.genome.jp/dbget-bin/www_bget?ko+K10880">
        <graphics name="K10880" fgcolor="#000000" bgcolor="#FFFFFF"
             type="rectangle" x="856" y="441" width="46" height="17"/>
    </entry>
    <entry id="44" name="ko:K10879" type="ortholog"
        link="http://www.genome.jp/dbget-bin/www_bget?ko+K10879">
        <graphics name="K10879" fgcolor="#000000" bgcolor="#FFFFFF"
             type="rectangle" x="960" y="475" width="46" height="17"/>
    </entry>
    <entry id="45" name="ko:K10879" type="ortholog"
        link="http://www.genome.jp/dbget-bin/www_bget?ko+K10879">
        <graphics name="K10879" fgcolor="#000000" bgcolor="#FFFFFF"
             type="rectangle" x="800" y="458" width="46" height="17"/>
    </entry>
    <entry id="46" name="ko:K10869" type="ortholog"
        link="http://www.genome.jp/dbget-bin/www_bget?ko+K10869">
        <graphics name="K10869" fgcolor="#000000" bgcolor="#FFFFFF"
             type="rectangle" x="914" y="441" width="46" height="17"/>
    </entry>
    <entry id="47" name="ko:K10869" type="ortholog"
        link="http://www.genome.jp/dbget-bin/www_bget?ko+K10869">
        <graphics name="K10869" fgcolor="#000000" bgcolor="#FFFFFF"
             type="rectangle" x="800" y="384" width="46" height="17"/>
    </entry>
    <entry id="48" name="ko:K08775" type="ortholog"
        link="http://www.genome.jp/dbget-bin/www_bget?ko+K08775">
        <graphics name="K08775" fgcolor="#000000" bgcolor="#FFFFFF"
             type="rectangle" x="1293" y="377" width="46" height="17"/>
    </entry>
    <entry id="49" name="ko:K02317" type="ortholog"
        link="http://www.genome.jp/dbget-bin/www_bget?ko+K02317">
        <graphics name="K02317" fgcolor="#000000" bgcolor="#FFFFFF"
             type="rectangle" x="594" y="950" width="46" height="17"/>
    </entry>
    <entry id="50" name="ko:K10870" type="ortholog"
        link="http://www.genome.jp/dbget-bin/www_bget?ko+K10870">
        <graphics name="K10870" fgcolor="#000000" bgcolor="#FFFFFF"
             type="rectangle" x="856" y="458" width="46" height="17"/>
    </entry>
    <entry id="51" name="ko:K10871" type="ortholog"
        link="http://www.genome.jp/dbget-bin/www_bget?ko+K10871">
        <graphics name="K10871" fgcolor="#000000" bgcolor="#FFFFFF"
             type="rectangle" x="960" y="458" width="46" height="17"/>
    </entry>
    <entry id="52" name="ko:K10871" type="ortholog"
        link="http://www.genome.jp/dbget-bin/www_bget?ko+K10871">
        <graphics name="K10871" fgcolor="#000000" bgcolor="#FFFFFF"
             type="rectangle" x="800" y="441" width="46" height="17"/>
    </entry>
    <entry id="53" name="ko:K10870" type="ortholog"
        link="http://www.genome.jp/dbget-bin/www_bget?ko+K10870">
        <graphics name="K10870" fgcolor="#000000" bgcolor="#FFFFFF"
             type="rectangle" x="914" y="458" width="46" height="17"/>
    </entry>
    <entry id="54" name="ko:K10870" type="ortholog"
        link="http://www.genome.jp/dbget-bin/www_bget?ko+K10870">
        <graphics name="K10870" fgcolor="#000000" bgcolor="#FFFFFF"
             type="rectangle" x="800" y="401" width="46" height="17"/>
    </entry>
    <entry id="55" name="ko:K10882" type="ortholog"
        link="http://www.genome.jp/dbget-bin/www_bget?ko+K10882">
        <graphics name="K10882" fgcolor="#000000" bgcolor="#FFFFFF"
             type="rectangle" x="813" y="904" width="46" height="17"/>
    </entry>
    <entry id="56" name="ko:K10867" type="ortholog"
        link="http://www.genome.jp/dbget-bin/www_bget?ko+K10867">
        <graphics name="K10867" fgcolor="#000000" bgcolor="#FFFFFF"
             type="rectangle" x="1226" y="257" width="46" height="17"/>
    </entry>
</pathway>
