<?xml version="1.0"?>
<!DOCTYPE pathway SYSTEM "http://www.genome.jp/kegg/xml/KGML_v0.6.1_.dtd">
<!-- Creation date: Jan 26 2009 18:51:10 +0900 (JST) -->
<pathway name="path:map05219" org="map" number="05219"
         title="Bladder cancer"
         image="http://www.genome.jp/kegg/pathway/map/map05219.gif"
         link="http://www.genome.jp/dbget-bin/show_pathway?map05219">
    <entry id="1" name="path:map04520" type="map"
        link="http://www.genome.jp/kegg/pathway/map/map04520.html">
        <graphics name="Adherens junction" fgcolor="#000000" bgcolor="#FFFFFF"
             type="roundrectangle" x="375" y="629" width="102" height="34"/>
    </entry>
    <entry id="2" name="ko:K02833" type="ortholog"
        link="http://www.genome.jp/dbget-bin/www_bget?ko+K02833">
        <graphics name="K02833" fgcolor="#000000" bgcolor="#FFFFFF"
             type="rectangle" x="381" y="133" width="46" height="17"/>
    </entry>
    <entry id="3" name="path:map04370" type="map"
        link="http://www.genome.jp/kegg/pathway/map/map04370.html">
        <graphics name="VEGF signaling pathway" fgcolor="#000000" bgcolor="#FFFFFF"
             type="roundrectangle" x="814" y="473" width="102" height="34"/>
    </entry>
    <entry id="4" name="path:map04012" type="map"
        link="http://www.genome.jp/kegg/pathway/map/map04012.html">
        <graphics name="ErbB signaling pathway" fgcolor="#000000" bgcolor="#FFFFFF"
             type="roundrectangle" x="486" y="516" width="102" height="34"/>
    </entry>
    <entry id="5" name="ko:K01388 ko:K01398 ko:K01403" type="ortholog"
        link="http://www.genome.jp/dbget-bin/www_bget?ko+K01388+K01398+K01403">
        <graphics name="K01388..." fgcolor="#000000" bgcolor="#FFFFFF"
             type="rectangle" x="816" y="568" width="46" height="17"/>
    </entry>
    <entry id="6" name="ko:K00758" type="ortholog"
        link="http://www.genome.jp/dbget-bin/www_bget?ko+K00758">
        <graphics name="K00758" fgcolor="#000000" bgcolor="#FFFFFF"
             type="rectangle" x="507" y="614" width="46" height="17"/>
    </entry>
    <entry id="7" name="ko:K05448 ko:K05449" type="ortholog"
        link="http://www.genome.jp/dbget-bin/www_bget?ko+K05448+K05449">
        <graphics name="K05448..." fgcolor="#000000" bgcolor="#FFFFFF"
             type="rectangle" x="816" y="515" width="46" height="17"/>
    </entry>
    <entry id="8" name="ko:K10030" type="ortholog"
        link="http://www.genome.jp/dbget-bin/www_bget?ko+K10030">
        <graphics name="K10030" fgcolor="#000000" bgcolor="#FFFFFF"
             type="rectangle" x="816" y="620" width="46" height="17"/>
    </entry>
    <entry id="9" name="hsa:7057 mmu:21825" type="other">
        <graphics name="THBS1..." fgcolor="#000000" bgcolor="#FFFFFF"
             type="rectangle" x="963" y="469" width="46" height="17"/>
    </entry>
    <entry id="10" name="ko:K04361" type="ortholog"
        link="http://www.genome.jp/dbget-bin/www_bget?ko+K04361">
        <graphics name="K04361" fgcolor="#000000" bgcolor="#FFFFFF"
             type="rectangle" x="275" y="516" width="46" height="17"/>
    </entry>
    <entry id="11" name="ko:K05689" type="ortholog"
        link="http://www.genome.jp/dbget-bin/www_bget?ko+K05689">
        <graphics name="K05689" fgcolor="#000000" bgcolor="#FFFFFF"
             type="rectangle" x="275" y="584" width="46" height="17"/>
    </entry>
    <entry id="12" name="ko:K05083" type="ortholog"
        link="http://www.genome.jp/dbget-bin/www_bget?ko+K05083">
        <graphics name="K05083" fgcolor="#000000" bgcolor="#FFFFFF"
             type="rectangle" x="275" y="491" width="46" height="17"/>
    </entry>
    <entry id="13" name="ko:K06621" type="ortholog"
        link="http://www.genome.jp/dbget-bin/www_bget?ko+K06621">
        <graphics name="K06621" fgcolor="#000000" bgcolor="#FFFFFF"
             type="rectangle" x="695" y="312" width="46" height="17"/>
    </entry>
    <entry id="14" name="ko:K06625" type="ortholog"
        link="http://www.genome.jp/dbget-bin/www_bget?ko+K06625">
        <graphics name="K06625" fgcolor="#000000" bgcolor="#FFFFFF"
             type="rectangle" x="933" y="345" width="46" height="17"/>
    </entry>
    <entry id="15" name="ko:K04377" type="ortholog"
        link="http://www.genome.jp/dbget-bin/www_bget?ko+K04377">
        <graphics name="K04377" fgcolor="#000000" bgcolor="#FFFFFF"
             type="rectangle" x="845" y="164" width="46" height="17"/>
    </entry>
    <entry id="16" name="ko:K09850" type="ortholog"
        link="http://www.genome.jp/dbget-bin/www_bget?ko+K09850">
        <graphics name="K09850" fgcolor="#000000" bgcolor="#FFFFFF"
             type="rectangle" x="411" y="215" width="46" height="17"/>
    </entry>
    <entry id="17" name="ko:K08803" type="ortholog"
        link="http://www.genome.jp/dbget-bin/www_bget?ko+K08803">
        <graphics name="K08803" fgcolor="#000000" bgcolor="#FFFFFF"
             type="rectangle" x="575" y="214" width="46" height="17"/>
    </entry>
    <entry id="18" name="ko:K06643" type="ortholog"
        link="http://www.genome.jp/dbget-bin/www_bget?ko+K06643">
        <graphics name="K06643" fgcolor="#000000" bgcolor="#FFFFFF"
             type="rectangle" x="773" y="312" width="46" height="17"/>
    </entry>
    <entry id="19" name="ko:K04451" type="ortholog"
        link="http://www.genome.jp/dbget-bin/www_bget?ko+K04451">
        <graphics name="K04451" fgcolor="#000000" bgcolor="#FFFFFF"
             type="rectangle" x="816" y="345" width="46" height="17"/>
    </entry>
    <entry id="20" name="ko:K06620 ko:K09389" type="ortholog"
        link="http://www.genome.jp/dbget-bin/www_bget?ko+K06620+K09389">
        <graphics name="K06620..." fgcolor="#000000" bgcolor="#FFFFFF"
             type="rectangle" x="1042" y="435" width="46" height="17"/>
    </entry>
    <entry id="21" name="ko:K06618" type="ortholog"
        link="http://www.genome.jp/dbget-bin/www_bget?ko+K06618">
        <graphics name="K06618" fgcolor="#000000" bgcolor="#FFFFFF"
             type="rectangle" x="1042" y="398" width="46" height="17"/>
    </entry>
    <entry id="22" name="ko:K05094" type="ortholog"
        link="http://www.genome.jp/dbget-bin/www_bget?ko+K05094">
        <graphics name="K05094" fgcolor="#000000" bgcolor="#FFFFFF"
             type="rectangle" x="275" y="165" width="46" height="17"/>
    </entry>
    <entry id="23" name="ko:K02089" type="ortholog"
        link="http://www.genome.jp/dbget-bin/www_bget?ko+K02089">
        <graphics name="K02089" fgcolor="#000000" bgcolor="#FFFFFF"
             type="rectangle" x="959" y="405" width="46" height="17"/>
    </entry>
    <entry id="24" name="path:map04115" type="map"
        link="http://www.genome.jp/kegg/pathway/map/map04115.html">
        <graphics name="p53 signaling pathway" fgcolor="#000000" bgcolor="#FFFFFF"
             type="roundrectangle" x="814" y="388" width="102" height="34"/>
    </entry>
    <entry id="25" name="ko:K04503" type="ortholog"
        link="http://www.genome.jp/dbget-bin/www_bget?ko+K04503">
        <graphics name="K04503" fgcolor="#000000" bgcolor="#FFFFFF"
             type="rectangle" x="959" y="388" width="46" height="17"/>
    </entry>
    <entry id="26" name="path:map04010" type="map"
        link="http://www.genome.jp/kegg/pathway/map/map04010.html">
        <graphics name="MAPK signaling pathway" fgcolor="#000000" bgcolor="#FFFFFF"
             type="roundrectangle" x="529" y="115" width="102" height="34"/>
    </entry>
    <entry id="27" name="hsa:9252 mmu:73086" type="other">
        <graphics name="RPS6KA5..." fgcolor="#000000" bgcolor="#FFFFFF"
             type="rectangle" x="717" y="165" width="46" height="17"/>
    </entry>
    <entry id="28" name="ko:K06621" type="ortholog"
        link="http://www.genome.jp/dbget-bin/www_bget?ko+K06621">
        <graphics name="K06621" fgcolor="#000000" bgcolor="#FFFFFF"
             type="rectangle" x="1013" y="345" width="46" height="17"/>
    </entry>
    <entry id="29" name="ko:K04357" type="ortholog"
        link="http://www.genome.jp/dbget-bin/www_bget?ko+K04357">
        <graphics name="K04357" fgcolor="#000000" bgcolor="#FFFFFF"
             type="rectangle" x="202" y="502" width="46" height="17"/>
    </entry>
    <entry id="30" name="path:map05219" type="map"
        link="http://www.genome.jp/dbget-bin/get_linkdb?pathway+map05219">
        <graphics name="TITLE:Bladder cancer" fgcolor="#000000" bgcolor="#FFFFFF"
             type="roundrectangle" x="136" y="67" width="153" height="25"/>
    </entry>
    <entry id="31" name="path:map04110" type="map"
        link="http://www.genome.jp/kegg/pathway/map/map04110.html">
        <graphics name="Cell cycle" fgcolor="#000000" bgcolor="#FFFFFF"
             type="roundrectangle" x="1143" y="388" width="102" height="34"/>
    </entry>
    <entry id="32" name="ko:K04371" type="ortholog"
        link="http://www.genome.jp/dbget-bin/www_bget?ko+K04371">
        <graphics name="K04371" fgcolor="#000000" bgcolor="#FFFFFF"
             type="rectangle" x="604" y="164" width="46" height="17"/>
    </entry>
    <entry id="33" name="ko:K04368 ko:K04369" type="ortholog"
        link="http://www.genome.jp/dbget-bin/www_bget?ko+K04368+K04369">
        <graphics name="K04368..." fgcolor="#000000" bgcolor="#FFFFFF"
             type="rectangle" x="529" y="164" width="46" height="17"/>
    </entry>
    <entry id="34" name="ko:K04365 ko:K04366 ko:K08845" type="ortholog"
        link="http://www.genome.jp/dbget-bin/www_bget?ko+K04365+K04366+K08845">
        <graphics name="K04365..." fgcolor="#000000" bgcolor="#FFFFFF"
             type="rectangle" x="456" y="164" width="46" height="17"/>
    </entry>
    <entry id="35" name="ko:K02833 ko:K07827 ko:K07828" type="ortholog"
        link="http://www.genome.jp/dbget-bin/www_bget?ko+K02833+K07827+K07828">
        <graphics name="K02833..." fgcolor="#000000" bgcolor="#FFFFFF"
             type="rectangle" x="382" y="164" width="46" height="17"/>
    </entry>
    <entry id="36" name="undefined" type="group">
        <graphics fgcolor="#000000" bgcolor="#FFFFFF"
             type="rectangle" x="959" y="397" width="66" height="54"/>
        <component id="23"/>
        <component id="25"/>
    </entry>
    <relation entry1="22" entry2="35" type="PPrel">
        <subtype name="indirect" value="..>"/>
    </relation>
    <relation entry1="2" entry2="34" type="PPrel">
        <subtype name="activation" value="-->"/>
    </relation>
    <relation entry1="35" entry2="34" type="PPrel">
        <subtype name="activation" value="-->"/>
    </relation>
    <relation entry1="34" entry2="33" type="PPrel">
        <subtype name="activation" value="-->"/>
        <subtype name="phosphorylation" value="+p"/>
    </relation>
    <relation entry1="33" entry2="32" type="PPrel">
        <subtype name="activation" value="-->"/>
        <subtype name="phosphorylation" value="+p"/>
    </relation>
    <relation entry1="32" entry2="27" type="PPrel">
        <subtype name="activation" value="-->"/>
        <subtype name="phosphorylation" value="+p"/>
    </relation>
    <relation entry1="36" entry2="21" type="PPrel">
        <subtype name="activation" value="-->"/>
        <subtype name="phosphorylation" value="+p"/>
    </relation>
    <relation entry1="20" entry2="21" type="PPrel">
        <subtype name="dissociation" value="-+-"/>
    </relation>
    <relation entry1="29" entry2="12" type="PPrel">
        <subtype name="activation" value="-->"/>
    </relation>
    <relation entry1="29" entry2="10" type="PPrel">
        <subtype name="activation" value="-->"/>
    </relation>
    <relation entry1="18" entry2="19" type="PPrel">
        <subtype name="inhibition" value="--|"/>
    </relation>
    <relation entry1="16" entry2="35" type="PPrel">
        <subtype name="missing" value="-/>"/>
    </relation>
    <relation entry1="17" entry2="32" type="PPrel">
        <subtype name="missing" value="-/>"/>
    </relation>
    <relation entry1="13" entry2="18" type="PPrel">
        <subtype name="missing" value="-/>"/>
    </relation>
    <relation entry1="14" entry2="36" type="PPrel">
        <subtype name="missing" value="-/>"/>
    </relation>
    <relation entry1="28" entry2="36" type="PPrel">
        <subtype name="missing" value="-/>"/>
    </relation>
</pathway>
