<?xml version="1.0"?>
<!DOCTYPE pathway SYSTEM "http://www.genome.jp/kegg/xml/KGML_v0.6.1_.dtd">
<!-- Creation date: Jan 14 2009 01:03:00 +0900 (JST) -->
<pathway name="path:map00521" org="map" number="00521"
         title="Streptomycin biosynthesis"
         image="http://www.genome.jp/kegg/pathway/map/map00521.gif"
         link="http://www.genome.jp/dbget-bin/show_pathway?map00521">
    <entry id="1" name="path:map07021" type="map"
        link="http://www.genome.jp/kegg/pathway/map/map07021.html">
        <graphics name="Aminoglycosides" fgcolor="#000000" bgcolor="#FFFFFF"
             type="roundrectangle" x="116" y="637" width="102" height="34"/>
    </entry>
    <entry id="2" name="ko:K00845" type="ortholog" reaction="rn:R00299"
        link="http://www.genome.jp/dbget-bin/www_bget?ko+K00845">
        <graphics name="K00845" fgcolor="#000000" bgcolor="#FFFFFF"
             type="rectangle" x="233" y="171" width="46" height="17"/>
    </entry>
    <entry id="3" name="ko:K00844" type="ortholog" reaction="rn:R00299"
        link="http://www.genome.jp/dbget-bin/www_bget?ko+K00844">
        <graphics name="K00844" fgcolor="#000000" bgcolor="#FFFFFF"
             type="rectangle" x="183" y="171" width="46" height="17"/>
    </entry>
    <entry id="4" name="path:map00523" type="map"
        link="http://www.genome.jp/kegg/pathway/map/map00523.html">
        <graphics name="Polyketide sugar unit biosynthesis" fgcolor="#000000" bgcolor="#FFFFFF"
             type="roundrectangle" x="244" y="373" width="91" height="34"/>
    </entry>
    <entry id="5" name="path:map00520" type="map"
        link="http://www.genome.jp/kegg/pathway/map/map00520.html">
        <graphics name="Nucleotide sugars metabolism" fgcolor="#000000" bgcolor="#FFFFFF"
             type="roundrectangle" x="324" y="166" width="102" height="35"/>
    </entry>
    <entry id="6" name="cpd:C01214" type="compound"
        link="http://www.genome.jp/dbget-bin/www_bget?compound+C01214">
        <graphics name="C01214" fgcolor="#000000" bgcolor="#FFFFFF"
             type="circle" x="118" y="342" width="8" height="8"/>
    </entry>
    <entry id="7" name="ko:K04339" type="ortholog" reaction="rn:R03384"
        link="http://www.genome.jp/dbget-bin/www_bget?ko+K04339">
        <graphics name="K04339" fgcolor="#000000" bgcolor="#FFFFFF"
             type="rectangle" x="119" y="372" width="46" height="17"/>
    </entry>
    <entry id="8" name="ko:K01092" type="ortholog" reaction="rn:R01185"
        link="http://www.genome.jp/dbget-bin/www_bget?ko+K01092">
        <graphics name="K01092" fgcolor="#000000" bgcolor="#FFFFFF"
             type="rectangle" x="119" y="242" width="46" height="17"/>
    </entry>
    <entry id="9" name="ko:K01858" type="ortholog" reaction="rn:R00840"
        link="http://www.genome.jp/dbget-bin/www_bget?ko+K01858">
        <graphics name="K01858" fgcolor="#000000" bgcolor="#FFFFFF"
             type="rectangle" x="169" y="213" width="46" height="17"/>
    </entry>
    <entry id="10" name="cpd:C03319" type="compound"
        link="http://www.genome.jp/dbget-bin/www_bget?compound+C03319">
        <graphics name="C03319" fgcolor="#000000" bgcolor="#FFFFFF"
             type="circle" x="320" y="469" width="8" height="8"/>
    </entry>
    <entry id="11" name="ko:K00067" type="ortholog" reaction="rn:R02777"
        link="http://www.genome.jp/dbget-bin/www_bget?ko+K00067">
        <graphics name="K00067" fgcolor="#000000" bgcolor="#FFFFFF"
             type="rectangle" x="320" y="431" width="46" height="17"/>
    </entry>
    <entry id="12" name="cpd:C06592" type="compound"
        link="http://www.genome.jp/dbget-bin/www_bget?compound+C06592">
        <graphics name="C06592" fgcolor="#000000" bgcolor="#FFFFFF"
             type="circle" x="446" y="559" width="8" height="8"/>
    </entry>
    <entry id="13" name="cpd:C00413" type="compound"
        link="http://www.genome.jp/dbget-bin/www_bget?compound+C00413">
        <graphics name="C00413" fgcolor="#000000" bgcolor="#FFFFFF"
             type="circle" x="117" y="683" width="8" height="8"/>
    </entry>
    <entry id="14" name="cpd:C01138" type="compound"
        link="http://www.genome.jp/dbget-bin/www_bget?compound+C01138">
        <graphics name="C01138" fgcolor="#000000" bgcolor="#FFFFFF"
             type="circle" x="219" y="683" width="8" height="8"/>
    </entry>
    <entry id="15" name="cpd:C01221" type="compound"
        link="http://www.genome.jp/dbget-bin/www_bget?compound+C01221">
        <graphics name="C01221" fgcolor="#000000" bgcolor="#FFFFFF"
             type="circle" x="320" y="682" width="8" height="8"/>
    </entry>
    <entry id="16" name="cpd:C04767" type="compound"
        link="http://www.genome.jp/dbget-bin/www_bget?compound+C04767">
        <graphics name="C04767" fgcolor="#000000" bgcolor="#FFFFFF"
             type="circle" x="320" y="604" width="8" height="8"/>
    </entry>
    <entry id="17" name="cpd:C03442" type="compound"
        link="http://www.genome.jp/dbget-bin/www_bget?compound+C03442">
        <graphics name="C03442" fgcolor="#000000" bgcolor="#FFFFFF"
             type="circle" x="320" y="531" width="8" height="8"/>
    </entry>
    <entry id="18" name="cpd:C00688" type="compound"
        link="http://www.genome.jp/dbget-bin/www_bget?compound+C00688">
        <graphics name="C00688" fgcolor="#000000" bgcolor="#FFFFFF"
             type="circle" x="320" y="405" width="8" height="8"/>
    </entry>
    <entry id="19" name="cpd:C11907" type="compound"
        link="http://www.genome.jp/dbget-bin/www_bget?compound+C11907">
        <graphics name="C11907" fgcolor="#000000" bgcolor="#FFFFFF"
             type="circle" x="320" y="341" width="8" height="8"/>
    </entry>
    <entry id="20" name="cpd:C00842" type="compound"
        link="http://www.genome.jp/dbget-bin/www_bget?compound+C00842">
        <graphics name="C00842" fgcolor="#000000" bgcolor="#FFFFFF"
             type="circle" x="320" y="277" width="8" height="8"/>
    </entry>
    <entry id="21" name="cpd:C00103" type="compound"
        link="http://www.genome.jp/dbget-bin/www_bget?compound+C00103">
        <graphics name="C00103" fgcolor="#000000" bgcolor="#FFFFFF"
             type="circle" x="320" y="213" width="8" height="8"/>
    </entry>
    <entry id="22" name="cpd:C00092" type="compound"
        link="http://www.genome.jp/dbget-bin/www_bget?compound+C00092">
        <graphics name="C00092" fgcolor="#000000" bgcolor="#FFFFFF"
             type="circle" x="208" y="213" width="8" height="8"/>
    </entry>
    <entry id="23" name="cpd:C01121" type="compound"
        link="http://www.genome.jp/dbget-bin/www_bget?compound+C01121">
        <graphics name="C01121" fgcolor="#000000" bgcolor="#FFFFFF"
             type="circle" x="118" y="527" width="8" height="8"/>
    </entry>
    <entry id="24" name="cpd:C01294" type="compound"
        link="http://www.genome.jp/dbget-bin/www_bget?compound+C01294">
        <graphics name="C01294" fgcolor="#000000" bgcolor="#FFFFFF"
             type="circle" x="118" y="470" width="8" height="8"/>
    </entry>
    <entry id="25" name="cpd:C01283" type="compound"
        link="http://www.genome.jp/dbget-bin/www_bget?compound+C01283">
        <graphics name="C01283" fgcolor="#000000" bgcolor="#FFFFFF"
             type="circle" x="118" y="406" width="8" height="8"/>
    </entry>
    <entry id="26" name="cpd:C00137" type="compound"
        link="http://www.genome.jp/dbget-bin/www_bget?compound+C00137">
        <graphics name="C00137" fgcolor="#000000" bgcolor="#FFFFFF"
             type="circle" x="118" y="278" width="8" height="8"/>
    </entry>
    <entry id="27" name="cpd:C01177" type="compound"
        link="http://www.genome.jp/dbget-bin/www_bget?compound+C01177">
        <graphics name="C01177" fgcolor="#000000" bgcolor="#FFFFFF"
             type="circle" x="118" y="214" width="8" height="8"/>
    </entry>
    <entry id="28" name="ko:K04343" type="ortholog" reaction="rn:R02225"
        link="http://www.genome.jp/dbget-bin/www_bget?ko+K04343">
        <graphics name="K04343" fgcolor="#000000" bgcolor="#FFFFFF"
             type="rectangle" x="169" y="713" width="46" height="17"/>
    </entry>
    <entry id="29" name="ko:K04342" type="ortholog" reaction="rn:R02228"
        link="http://www.genome.jp/dbget-bin/www_bget?ko+K04342">
        <graphics name="K04342" fgcolor="#000000" bgcolor="#FFFFFF"
             type="rectangle" x="169" y="682" width="46" height="17"/>
    </entry>
    <entry id="30" name="ko:K04341" type="ortholog" reaction="rn:R04222"
        link="http://www.genome.jp/dbget-bin/www_bget?ko+K04341">
        <graphics name="K04341" fgcolor="#000000" bgcolor="#FFFFFF"
             type="rectangle" x="322" y="573" width="46" height="17"/>
    </entry>
    <entry id="31" name="ko:K01790" type="ortholog" reaction="rn:R06514"
        link="http://www.genome.jp/dbget-bin/www_bget?ko+K01790">
        <graphics name="K01790" fgcolor="#000000" bgcolor="#FFFFFF"
             type="rectangle" x="321" y="367" width="46" height="17"/>
    </entry>
    <entry id="32" name="ko:K01710" type="ortholog" reaction="rn:R06513"
        link="http://www.genome.jp/dbget-bin/www_bget?ko+K01710">
        <graphics name="K01710" fgcolor="#000000" bgcolor="#FFFFFF"
             type="rectangle" x="321" y="303" width="46" height="17"/>
    </entry>
    <entry id="33" name="ko:K00973" type="ortholog" reaction="rn:R02328"
        link="http://www.genome.jp/dbget-bin/www_bget?ko+K00973">
        <graphics name="K00973" fgcolor="#000000" bgcolor="#FFFFFF"
             type="rectangle" x="321" y="239" width="46" height="17"/>
    </entry>
    <entry id="34" name="ko:K01835" type="ortholog" reaction="rn:R00959"
        link="http://www.genome.jp/dbget-bin/www_bget?ko+K01835">
        <graphics name="K01835" fgcolor="#000000" bgcolor="#FFFFFF"
             type="rectangle" x="263" y="213" width="46" height="17"/>
    </entry>
    <entry id="35" name="ko:K04340" type="ortholog" reaction="rn:R03477"
        link="http://www.genome.jp/dbget-bin/www_bget?ko+K04340">
        <graphics name="K04340" fgcolor="#000000" bgcolor="#FFFFFF"
             type="rectangle" x="120" y="434" width="46" height="17"/>
    </entry>
    <entry id="36" name="cpd:C00031" type="compound"
        link="http://www.genome.jp/dbget-bin/www_bget?compound+C00031">
        <graphics name="C00031" fgcolor="#000000" bgcolor="#FFFFFF"
             type="circle" x="208" y="135" width="8" height="8"/>
    </entry>
    <entry id="37" name="path:map00521" type="map"
        link="http://www.genome.jp/dbget-bin/get_linkdb?pathway+map00521">
        <graphics name="TITLE:Streptomycin biosynthesis" fgcolor="#000000" bgcolor="#FFFFFF"
             type="roundrectangle" x="287" y="71" width="240" height="26"/>
    </entry>
    <entry id="43" name="" type="other" reaction="rn:R05516">
        <graphics fgcolor="#000000" bgcolor="#FFFFFF"
             type="rectangle" x="320" y="499" width="1" height="54"/>
    </entry>
    <entry id="45" name="" type="other" reaction="rn:R06365">
        <graphics fgcolor="#000000" bgcolor="#FFFFFF"
             type="rectangle" x="320" y="642" width="1" height="69"/>
    </entry>
    <entry id="49" name="" type="other" reaction="rn:R05513">
        <graphics fgcolor="#000000" bgcolor="#FFFFFF"
             type="rectangle" x="118" y="310" width="1" height="54"/>
    </entry>
    <entry id="52" name="" type="other" reaction="rn:R05515">
        <graphics fgcolor="#000000" bgcolor="#FFFFFF"
             type="rectangle" x="270" y="681" width="90" height="1"/>
    </entry>
    <entry id="58" name="sptr:STRG_STRGR" type="other"
        link="http://www.genome.jp/dbget-bin/www_bget?sptr+STRG_STRGR">
        <graphics name="STRG_STRGR" fgcolor="#000000" bgcolor="#FFFFFF"
             type="rectangle" x="447" y="414" width="46" height="17"/>
    </entry>
    <entry id="59" name="sptr:STRF_STRGR" type="other"
        link="http://www.genome.jp/dbget-bin/www_bget?sptr+STRF_STRGR">
        <graphics name="STRF_STRGR" fgcolor="#000000" bgcolor="#FFFFFF"
             type="rectangle" x="447" y="397" width="46" height="17"/>
    </entry>
    <entry id="60" name="" type="other" reaction="rn:R05514">
        <graphics fgcolor="#000000" bgcolor="#FFFFFF"
             type="rectangle" x="118" y="498" width="1" height="48"/>
    </entry>
    <relation entry1="2" entry2="9" type="ECrel">
        <subtype name="compound" value="22"/>
    </relation>
    <relation entry1="2" entry2="34" type="ECrel">
        <subtype name="compound" value="22"/>
    </relation>
    <relation entry1="3" entry2="9" type="ECrel">
        <subtype name="compound" value="22"/>
    </relation>
    <relation entry1="3" entry2="34" type="ECrel">
        <subtype name="compound" value="22"/>
    </relation>
    <relation entry1="9" entry2="34" type="ECrel">
        <subtype name="compound" value="22"/>
    </relation>
    <relation entry1="8" entry2="9" type="ECrel">
        <subtype name="compound" value="27"/>
    </relation>
    <relation entry1="7" entry2="35" type="ECrel">
        <subtype name="compound" value="25"/>
    </relation>
    <relation entry1="33" entry2="34" type="ECrel">
        <subtype name="compound" value="21"/>
    </relation>
    <relation entry1="32" entry2="33" type="ECrel">
        <subtype name="compound" value="20"/>
    </relation>
    <relation entry1="31" entry2="32" type="ECrel">
        <subtype name="compound" value="19"/>
    </relation>
    <relation entry1="11" entry2="31" type="ECrel">
        <subtype name="compound" value="18"/>
    </relation>
    <relation entry1="28" entry2="29" type="ECrel">
        <subtype name="compound" value="13"/>
    </relation>
    <relation entry1="28" entry2="29" type="ECrel">
        <subtype name="compound" value="14"/>
    </relation>
    <relation entry1="32" entry2="4" type="maplink">
        <subtype name="compound" value="19"/>
    </relation>
    <relation entry1="31" entry2="4" type="maplink">
        <subtype name="compound" value="19"/>
    </relation>
    <reaction name="rn:R00299" type="irreversible">
        <substrate name="cpd:C00031"/>
        <product name="cpd:C00092"/>
    </reaction>
    <reaction name="rn:R03384" type="irreversible">
        <substrate name="cpd:C01214"/>
        <product name="cpd:C01283"/>
    </reaction>
    <reaction name="rn:R01185" type="reversible">
        <substrate name="cpd:C01177"/>
        <product name="cpd:C00137"/>
    </reaction>
    <reaction name="rn:R00840" type="reversible">
        <substrate name="cpd:C01177"/>
        <product name="cpd:C00092"/>
    </reaction>
    <reaction name="rn:R02777" type="reversible">
        <substrate name="cpd:C03319"/>
        <product name="cpd:C00688"/>
    </reaction>
    <reaction name="rn:R02225" type="irreversible">
        <substrate name="cpd:C00413"/>
        <product name="cpd:C01138"/>
    </reaction>
    <reaction name="rn:R02228" type="irreversible">
        <substrate name="cpd:C01138"/>
        <product name="cpd:C00413"/>
    </reaction>
    <reaction name="rn:R04222" type="irreversible">
        <substrate name="cpd:C01121"/>
        <substrate name="cpd:C03442"/>
        <product name="cpd:C04767"/>
    </reaction>
    <reaction name="rn:R06514" type="reversible">
        <substrate name="cpd:C11907"/>
        <product name="cpd:C00688"/>
    </reaction>
    <reaction name="rn:R06513" type="reversible">
        <substrate name="cpd:C00842"/>
        <product name="cpd:C11907"/>
    </reaction>
    <reaction name="rn:R02328" type="reversible">
        <substrate name="cpd:C00103"/>
        <product name="cpd:C00842"/>
    </reaction>
    <reaction name="rn:R00959" type="reversible">
        <substrate name="cpd:C00103"/>
        <product name="cpd:C00668"/>
    </reaction>
    <reaction name="rn:R03477" type="irreversible">
        <substrate name="cpd:C01283"/>
        <product name="cpd:C01294"/>
    </reaction>
    <reaction name="rn:R05516" type="irreversible">
        <substrate name="cpd:C03319"/>
        <product name="cpd:C03442"/>
    </reaction>
    <reaction name="rn:R06365" type="irreversible">
        <substrate name="cpd:C06592"/>
        <substrate name="cpd:C04767"/>
        <product name="cpd:C01221"/>
    </reaction>
    <reaction name="rn:R05513" type="irreversible">
        <substrate name="cpd:C00137"/>
        <product name="cpd:C01214"/>
    </reaction>
    <reaction name="rn:R05515" type="irreversible">
        <substrate name="cpd:C01221"/>
        <product name="cpd:C01138"/>
    </reaction>
    <reaction name="rn:R05514" type="irreversible">
        <substrate name="cpd:C01294"/>
        <product name="cpd:C01121"/>
    </reaction>
</pathway>
