<?xml version="1.0"?>
<!DOCTYPE pathway SYSTEM "http://www.genome.jp/kegg/xml/KGML_v0.6.1_.dtd">
<!-- Creation date: Feb 13 2009 02:52:30 +0900 (JST) -->
<pathway name="path:map00523" org="map" number="00523"
         title="Polyketide sugar unit biosynthesis"
         image="http://www.genome.jp/kegg/pathway/map/map00523.gif"
         link="http://www.genome.jp/dbget-bin/show_pathway?map00523">
    <entry id="1" name="cpd:C03319" type="compound"
        link="http://www.genome.jp/dbget-bin/www_bget?compound+C03319">
        <graphics name="C03319" fgcolor="#000000" bgcolor="#FFFFFF"
             type="circle" x="546" y="486" width="8" height="8"/>
    </entry>
    <entry id="2" name="cpd:C07277" type="compound"
        link="http://www.genome.jp/dbget-bin/www_bget?compound+C07277">
        <graphics name="C07277" fgcolor="#000000" bgcolor="#FFFFFF"
             type="circle" x="158" y="268" width="8" height="8"/>
    </entry>
    <entry id="3" name="ec:1.1.1.266" type="enzyme" reaction="rn:R05687"
        link="http://www.genome.jp/dbget-bin/www_bget?enzyme+1.1.1.266">
        <graphics name="1.1.1.266" fgcolor="#000000" bgcolor="#FFFFFF"
             type="rectangle" x="227" y="268" width="46" height="17"/>
    </entry>
    <entry id="4" name="ko:K00067" type="ortholog" reaction="rn:R02777"
        link="http://www.genome.jp/dbget-bin/www_bget?ko+K00067">
        <graphics name="K00067" fgcolor="#000000" bgcolor="#FFFFFF"
             type="rectangle" x="546" y="448" width="46" height="17"/>
    </entry>
    <entry id="5" name="path:map00522" type="map"
        link="http://www.genome.jp/kegg/pathway/map/map00522.html">
        <graphics name="Biosynthesis of 12-, 14- and 16-membered macrolides" fgcolor="#000000" bgcolor="#FFFFFF"
             type="roundrectangle" x="464" y="702" width="157" height="34"/>
    </entry>
    <entry id="6" name="up:O87833" type="other" reaction="rn:R06432"
        link="http://www.genome.jp/dbget-bin/www_bget?up+O87833">
        <graphics name="O87833" fgcolor="#000000" bgcolor="#FFFFFF"
             type="rectangle" x="957" y="512" width="46" height="17"/>
    </entry>
    <entry id="7" name="up:Q9RR27" type="other" reaction="rn:R06434"
        link="http://www.genome.jp/dbget-bin/www_bget?up+Q9RR27">
        <graphics name="Q9RR27" fgcolor="#000000" bgcolor="#FFFFFF"
             type="rectangle" x="957" y="448" width="46" height="17"/>
    </entry>
    <entry id="8" name="up:Q04793 up:Q9XC66" type="other" reaction="rn:R06433"
        link="http://www.genome.jp/dbget-bin/www_bget?up+Q04793+Q9XC66">
        <graphics name="Q04793..." fgcolor="#000000" bgcolor="#FFFFFF"
             type="rectangle" x="835" y="363" width="46" height="17"/>
    </entry>
    <entry id="9" name="up:Q9F836 up:O33940" type="other" reaction="rn:R08595"
        link="http://www.genome.jp/dbget-bin/www_bget?up+Q9F836+O33940">
        <graphics name="Q9F836..." fgcolor="#000000" bgcolor="#FFFFFF"
             type="rectangle" x="702" y="575" width="46" height="17"/>
    </entry>
    <entry id="10" name="up:Q9F837" type="other" reaction="rn:R08594"
        link="http://www.genome.jp/dbget-bin/www_bget?up+Q9F837">
        <graphics name="Q9F837" fgcolor="#000000" bgcolor="#FFFFFF"
             type="rectangle" x="702" y="512" width="46" height="17"/>
    </entry>
    <entry id="11" name="up:Q9F833" type="other" reaction="rn:R08598"
        link="http://www.genome.jp/dbget-bin/www_bget?up+Q9F833">
        <graphics name="Q9F833" fgcolor="#000000" bgcolor="#FFFFFF"
             type="rectangle" x="702" y="363" width="46" height="17"/>
    </entry>
    <entry id="12" name="up:Q9F840" type="other" reaction="rn:R08593"
        link="http://www.genome.jp/dbget-bin/www_bget?up+Q9F840">
        <graphics name="Q9F840" fgcolor="#000000" bgcolor="#FFFFFF"
             type="rectangle" x="702" y="448" width="46" height="17"/>
    </entry>
    <entry id="13" name="up:Q9F834" type="other" reaction="rn:R08592"
        link="http://www.genome.jp/dbget-bin/www_bget?up+Q9F834">
        <graphics name="Q9F834" fgcolor="#000000" bgcolor="#FFFFFF"
             type="rectangle" x="629" y="448" width="46" height="17"/>
    </entry>
    <entry id="14" name="up:Q9F835 up:Q04793" type="other" reaction="rn:R06440"
        link="http://www.genome.jp/dbget-bin/www_bget?up+Q9F835+Q04793">
        <graphics name="Q9F835..." fgcolor="#000000" bgcolor="#FFFFFF"
             type="rectangle" x="702" y="295" width="46" height="17"/>
    </entry>
    <entry id="15" name="up:O33934 up:O54225 up:P95746 up:O87829 up:Q9ZGH8" type="other" reaction="rn:R06424"
        link="http://www.genome.jp/dbget-bin/www_bget?up+O33934+O54225+P95746+O87829+Q9ZGH8">
        <graphics name="O33934..." fgcolor="#000000" bgcolor="#FFFFFF"
             type="rectangle" x="267" y="295" width="46" height="17"/>
    </entry>
    <entry id="16" name="up:O33938 up:Q9S0P3 up:Q9XC69" type="other" reaction="rn:R06436"
        link="http://www.genome.jp/dbget-bin/www_bget?up+O33938+Q9S0P3+Q9XC69">
        <graphics name="O33938..." fgcolor="#000000" bgcolor="#FFFFFF"
             type="rectangle" x="835" y="575" width="46" height="17"/>
    </entry>
    <entry id="17" name="up:P95748" type="other" reaction="rn:R06439"
        link="http://www.genome.jp/dbget-bin/www_bget?up+P95748">
        <graphics name="P95748" fgcolor="#000000" bgcolor="#FFFFFF"
             type="rectangle" x="126" y="431" width="46" height="17"/>
    </entry>
    <entry id="18" name="up:A4F7N5 up:O33940 up:O87832 up:Q9ZGH6" type="other" reaction="rn:R06427"
        link="http://www.genome.jp/dbget-bin/www_bget?up+A4F7N5+O33940+O87832+Q9ZGH6">
        <graphics name="A4F7N5..." fgcolor="#000000" bgcolor="#FFFFFF"
             type="rectangle" x="267" y="561" width="46" height="17"/>
    </entry>
    <entry id="19" name="up:A4F7N2 up:O33943 up:O50541 up:Q9RR25" type="other" reaction="rn:R08582"
        link="http://www.genome.jp/dbget-bin/www_bget?up+A4F7N2+O33943+O50541+Q9RR25">
        <graphics name="A4F7N2..." fgcolor="#000000" bgcolor="#FFFFFF"
             type="rectangle" x="267" y="496" width="46" height="17"/>
    </entry>
    <entry id="20" name="cpd:C00103" type="compound"
        link="http://www.genome.jp/dbget-bin/www_bget?compound+C00103">
        <graphics name="C00103" fgcolor="#000000" bgcolor="#FFFFFF"
             type="circle" x="464" y="138" width="8" height="8"/>
    </entry>
    <entry id="21" name="up:Q9RR32" type="other" reaction="rn:R06430"
        link="http://www.genome.jp/dbget-bin/www_bget?up+Q9RR32">
        <graphics name="Q9RR32" fgcolor="#000000" bgcolor="#FFFFFF"
             type="rectangle" x="958" y="295" width="46" height="17"/>
    </entry>
    <entry id="22" name="cpd:C11915" type="compound"
        link="http://www.genome.jp/dbget-bin/www_bget?compound+C11915">
        <graphics name="C11915" fgcolor="#000000" bgcolor="#FFFFFF"
             type="circle" x="835" y="543" width="8" height="8"/>
    </entry>
    <entry id="23" name="cpd:C11911" type="compound"
        link="http://www.genome.jp/dbget-bin/www_bget?compound+C11911">
        <graphics name="C11911" fgcolor="#000000" bgcolor="#FFFFFF"
             type="circle" x="267" y="599" width="8" height="8"/>
    </entry>
    <entry id="24" name="cpd:C11916" type="compound"
        link="http://www.genome.jp/dbget-bin/www_bget?compound+C11916">
        <graphics name="C11916" fgcolor="#000000" bgcolor="#FFFFFF"
             type="circle" x="835" y="612" width="8" height="8"/>
    </entry>
    <entry id="25" name="cpd:C11926" type="compound"
        link="http://www.genome.jp/dbget-bin/www_bget?compound+C11926">
        <graphics name="C11926" fgcolor="#000000" bgcolor="#FFFFFF"
             type="circle" x="464" y="338" width="8" height="8"/>
    </entry>
    <entry id="26" name="cpd:C11923" type="compound"
        link="http://www.genome.jp/dbget-bin/www_bget?compound+C11923">
        <graphics name="C11923" fgcolor="#000000" bgcolor="#FFFFFF"
             type="circle" x="1025" y="337" width="8" height="8"/>
    </entry>
    <entry id="27" name="cpd:C11919" type="compound"
        link="http://www.genome.jp/dbget-bin/www_bget?compound+C11919">
        <graphics name="C11919" fgcolor="#000000" bgcolor="#FFFFFF"
             type="circle" x="701" y="612" width="8" height="8"/>
    </entry>
    <entry id="28" name="cpd:C00688" type="compound"
        link="http://www.genome.jp/dbget-bin/www_bget?compound+C00688">
        <graphics name="C00688" fgcolor="#000000" bgcolor="#FFFFFF"
             type="circle" x="546" y="420" width="8" height="8"/>
    </entry>
    <entry id="29" name="cpd:C11921" type="compound"
        link="http://www.genome.jp/dbget-bin/www_bget?compound+C11921">
        <graphics name="C11921" fgcolor="#000000" bgcolor="#FFFFFF"
             type="circle" x="957" y="543" width="8" height="8"/>
    </entry>
    <entry id="30" name="cpd:C11931" type="compound"
        link="http://www.genome.jp/dbget-bin/www_bget?compound+C11931">
        <graphics name="C11931" fgcolor="#000000" bgcolor="#FFFFFF"
             type="circle" x="701" y="337" width="8" height="8"/>
    </entry>
    <entry id="31" name="cpd:C11912" type="compound"
        link="http://www.genome.jp/dbget-bin/www_bget?compound+C11912">
        <graphics name="C11912" fgcolor="#000000" bgcolor="#FFFFFF"
             type="circle" x="464" y="404" width="8" height="8"/>
    </entry>
    <entry id="32" name="cpd:C11927" type="compound"
        link="http://www.genome.jp/dbget-bin/www_bget?compound+C11927">
        <graphics name="C11927" fgcolor="#000000" bgcolor="#FFFFFF"
             type="circle" x="701" y="420" width="8" height="8"/>
    </entry>
    <entry id="33" name="cpd:C11920" type="compound"
        link="http://www.genome.jp/dbget-bin/www_bget?compound+C11920">
        <graphics name="C11920" fgcolor="#000000" bgcolor="#FFFFFF"
             type="circle" x="957" y="486" width="8" height="8"/>
    </entry>
    <entry id="34" name="cpd:C11922" type="compound"
        link="http://www.genome.jp/dbget-bin/www_bget?compound+C11922">
        <graphics name="C11922" fgcolor="#000000" bgcolor="#FFFFFF"
             type="circle" x="957" y="337" width="8" height="8"/>
    </entry>
    <entry id="35" name="ko:K01790" type="ortholog" reaction="rn:R06514"
        link="http://www.genome.jp/dbget-bin/www_bget?ko+K01790">
        <graphics name="K01790" fgcolor="#000000" bgcolor="#FFFFFF"
             type="rectangle" x="546" y="363" width="46" height="17"/>
    </entry>
    <entry id="36" name="path:map00520" type="map"
        link="http://www.genome.jp/kegg/pathway/map/map00520.html">
        <graphics name="Nucleotide sugars metabolism" fgcolor="#000000" bgcolor="#FFFFFF"
             type="roundrectangle" x="250" y="138" width="157" height="25"/>
    </entry>
    <entry id="37" name="up:O33936 up:Q9XC70" type="other" reaction="rn:R06429"
        link="http://www.genome.jp/dbget-bin/www_bget?up+O33936+Q9XC70">
        <graphics name="O33936..." fgcolor="#000000" bgcolor="#FFFFFF"
             type="rectangle" x="835" y="295" width="46" height="17"/>
    </entry>
    <entry id="38" name="up:A4F7Q1 up:P14290 up:O68842" type="other" reaction="rn:R08580"
        link="http://www.genome.jp/dbget-bin/www_bget?up+A4F7Q1+P14290+O68842">
        <graphics name="A4F7Q1..." fgcolor="#000000" bgcolor="#FFFFFF"
             type="rectangle" x="267" y="363" width="46" height="17"/>
    </entry>
    <entry id="39" name="up:Q9S4D4" type="other" reaction="rn:R06437"
        link="http://www.genome.jp/dbget-bin/www_bget?up+Q9S4D4">
        <graphics name="Q9S4D4" fgcolor="#000000" bgcolor="#FFFFFF"
             type="rectangle" x="465" y="295" width="46" height="17"/>
    </entry>
    <entry id="40" name="ko:K01710" type="ortholog" reaction="rn:R06513"
        link="http://www.genome.jp/dbget-bin/www_bget?ko+K01710">
        <graphics name="K01710" fgcolor="#000000" bgcolor="#FFFFFF"
             type="rectangle" x="465" y="232" width="46" height="17"/>
    </entry>
    <entry id="41" name="ko:K00973" type="ortholog" reaction="rn:R02328"
        link="http://www.genome.jp/dbget-bin/www_bget?ko+K00973">
        <graphics name="K00973" fgcolor="#000000" bgcolor="#FFFFFF"
             type="rectangle" x="465" y="164" width="46" height="17"/>
    </entry>
    <entry id="42" name="up:Q9XC68 up:Q9XC68" type="other" reaction="rn:R06435"
        link="http://www.genome.jp/dbget-bin/www_bget?up+Q9XC68+Q9XC68">
        <graphics name="Q9XC68..." fgcolor="#000000" bgcolor="#FFFFFF"
             type="rectangle" x="835" y="512" width="46" height="17"/>
    </entry>
    <entry id="43" name="up:Q9ZHQ3" type="other" reaction="rn:R06438"
        link="http://www.genome.jp/dbget-bin/www_bget?up+Q9ZHQ3">
        <graphics name="Q9ZHQ3" fgcolor="#000000" bgcolor="#FFFFFF"
             type="rectangle" x="465" y="363" width="46" height="17"/>
    </entry>
    <entry id="44" name="up:Q9RR30" type="other" reaction="rn:R08597"
        link="http://www.genome.jp/dbget-bin/www_bget?up+Q9RR30">
        <graphics name="Q9RR30" fgcolor="#000000" bgcolor="#FFFFFF"
             type="rectangle" x="957" y="363" width="46" height="17"/>
    </entry>
    <entry id="45" name="up:O33941 up:Q9JN57 up:Q9RR31 up:Q9F841" type="other" reaction="rn:R06428"
        link="http://www.genome.jp/dbget-bin/www_bget?up+O33941+Q9JN57+Q9RR31+Q9F841">
        <graphics name="O33941..." fgcolor="#000000" bgcolor="#FFFFFF"
             type="rectangle" x="573" y="271" width="46" height="17"/>
    </entry>
    <entry id="46" name="up:A4F7N3 up:O33942 up:" type="other" reaction="rn:R08581"
        link="http://www.genome.jp/kegg-bin/mark_pathway_www?@/default%3dred/">
        <graphics name="A4F7N3..." fgcolor="#000000" bgcolor="#FFFFFF"
             type="rectangle" x="267" y="431" width="46" height="17"/>
    </entry>
    <entry id="47" name="path:map00523" type="map"
        link="http://www.genome.jp/dbget-bin/get_linkdb?pathway+map00523">
        <graphics name="TITLE:Polyketide sugar unit biosynthesis" fgcolor="#000000" bgcolor="#FFFFFF"
             type="roundrectangle" x="252" y="67" width="319" height="25"/>
    </entry>
    <entry id="48" name="cpd:C11930" type="compound"
        link="http://www.genome.jp/dbget-bin/www_bget?compound+C11930">
        <graphics name="C11930" fgcolor="#000000" bgcolor="#FFFFFF"
             type="circle" x="701" y="271" width="8" height="8"/>
    </entry>
    <entry id="49" name="cpd:C11908" type="compound"
        link="http://www.genome.jp/dbget-bin/www_bget?compound+C11908">
        <graphics name="C11908" fgcolor="#000000" bgcolor="#FFFFFF"
             type="circle" x="267" y="338" width="8" height="8"/>
    </entry>
    <entry id="50" name="cpd:C11925" type="compound"
        link="http://www.genome.jp/dbget-bin/www_bget?compound+C11925">
        <graphics name="C11925" fgcolor="#000000" bgcolor="#FFFFFF"
             type="circle" x="126" y="404" width="8" height="8"/>
    </entry>
    <entry id="51" name="cpd:C11910" type="compound"
        link="http://www.genome.jp/dbget-bin/www_bget?compound+C11910">
        <graphics name="C11910" fgcolor="#000000" bgcolor="#FFFFFF"
             type="circle" x="267" y="533" width="8" height="8"/>
    </entry>
    <entry id="52" name="cpd:C11918" type="compound"
        link="http://www.genome.jp/dbget-bin/www_bget?compound+C11918">
        <graphics name="C11918" fgcolor="#000000" bgcolor="#FFFFFF"
             type="circle" x="620" y="205" width="8" height="8"/>
    </entry>
    <entry id="53" name="cpd:C11928" type="compound"
        link="http://www.genome.jp/dbget-bin/www_bget?compound+C11928">
        <graphics name="C11928" fgcolor="#000000" bgcolor="#FFFFFF"
             type="circle" x="835" y="337" width="8" height="8"/>
    </entry>
    <entry id="54" name="cpd:C17093" type="compound"
        link="http://www.genome.jp/dbget-bin/www_bget?compound+C17093">
        <graphics name="C17093" fgcolor="#000000" bgcolor="#FFFFFF"
             type="circle" x="267" y="470" width="8" height="8"/>
    </entry>
    <entry id="55" name="cpd:C11907" type="compound"
        link="http://www.genome.jp/dbget-bin/www_bget?compound+C11907">
        <graphics name="C11907" fgcolor="#000000" bgcolor="#FFFFFF"
             type="circle" x="464" y="271" width="8" height="8"/>
    </entry>
    <entry id="56" name="cpd:C11933" type="compound"
        link="http://www.genome.jp/dbget-bin/www_bget?compound+C11933">
        <graphics name="C11933" fgcolor="#000000" bgcolor="#FFFFFF"
             type="circle" x="126" y="470" width="8" height="8"/>
    </entry>
    <entry id="57" name="cpd:C00842" type="compound"
        link="http://www.genome.jp/dbget-bin/www_bget?compound+C00842">
        <graphics name="C00842" fgcolor="#000000" bgcolor="#FFFFFF"
             type="circle" x="464" y="205" width="8" height="8"/>
    </entry>
    <entry id="72" name="" type="other" reaction="rn:R06443">
        <graphics fgcolor="#000000" bgcolor="#FFFFFF"
             type="rectangle" x="658" y="239" width="76" height="57"/>
    </entry>
    <entry id="75" name="" type="other" reaction="rn:R06423">
        <graphics fgcolor="#000000" bgcolor="#FFFFFF"
             type="rectangle" x="126" y="363" width="46" height="17"/>
    </entry>
    <entry id="76" name="cpd:C17087" type="compound"
        link="http://www.genome.jp/dbget-bin/www_bget?compound+C17087">
        <graphics name="C17087" fgcolor="#000000" bgcolor="#FFFFFF"
             type="circle" x="267" y="404" width="8" height="8"/>
    </entry>
    <entry id="79" name="cpd:C04268" type="compound"
        link="http://www.genome.jp/dbget-bin/www_bget?compound+C04268">
        <graphics name="C04268" fgcolor="#000000" bgcolor="#FFFFFF"
             type="circle" x="357" y="404" width="8" height="8"/>
    </entry>
    <entry id="82" name="cpd:C11909" type="compound"
        link="http://www.genome.jp/dbget-bin/www_bget?compound+C11909">
        <graphics name="C11909" fgcolor="#000000" bgcolor="#FFFFFF"
             type="circle" x="357" y="470" width="8" height="8"/>
    </entry>
    <entry id="84" name="up:Q9ZGH0" type="other" reaction="rn:R02773"
        link="http://www.genome.jp/dbget-bin/www_bget?up+Q9ZGH0">
        <graphics name="Q9ZGH0" fgcolor="#000000" bgcolor="#FFFFFF"
             type="rectangle" x="357" y="363" width="46" height="17"/>
    </entry>
    <entry id="85" name="up:Q9ZGH1" type="other" reaction="rn:R08583"
        link="http://www.genome.jp/dbget-bin/www_bget?up+Q9ZGH1">
        <graphics name="Q9ZGH1" fgcolor="#000000" bgcolor="#FFFFFF"
             type="rectangle" x="357" y="431" width="46" height="17"/>
    </entry>
    <entry id="86" name="up:Q9ZGH4" type="other" reaction="rn:R06426"
        link="http://www.genome.jp/dbget-bin/www_bget?up+Q9ZGH4">
        <graphics name="Q9ZGH4" fgcolor="#000000" bgcolor="#FFFFFF"
             type="rectangle" x="357" y="496" width="46" height="17"/>
    </entry>
    <entry id="93" name="cpd:C17138" type="compound"
        link="http://www.genome.jp/dbget-bin/www_bget?compound+C17138">
        <graphics name="C17138" fgcolor="#000000" bgcolor="#FFFFFF"
             type="circle" x="701" y="486" width="8" height="8"/>
    </entry>
    <entry id="95" name="cpd:C12443" type="compound"
        link="http://www.genome.jp/dbget-bin/www_bget?compound+C12443">
        <graphics name="C12443" fgcolor="#000000" bgcolor="#FFFFFF"
             type="circle" x="701" y="543" width="8" height="8"/>
    </entry>
    <entry id="99" name="" type="other" reaction="rn:R06446">
        <graphics fgcolor="#000000" bgcolor="#FFFFFF"
             type="rectangle" x="990" y="337" width="58" height="1"/>
    </entry>
    <entry id="100" name="" type="other" reaction="rn:R08591">
        <graphics fgcolor="#000000" bgcolor="#FFFFFF"
             type="rectangle" x="665" y="337" width="56" height="1"/>
    </entry>
    <entry id="102" name="cpd:C17139" type="compound"
        link="http://www.genome.jp/dbget-bin/www_bget?compound+C17139">
        <graphics name="C17139" fgcolor="#000000" bgcolor="#FFFFFF"
             type="circle" x="630" y="338" width="8" height="8"/>
    </entry>
    <relation entry1="21" entry2="44" type="ECrel">
        <subtype name="compound" value="34"/>
    </relation>
    <relation entry1="6" entry2="7" type="ECrel">
        <subtype name="compound" value="33"/>
    </relation>
    <relation entry1="13" entry2="14" type="ECrel">
        <subtype name="compound" value="30"/>
    </relation>
    <relation entry1="12" entry2="14" type="ECrel">
        <subtype name="compound" value="30"/>
    </relation>
    <relation entry1="11" entry2="14" type="ECrel">
        <subtype name="compound" value="30"/>
    </relation>
    <relation entry1="14" entry2="21" type="ECrel">
        <subtype name="compound" value="48"/>
    </relation>
    <relation entry1="14" entry2="37" type="ECrel">
        <subtype name="compound" value="48"/>
    </relation>
    <relation entry1="14" entry2="45" type="ECrel">
        <subtype name="compound" value="48"/>
    </relation>
    <relation entry1="21" entry2="37" type="ECrel">
        <subtype name="compound" value="48"/>
    </relation>
    <relation entry1="21" entry2="45" type="ECrel">
        <subtype name="compound" value="48"/>
    </relation>
    <relation entry1="37" entry2="45" type="ECrel">
        <subtype name="compound" value="48"/>
    </relation>
    <relation entry1="8" entry2="37" type="ECrel">
        <subtype name="compound" value="53"/>
    </relation>
    <relation entry1="7" entry2="42" type="ECrel">
        <subtype name="compound" value="32"/>
    </relation>
    <relation entry1="8" entry2="42" type="ECrel">
        <subtype name="compound" value="32"/>
    </relation>
    <relation entry1="7" entry2="8" type="ECrel">
        <subtype name="compound" value="32"/>
    </relation>
    <relation entry1="16" entry2="42" type="ECrel">
        <subtype name="compound" value="22"/>
    </relation>
    <relation entry1="4" entry2="35" type="ECrel">
        <subtype name="compound" value="28"/>
    </relation>
    <relation entry1="40" entry2="45" type="ECrel">
        <subtype name="compound" value="55"/>
    </relation>
    <relation entry1="35" entry2="40" type="ECrel">
        <subtype name="compound" value="55"/>
    </relation>
    <relation entry1="39" entry2="40" type="ECrel">
        <subtype name="compound" value="55"/>
    </relation>
    <relation entry1="15" entry2="40" type="ECrel">
        <subtype name="compound" value="55"/>
    </relation>
    <relation entry1="3" entry2="40" type="ECrel">
        <subtype name="compound" value="55"/>
    </relation>
    <relation entry1="35" entry2="45" type="ECrel">
        <subtype name="compound" value="55"/>
    </relation>
    <relation entry1="39" entry2="45" type="ECrel">
        <subtype name="compound" value="55"/>
    </relation>
    <relation entry1="15" entry2="45" type="ECrel">
        <subtype name="compound" value="55"/>
    </relation>
    <relation entry1="3" entry2="45" type="ECrel">
        <subtype name="compound" value="55"/>
    </relation>
    <relation entry1="35" entry2="39" type="ECrel">
        <subtype name="compound" value="55"/>
    </relation>
    <relation entry1="15" entry2="35" type="ECrel">
        <subtype name="compound" value="55"/>
    </relation>
    <relation entry1="3" entry2="35" type="ECrel">
        <subtype name="compound" value="55"/>
    </relation>
    <relation entry1="15" entry2="39" type="ECrel">
        <subtype name="compound" value="55"/>
    </relation>
    <relation entry1="3" entry2="39" type="ECrel">
        <subtype name="compound" value="55"/>
    </relation>
    <relation entry1="3" entry2="15" type="ECrel">
        <subtype name="compound" value="55"/>
    </relation>
    <relation entry1="40" entry2="41" type="ECrel">
        <subtype name="compound" value="57"/>
    </relation>
    <relation entry1="39" entry2="43" type="ECrel">
        <subtype name="compound" value="25"/>
    </relation>
    <relation entry1="15" entry2="38" type="ECrel">
        <subtype name="compound" value="49"/>
    </relation>
    <relation entry1="19" entry2="46" type="ECrel">
        <subtype name="compound" value="54"/>
    </relation>
    <relation entry1="18" entry2="19" type="ECrel">
        <subtype name="compound" value="51"/>
    </relation>
    <relation entry1="17" entry2="5" type="maplink">
        <subtype name="compound" value="56"/>
    </relation>
    <relation entry1="18" entry2="5" type="maplink">
        <subtype name="compound" value="23"/>
    </relation>
    <relation entry1="43" entry2="5" type="maplink">
        <subtype name="compound" value="31"/>
    </relation>
    <relation entry1="16" entry2="5" type="maplink">
        <subtype name="compound" value="24"/>
    </relation>
    <relation entry1="7" entry2="5" type="maplink">
        <subtype name="compound" value="33"/>
    </relation>
    <relation entry1="6" entry2="5" type="maplink">
        <subtype name="compound" value="33"/>
    </relation>
    <relation entry1="6" entry2="5" type="maplink">
        <subtype name="compound" value="29"/>
    </relation>
    <relation entry1="41" entry2="36" type="maplink">
        <subtype name="compound" value="20"/>
    </relation>
    <reaction name="rn:R05687" type="irreversible">
        <substrate name="cpd:C11907"/>
        <product name="cpd:C07277"/>
    </reaction>
    <reaction name="rn:R02777" type="reversible">
        <substrate name="cpd:C03319"/>
        <product name="cpd:C00688"/>
    </reaction>
    <reaction name="rn:R06432" type="irreversible">
        <substrate name="cpd:C11920"/>
        <product name="cpd:C11921"/>
    </reaction>
    <reaction name="rn:R06434" type="irreversible">
        <substrate name="cpd:C11927"/>
        <product name="cpd:C11920"/>
    </reaction>
    <reaction name="rn:R06433" type="irreversible">
        <substrate name="cpd:C11928"/>
        <product name="cpd:C11927"/>
    </reaction>
    <reaction name="rn:R08595" type="irreversible">
        <substrate name="cpd:C12443"/>
        <product name="cpd:C11919"/>
    </reaction>
    <reaction name="rn:R08594" type="irreversible">
        <substrate name="cpd:C17138"/>
        <product name="cpd:C12443"/>
    </reaction>
    <reaction name="rn:R08598" type="irreversible">
        <substrate name="cpd:C11931"/>
        <product name="cpd:C11927"/>
    </reaction>
    <reaction name="rn:R08593" type="irreversible">
        <substrate name="cpd:C11927"/>
        <product name="cpd:C17138"/>
    </reaction>
    <reaction name="rn:R08592" type="irreversible">
        <substrate name="cpd:C17139"/>
        <product name="cpd:C17138"/>
    </reaction>
    <reaction name="rn:R06440" type="irreversible">
        <substrate name="cpd:C11930"/>
        <product name="cpd:C11931"/>
    </reaction>
    <reaction name="rn:R06424" type="irreversible">
        <substrate name="cpd:C11907"/>
        <product name="cpd:C11908"/>
    </reaction>
    <reaction name="rn:R06436" type="irreversible">
        <substrate name="cpd:C11915"/>
        <product name="cpd:C11916"/>
    </reaction>
    <reaction name="rn:R06439" type="irreversible">
        <substrate name="cpd:C11925"/>
        <product name="cpd:C11933"/>
    </reaction>
    <reaction name="rn:R06427" type="reversible">
        <substrate name="cpd:C11910"/>
        <product name="cpd:C11911"/>
    </reaction>
    <reaction name="rn:R08582" type="irreversible">
        <substrate name="cpd:C17093"/>
        <product name="cpd:C11910"/>
    </reaction>
    <reaction name="rn:R06430" type="irreversible">
        <substrate name="cpd:C11930"/>
        <product name="cpd:C11922"/>
    </reaction>
    <reaction name="rn:R06514" type="reversible">
        <substrate name="cpd:C11907"/>
        <product name="cpd:C00688"/>
    </reaction>
    <reaction name="rn:R06429" type="irreversible">
        <substrate name="cpd:C11930"/>
        <product name="cpd:C11928"/>
    </reaction>
    <reaction name="rn:R08580" type="irreversible">
        <substrate name="cpd:C11908"/>
        <product name="cpd:C17087"/>
    </reaction>
    <reaction name="rn:R06437" type="irreversible">
        <substrate name="cpd:C11907"/>
        <product name="cpd:C11926"/>
    </reaction>
    <reaction name="rn:R06513" type="irreversible">
        <substrate name="cpd:C00842"/>
        <product name="cpd:C11907"/>
    </reaction>
    <reaction name="rn:R02328" type="reversible">
        <substrate name="cpd:C00103"/>
        <product name="cpd:C00842"/>
    </reaction>
    <reaction name="rn:R06435" type="irreversible">
        <substrate name="cpd:C11927"/>
        <product name="cpd:C11915"/>
    </reaction>
    <reaction name="rn:R06438" type="irreversible">
        <substrate name="cpd:C11926"/>
        <product name="cpd:C11912"/>
    </reaction>
    <reaction name="rn:R08597" type="irreversible">
        <substrate name="cpd:C11922"/>
        <product name="cpd:C11927"/>
    </reaction>
    <reaction name="rn:R06428" type="irreversible">
        <substrate name="cpd:C11907"/>
        <product name="cpd:C11930"/>
    </reaction>
    <reaction name="rn:R08581" type="irreversible">
        <substrate name="cpd:C17087"/>
        <product name="cpd:C17093"/>
    </reaction>
    <reaction name="rn:R02773" type="irreversible">
        <substrate name="cpd:C11907"/>
        <product name="cpd:C04268"/>
    </reaction>
    <reaction name="rn:R08583" type="irreversible">
        <substrate name="cpd:C04268"/>
        <product name="cpd:C11909"/>
    </reaction>
    <reaction name="rn:R06426" type="irreversible">
        <substrate name="cpd:C11909"/>
        <product name="cpd:C11910"/>
    </reaction>
    <reaction name="rn:R06443" type="irreversible">
        <substrate name="cpd:C11930"/>
        <product name="cpd:C11918"/>
    </reaction>
    <reaction name="rn:R06423" type="irreversible">
        <substrate name="cpd:C11908"/>
        <product name="cpd:C11925"/>
    </reaction>
    <reaction name="rn:R06446" type="irreversible">
        <substrate name="cpd:C11922"/>
        <product name="cpd:C11923"/>
    </reaction>
    <reaction name="rn:R08591" type="reversible">
        <substrate name="cpd:C11931"/>
        <product name="cpd:C17139"/>
    </reaction>
</pathway>
