<?xml version="1.0"?>
<!DOCTYPE pathway SYSTEM "http://www.genome.jp/kegg/xml/KGML_v0.6.1_.dtd">
<!-- Creation date: Mar 20 2009 01:51:24 +0900 (JST) -->
<pathway name="path:map00010" org="map" number="00010"
         title="Glycolysis / Gluconeogenesis"
         image="http://www.genome.jp/kegg/pathway/map/map00010.gif"
         link="http://www.genome.jp/dbget-bin/show_pathway?map00010">
    <entry id="1" name="ko:K00128" type="ortholog" reaction="rn:R00710"
        link="http://www.genome.jp/dbget-bin/www_bget?ko+K00128">
        <graphics name="K00128" fgcolor="#000000" bgcolor="#FFFFFF"
             type="rectangle" x="262" y="941" width="46" height="17"/>
    </entry>
    <entry id="2" name="ko:K01895" type="ortholog" reaction="rn:R00235"
        link="http://www.genome.jp/dbget-bin/www_bget?ko+K01895">
        <graphics name="K01895" fgcolor="#000000" bgcolor="#FFFFFF"
             type="rectangle" x="119" y="909" width="46" height="17"/>
    </entry>
    <entry id="3" name="ko:K00129" type="ortholog" reaction="rn:R00711"
        link="http://www.genome.jp/dbget-bin/www_bget?ko+K00129">
        <graphics name="K00129" fgcolor="#000000" bgcolor="#FFFFFF"
             type="rectangle" x="262" y="962" width="46" height="17"/>
    </entry>
    <entry id="4" name="cpd:C00033" type="compound"
        link="http://www.genome.jp/dbget-bin/www_bget?compound+C00033">
        <graphics name="C00033" fgcolor="#000000" bgcolor="#FFFFFF"
             type="circle" x="119" y="952" width="8" height="8"/>
    </entry>
    <entry id="5" name="path:map00030" type="map"
        link="http://www.genome.jp/kegg/pathway/map/map00030.html">
        <graphics name="Pentose phosphate pathway" fgcolor="#000000" bgcolor="#FFFFFF"
             type="roundrectangle" x="629" y="337" width="62" height="237"/>
    </entry>
    <entry id="6" name="path:map00500" type="map"
        link="http://www.genome.jp/kegg/pathway/map/map00500.html">
        <graphics name="Starch and sucrose metabolism" fgcolor="#000000" bgcolor="#FFFFFF"
             type="roundrectangle" x="458" y="75" width="110" height="34"/>
    </entry>
    <entry id="7" name="ko:K01568" type="ortholog" reaction="rn:R00755"
        link="http://www.genome.jp/dbget-bin/www_bget?ko+K01568">
        <graphics name="K01568" fgcolor="#000000" bgcolor="#FFFFFF"
             type="rectangle" x="351" y="910" width="46" height="17"/>
    </entry>
    <entry id="8" name="ko:K00002" type="ortholog" reaction="rn:R00746"
        link="http://www.genome.jp/dbget-bin/www_bget?ko+K00002">
        <graphics name="K00002" fgcolor="#000000" bgcolor="#FFFFFF"
             type="rectangle" x="460" y="941" width="46" height="17"/>
    </entry>
    <entry id="9" name="ko:K00001" type="ortholog" reaction="rn:R00754"
        link="http://www.genome.jp/dbget-bin/www_bget?ko+K00001">
        <graphics name="K00001" fgcolor="#000000" bgcolor="#FFFFFF"
             type="rectangle" x="412" y="941" width="46" height="17"/>
    </entry>
    <entry id="10" name="ko:K01568" type="ortholog" reaction="rn:R00014"
        link="http://www.genome.jp/dbget-bin/www_bget?ko+K01568">
        <graphics name="K01568" fgcolor="#000000" bgcolor="#FFFFFF"
             type="rectangle" x="404" y="872" width="46" height="17"/>
    </entry>
    <entry id="11" name="ko:K00163 ko:K00161 ko:K00162" type="ortholog" reaction="rn:R00014"
        link="http://www.genome.jp/dbget-bin/www_bget?ko+K00163+K00161+K00162">
        <graphics name="K00163..." fgcolor="#000000" bgcolor="#FFFFFF"
             type="rectangle" x="404" y="851" width="46" height="17"/>
    </entry>
    <entry id="12" name="ko:K00163 ko:K00161 ko:K00162" type="ortholog" reaction="rn:R03270"
        link="http://www.genome.jp/dbget-bin/www_bget?ko+K00163+K00161+K00162">
        <graphics name="K00163..." fgcolor="#000000" bgcolor="#FFFFFF"
             type="rectangle" x="292" y="863" width="46" height="17"/>
    </entry>
    <entry id="13" name="ko:K00627" type="ortholog" reaction="rn:R02569"
        link="http://www.genome.jp/dbget-bin/www_bget?ko+K00627">
        <graphics name="K00627" fgcolor="#000000" bgcolor="#FFFFFF"
             type="rectangle" x="183" y="863" width="46" height="17"/>
    </entry>
    <entry id="14" name="ko:K00016" type="ortholog" reaction="rn:R00703"
        link="http://www.genome.jp/dbget-bin/www_bget?ko+K00016">
        <graphics name="K00016" fgcolor="#000000" bgcolor="#FFFFFF"
             type="rectangle" x="531" y="862" width="46" height="17"/>
    </entry>
    <entry id="15" name="path:map00620" type="map"
        link="http://www.genome.jp/kegg/pathway/map/map00620.html">
        <graphics name="Pyruvate metabolism" fgcolor="#000000" bgcolor="#FFFFFF"
             type="roundrectangle" x="357" y="762" width="78" height="34"/>
    </entry>
    <entry id="16" name="ko:K00873" type="ortholog" reaction="rn:R00200"
        link="http://www.genome.jp/dbget-bin/www_bget?ko+K00873">
        <graphics name="K00873" fgcolor="#000000" bgcolor="#FFFFFF"
             type="rectangle" x="456" y="768" width="46" height="17"/>
    </entry>
    <entry id="17" name="ko:K01689" type="ortholog" reaction="rn:R00658"
        link="http://www.genome.jp/dbget-bin/www_bget?ko+K01689">
        <graphics name="K01689" fgcolor="#000000" bgcolor="#FFFFFF"
             type="rectangle" x="456" y="699" width="46" height="17"/>
    </entry>
    <entry id="18" name="ko:K01834 ko:K01837" type="ortholog" reaction="rn:R01518"
        link="http://www.genome.jp/dbget-bin/www_bget?ko+K01834+K01837">
        <graphics name="K01834..." fgcolor="#000000" bgcolor="#FFFFFF"
             type="rectangle" x="457" y="627" width="46" height="17"/>
    </entry>
    <entry id="19" name="ko:K00134" type="ortholog" reaction="rn:R01061 rn:R01063"
        link="http://www.genome.jp/dbget-bin/www_bget?ko+K00134">
        <graphics name="K00134" fgcolor="#000000" bgcolor="#FFFFFF"
             type="rectangle" x="431" y="482" width="46" height="17"/>
    </entry>
    <entry id="20" name="path:map00710" type="map"
        link="http://www.genome.jp/kegg/pathway/map/map00710.html">
        <graphics name="Carbon fixation in photosynthetic organisms" fgcolor="#000000" bgcolor="#FFFFFF"
             type="roundrectangle" x="278" y="598" width="153" height="34"/>
    </entry>
    <entry id="21" name="ko:K01803" type="ortholog" reaction="rn:R01015"
        link="http://www.genome.jp/dbget-bin/www_bget?ko+K01803">
        <graphics name="K01803" fgcolor="#000000" bgcolor="#FFFFFF"
             type="rectangle" x="376" y="448" width="46" height="17"/>
    </entry>
    <entry id="22" name="ko:K01623 ko:K01624" type="ortholog" reaction="rn:R01070"
        link="http://www.genome.jp/dbget-bin/www_bget?ko+K01623+K01624">
        <graphics name="K01623..." fgcolor="#000000" bgcolor="#FFFFFF"
             type="rectangle" x="456" y="402" width="46" height="17"/>
    </entry>
    <entry id="23" name="ko:K00850" type="ortholog" reaction="rn:R04779"
        link="http://www.genome.jp/dbget-bin/www_bget?ko+K00850">
        <graphics name="K00850" fgcolor="#000000" bgcolor="#FFFFFF"
             type="rectangle" x="456" y="336" width="46" height="17"/>
    </entry>
    <entry id="24" name="ko:K03841 ko:K02446 ko:K11532 ko:K04041" type="ortholog" reaction="rn:R04780"
        link="http://www.genome.jp/dbget-bin/www_bget?ko+K03841+K02446+K11532+K04041">
        <graphics name="K03841..." fgcolor="#000000" bgcolor="#FFFFFF"
             type="rectangle" x="403" y="336" width="46" height="17"/>
    </entry>
    <entry id="25" name="ko:K02777 ko:K02778 ko:K02779 ko:K02790 ko:K02791" type="ortholog" reaction="rn:R02738"
        link="http://www.genome.jp/dbget-bin/www_bget?ko+K02777+K02778+K02779+K02790+K02791">
        <graphics name="K02777..." fgcolor="#000000" bgcolor="#FFFFFF"
             type="rectangle" x="525" y="193" width="46" height="17"/>
    </entry>
    <entry id="26" name="ko:K01810 ko:K06859" type="ortholog" reaction="rn:R02740"
        link="http://www.genome.jp/dbget-bin/www_bget?ko+K01810+K06859">
        <graphics name="K01810..." fgcolor="#000000" bgcolor="#FFFFFF"
             type="rectangle" x="456" y="266" width="46" height="17"/>
    </entry>
    <entry id="27" name="ko:K01835" type="ortholog" reaction="rn:R00959"
        link="http://www.genome.jp/dbget-bin/www_bget?ko+K01835">
        <graphics name="K01835" fgcolor="#000000" bgcolor="#FFFFFF"
             type="rectangle" x="456" y="171" width="46" height="17"/>
    </entry>
    <entry id="28" name="ko:K01810 ko:K06859" type="ortholog" reaction="rn:R03321"
        link="http://www.genome.jp/dbget-bin/www_bget?ko+K01810+K06859">
        <graphics name="K01810..." fgcolor="#000000" bgcolor="#FFFFFF"
             type="rectangle" x="376" y="300" width="46" height="17"/>
    </entry>
    <entry id="29" name="ko:K00844" type="ortholog" reaction="rn:R01600"
        link="http://www.genome.jp/dbget-bin/www_bget?ko+K00844">
        <graphics name="K00844" fgcolor="#000000" bgcolor="#FFFFFF"
             type="rectangle" x="221" y="281" width="46" height="17"/>
    </entry>
    <entry id="30" name="ko:K00845 ko:K00844" type="ortholog" reaction="rn:R01600"
        link="http://www.genome.jp/dbget-bin/www_bget?ko+K00845+K00844">
        <graphics name="K00845..." fgcolor="#000000" bgcolor="#FFFFFF"
             type="rectangle" x="221" y="300" width="46" height="17"/>
    </entry>
    <entry id="31" name="ko:K01810" type="ortholog" reaction="rn:R02739"
        link="http://www.genome.jp/dbget-bin/www_bget?ko+K01810">
        <graphics name="K01810" fgcolor="#000000" bgcolor="#FFFFFF"
             type="rectangle" x="330" y="267" width="46" height="17"/>
    </entry>
    <entry id="32" name="ko:K01792" type="ortholog" reaction="rn:R02739"
        link="http://www.genome.jp/dbget-bin/www_bget?ko+K01792">
        <graphics name="K01792" fgcolor="#000000" bgcolor="#FFFFFF"
             type="rectangle" x="280" y="267" width="46" height="17"/>
    </entry>
    <entry id="33" name="ko:K01785" type="ortholog" reaction="rn:R01602"
        link="http://www.genome.jp/dbget-bin/www_bget?ko+K01785">
        <graphics name="K01785" fgcolor="#000000" bgcolor="#FFFFFF"
             type="rectangle" x="154" y="262" width="46" height="17"/>
    </entry>
    <entry id="34" name="ko:K00845 ko:K00844" type="ortholog" reaction="rn:R01786"
        link="http://www.genome.jp/dbget-bin/www_bget?ko+K00845+K00844">
        <graphics name="K00845..." fgcolor="#000000" bgcolor="#FFFFFF"
             type="rectangle" x="221" y="225" width="46" height="17"/>
    </entry>
    <entry id="35" name="ko:K00844" type="ortholog" reaction="rn:R01786"
        link="http://www.genome.jp/dbget-bin/www_bget?ko+K00844">
        <graphics name="K00844" fgcolor="#000000" bgcolor="#FFFFFF"
             type="rectangle" x="221" y="206" width="46" height="17"/>
    </entry>
    <entry id="36" name="ko:K01084" type="ortholog" reaction="rn:R01788"
        link="http://www.genome.jp/dbget-bin/www_bget?ko+K01084">
        <graphics name="K01084" fgcolor="#000000" bgcolor="#FFFFFF"
             type="rectangle" x="289" y="184" width="46" height="17"/>
    </entry>
    <entry id="37" name="ko:K01085" type="ortholog" reaction="rn:R00947"
        link="http://www.genome.jp/dbget-bin/www_bget?ko+K01085">
        <graphics name="K01085" fgcolor="#000000" bgcolor="#FFFFFF"
             type="rectangle" x="316" y="152" width="46" height="17"/>
    </entry>
    <entry id="38" name="ko:K05344" type="ortholog" reaction="rn:R00960"
        link="http://www.genome.jp/dbget-bin/www_bget?ko+K05344">
        <graphics name="K05344" fgcolor="#000000" bgcolor="#FFFFFF"
             type="rectangle" x="316" y="131" width="46" height="17"/>
    </entry>
    <entry id="39" name="path:map00010" type="map"
        link="http://www.genome.jp/dbget-bin/get_linkdb?pathway+map00010">
        <graphics name="TITLE:Glycolysis / Gluconeogenesis" fgcolor="#000000" bgcolor="#FFFFFF"
             type="roundrectangle" x="165" y="58" width="251" height="25"/>
    </entry>
    <entry id="40" name="ko:K00382" type="ortholog" reaction="rn:R07618"
        link="http://www.genome.jp/dbget-bin/www_bget?ko+K00382">
        <graphics name="K00382" fgcolor="#000000" bgcolor="#FFFFFF"
             type="rectangle" x="235" y="906" width="46" height="17"/>
    </entry>
    <entry id="41" name="ko:K00927" type="ortholog" reaction="rn:R01512"
        link="http://www.genome.jp/dbget-bin/www_bget?ko+K00927">
        <graphics name="K00927" fgcolor="#000000" bgcolor="#FFFFFF"
             type="rectangle" x="456" y="554" width="46" height="17"/>
    </entry>
    <entry id="42" name="ko:K00886" type="ortholog" reaction="rn:R02189"
        link="http://www.genome.jp/dbget-bin/www_bget?ko+K00886">
        <graphics name="K00886" fgcolor="#000000" bgcolor="#FFFFFF"
             type="rectangle" x="221" y="244" width="46" height="17"/>
    </entry>
    <entry id="43" name="ko:K00886" type="ortholog" reaction="rn:R02187"
        link="http://www.genome.jp/dbget-bin/www_bget?ko+K00886">
        <graphics name="K00886" fgcolor="#000000" bgcolor="#FFFFFF"
             type="rectangle" x="221" y="319" width="46" height="17"/>
    </entry>
    <entry id="44" name="ko:K02749 ko:K02750 ko:K02777 ko:K02752 ko:K02753" type="ortholog" reaction="rn:R05132"
        link="http://www.genome.jp/dbget-bin/www_bget?ko+K02749+K02750+K02777+K02752+K02753">
        <graphics name="K02749..." fgcolor="#000000" bgcolor="#FFFFFF"
             type="rectangle" x="154" y="358" width="46" height="17"/>
    </entry>
    <entry id="45" name="ko:K02752 ko:K02753 ko:K02777" type="ortholog" reaction="rn:R04394"
        link="http://www.genome.jp/dbget-bin/www_bget?ko+K02752+K02753+K02777">
        <graphics name="K02752..." fgcolor="#000000" bgcolor="#FFFFFF"
             type="rectangle" x="154" y="384" width="46" height="17"/>
    </entry>
    <entry id="46" name="ko:K01222 ko:K01223" type="ortholog" reaction="rn:R05133"
        link="http://www.genome.jp/dbget-bin/www_bget?ko+K01222+K01223">
        <graphics name="K01222..." fgcolor="#000000" bgcolor="#FFFFFF"
             type="rectangle" x="264" y="357" width="46" height="17"/>
    </entry>
    <entry id="47" name="ko:K01222 ko:K01223" type="ortholog" reaction="rn:R05134"
        link="http://www.genome.jp/dbget-bin/www_bget?ko+K01222+K01223">
        <graphics name="K01222..." fgcolor="#000000" bgcolor="#FFFFFF"
             type="rectangle" x="264" y="383" width="46" height="17"/>
    </entry>
    <entry id="48" name="cpd:C00031" type="compound"
        link="http://www.genome.jp/dbget-bin/www_bget?compound+C00031">
        <graphics name="C00031" fgcolor="#000000" bgcolor="#FFFFFF"
             type="circle" x="574" y="194" width="8" height="8"/>
    </entry>
    <entry id="49" name="cpd:C00103" type="compound"
        link="http://www.genome.jp/dbget-bin/www_bget?compound+C00103">
        <graphics name="C00103" fgcolor="#000000" bgcolor="#FFFFFF"
             type="circle" x="456" y="142" width="8" height="8"/>
    </entry>
    <entry id="50" name="cpd:C00631" type="compound"
        link="http://www.genome.jp/dbget-bin/www_bget?compound+C00631">
        <graphics name="C00631" fgcolor="#000000" bgcolor="#FFFFFF"
             type="circle" x="456" y="663" width="8" height="8"/>
    </entry>
    <entry id="51" name="cpd:C00267" type="compound"
        link="http://www.genome.jp/dbget-bin/www_bget?compound+C00267">
        <graphics name="C00267" fgcolor="#000000" bgcolor="#FFFFFF"
             type="circle" x="154" y="227" width="8" height="8"/>
    </entry>
    <entry id="52" name="cpd:C00221" type="compound"
        link="http://www.genome.jp/dbget-bin/www_bget?compound+C00221">
        <graphics name="C00221" fgcolor="#000000" bgcolor="#FFFFFF"
             type="circle" x="154" y="300" width="8" height="8"/>
    </entry>
    <entry id="53" name="cpd:C00111" type="compound"
        link="http://www.genome.jp/dbget-bin/www_bget?compound+C00111">
        <graphics name="C00111" fgcolor="#000000" bgcolor="#FFFFFF"
             type="circle" x="305" y="447" width="8" height="8"/>
    </entry>
    <entry id="54" name="cpd:C01172" type="compound"
        link="http://www.genome.jp/dbget-bin/www_bget?compound+C01172">
        <graphics name="C01172" fgcolor="#000000" bgcolor="#FFFFFF"
             type="circle" x="305" y="300" width="8" height="8"/>
    </entry>
    <entry id="55" name="cpd:C00668" type="compound"
        link="http://www.genome.jp/dbget-bin/www_bget?compound+C00668">
        <graphics name="C00668" fgcolor="#000000" bgcolor="#FFFFFF"
             type="circle" x="456" y="229" width="8" height="8"/>
    </entry>
    <entry id="56" name="cpd:C05345" type="compound"
        link="http://www.genome.jp/dbget-bin/www_bget?compound+C05345">
        <graphics name="C05345" fgcolor="#000000" bgcolor="#FFFFFF"
             type="circle" x="456" y="302" width="8" height="8"/>
    </entry>
    <entry id="57" name="cpd:C00074" type="compound"
        link="http://www.genome.jp/dbget-bin/www_bget?compound+C00074">
        <graphics name="C00074" fgcolor="#000000" bgcolor="#FFFFFF"
             type="circle" x="456" y="735" width="8" height="8"/>
    </entry>
    <entry id="58" name="cpd:C00197" type="compound"
        link="http://www.genome.jp/dbget-bin/www_bget?compound+C00197">
        <graphics name="C00197" fgcolor="#000000" bgcolor="#FFFFFF"
             type="circle" x="456" y="591" width="8" height="8"/>
    </entry>
    <entry id="59" name="cpd:C00236" type="compound"
        link="http://www.genome.jp/dbget-bin/www_bget?compound+C00236">
        <graphics name="C00236" fgcolor="#000000" bgcolor="#FFFFFF"
             type="circle" x="456" y="519" width="8" height="8"/>
    </entry>
    <entry id="60" name="cpd:C00186" type="compound"
        link="http://www.genome.jp/dbget-bin/www_bget?compound+C00186">
        <graphics name="C00186" fgcolor="#000000" bgcolor="#FFFFFF"
             type="circle" x="600" y="862" width="8" height="8"/>
    </entry>
    <entry id="61" name="cpd:C15972" type="compound"
        link="http://www.genome.jp/dbget-bin/www_bget?compound+C15972">
        <graphics name="C15972" fgcolor="#000000" bgcolor="#FFFFFF"
             type="circle" x="287" y="905" width="8" height="8"/>
    </entry>
    <entry id="62" name="cpd:C00469" type="compound"
        link="http://www.genome.jp/dbget-bin/www_bget?compound+C00469">
        <graphics name="C00469" fgcolor="#000000" bgcolor="#FFFFFF"
             type="circle" x="523" y="952" width="8" height="8"/>
    </entry>
    <entry id="63" name="cpd:C00022" type="compound"
        link="http://www.genome.jp/dbget-bin/www_bget?compound+C00022">
        <graphics name="C00022" fgcolor="#000000" bgcolor="#FFFFFF"
             type="circle" x="456" y="862" width="8" height="8"/>
    </entry>
    <entry id="64" name="cpd:C05125" type="compound"
        link="http://www.genome.jp/dbget-bin/www_bget?compound+C05125">
        <graphics name="C05125" fgcolor="#000000" bgcolor="#FFFFFF"
             type="circle" x="351" y="862" width="8" height="8"/>
    </entry>
    <entry id="65" name="cpd:C00068" type="compound"
        link="http://www.genome.jp/dbget-bin/www_bget?compound+C00068">
        <graphics name="C00068" fgcolor="#000000" bgcolor="#FFFFFF"
             type="circle" x="351" y="819" width="8" height="8"/>
    </entry>
    <entry id="66" name="cpd:C00024" type="compound"
        link="http://www.genome.jp/dbget-bin/www_bget?compound+C00024">
        <graphics name="C00024" fgcolor="#000000" bgcolor="#FFFFFF"
             type="circle" x="119" y="862" width="8" height="8"/>
    </entry>
    <entry id="67" name="cpd:C00084" type="compound"
        link="http://www.genome.jp/dbget-bin/www_bget?compound+C00084">
        <graphics name="C00084" fgcolor="#000000" bgcolor="#FFFFFF"
             type="circle" x="351" y="952" width="8" height="8"/>
    </entry>
    <entry id="68" name="cpd:C16255" type="compound"
        link="http://www.genome.jp/dbget-bin/www_bget?compound+C16255">
        <graphics name="C16255" fgcolor="#000000" bgcolor="#FFFFFF"
             type="circle" x="238" y="862" width="8" height="8"/>
    </entry>
    <entry id="69" name="cpd:C15973" type="compound"
        link="http://www.genome.jp/dbget-bin/www_bget?compound+C15973">
        <graphics name="C15973" fgcolor="#000000" bgcolor="#FFFFFF"
             type="circle" x="185" y="905" width="8" height="8"/>
    </entry>
    <entry id="70" name="cpd:C05378" type="compound"
        link="http://www.genome.jp/dbget-bin/www_bget?compound+C05378">
        <graphics name="C05378" fgcolor="#000000" bgcolor="#FFFFFF"
             type="circle" x="456" y="372" width="8" height="8"/>
    </entry>
    <entry id="71" name="cpd:C06186" type="compound"
        link="http://www.genome.jp/dbget-bin/www_bget?compound+C06186">
        <graphics name="C06186" fgcolor="#000000" bgcolor="#FFFFFF"
             type="circle" x="105" y="357" width="8" height="8"/>
    </entry>
    <entry id="72" name="cpd:C06187" type="compound"
        link="http://www.genome.jp/dbget-bin/www_bget?compound+C06187">
        <graphics name="C06187" fgcolor="#000000" bgcolor="#FFFFFF"
             type="circle" x="212" y="357" width="8" height="8"/>
    </entry>
    <entry id="73" name="cpd:C06188" type="compound"
        link="http://www.genome.jp/dbget-bin/www_bget?compound+C06188">
        <graphics name="C06188" fgcolor="#000000" bgcolor="#FFFFFF"
             type="circle" x="212" y="383" width="8" height="8"/>
    </entry>
    <entry id="74" name="cpd:C01451" type="compound"
        link="http://www.genome.jp/dbget-bin/www_bget?compound+C01451">
        <graphics name="C01451" fgcolor="#000000" bgcolor="#FFFFFF"
             type="circle" x="105" y="383" width="8" height="8"/>
    </entry>
    <entry id="108" name="path:map00020" type="map"
        link="http://www.genome.jp/kegg/pathway/map/map00020.html">
        <graphics name="Citrate cycle (TCA cycle)" fgcolor="#000000" bgcolor="#FFFFFF"
             type="roundrectangle" x="49" y="799" width="47" height="154"/>
    </entry>
    <entry id="111" name="ko:K01596" type="ortholog" reaction="rn:R00431 rn:R00726"
        link="http://www.genome.jp/dbget-bin/www_bget?ko+K01596">
        <graphics name="K01596" fgcolor="#000000" bgcolor="#FFFFFF"
             type="rectangle" x="177" y="724" width="46" height="17"/>
    </entry>
    <entry id="112" name="cpd:C00036" type="compound"
        link="http://www.genome.jp/dbget-bin/www_bget?compound+C00036">
        <graphics name="C00036" fgcolor="#000000" bgcolor="#FFFFFF"
             type="circle" x="119" y="735" width="8" height="8"/>
    </entry>
    <entry id="116" name="ko:K00114" type="ortholog" reaction="rn:R05198"
        link="http://www.genome.jp/dbget-bin/www_bget?ko+K00114">
        <graphics name="K00114" fgcolor="#000000" bgcolor="#FFFFFF"
             type="rectangle" x="412" y="962" width="46" height="17"/>
    </entry>
    <entry id="117" name="ko:K01610" type="ortholog" reaction="rn:R00341"
        link="http://www.genome.jp/dbget-bin/www_bget?ko+K01610">
        <graphics name="K01610" fgcolor="#000000" bgcolor="#FFFFFF"
             type="rectangle" x="177" y="745" width="46" height="17"/>
    </entry>
    <entry id="118" name="ko:K04022" type="ortholog" reaction="rn:R00754"
        link="http://www.genome.jp/dbget-bin/www_bget?ko+K04022">
        <graphics name="K04022" fgcolor="#000000" bgcolor="#FFFFFF"
             type="rectangle" x="460" y="962" width="46" height="17"/>
    </entry>
    <entry id="119" name="path:map00640" type="map"
        link="http://www.genome.jp/kegg/pathway/map/map00640.html">
        <graphics name="Propanoate metabolism" fgcolor="#000000" bgcolor="#FFFFFF"
             type="roundrectangle" x="601" y="918" width="127" height="25"/>
    </entry>
    <entry id="120" name="ko:K00150" type="ortholog" reaction="rn:R01061 rn:R01063"
        link="http://www.genome.jp/dbget-bin/www_bget?ko+K00150">
        <graphics name="K00150" fgcolor="#000000" bgcolor="#FFFFFF"
             type="rectangle" x="481" y="482" width="46" height="17"/>
    </entry>
    <entry id="122" name="ko:K11389" type="ortholog" reaction="rn:R07159"
        link="http://www.genome.jp/dbget-bin/www_bget?ko+K11389">
        <graphics name="K11389" fgcolor="#000000" bgcolor="#FFFFFF"
             type="rectangle" x="555" y="523" width="46" height="17"/>
    </entry>
    <entry id="123" name="ko:K00131" type="ortholog" reaction="rn:R01058"
        link="http://www.genome.jp/dbget-bin/www_bget?ko+K00131">
        <graphics name="K00131" fgcolor="#000000" bgcolor="#FFFFFF"
             type="rectangle" x="528" y="542" width="46" height="17"/>
    </entry>
    <entry id="125" name="ko:K00169 ko:K00170 ko:K00172 ko:K00171" type="ortholog" reaction="rn:R01196"
        link="http://www.genome.jp/dbget-bin/www_bget?ko+K00169+K00170+K00172+K00171">
        <graphics name="K00169..." fgcolor="#000000" bgcolor="#FFFFFF"
             type="rectangle" x="262" y="793" width="46" height="17"/>
    </entry>
    <entry id="126" name="ko:K03738" type="ortholog" reaction="rn:R07159"
        link="http://www.genome.jp/dbget-bin/www_bget?ko+K03738">
        <graphics name="K03738" fgcolor="#000000" bgcolor="#FFFFFF"
             type="rectangle" x="505" y="523" width="46" height="17"/>
    </entry>
    <entry id="127" name="cpd:C01159" type="compound"
        link="http://www.genome.jp/dbget-bin/www_bget?compound+C01159">
        <graphics name="C01159" fgcolor="#000000" bgcolor="#FFFFFF"
             type="circle" x="371" y="555" width="8" height="8"/>
    </entry>
    <entry id="130" name="ko:K01837" type="ortholog" reaction="rn:R01516"
        link="http://www.genome.jp/dbget-bin/www_bget?ko+K01837">
        <graphics name="K01837" fgcolor="#000000" bgcolor="#FFFFFF"
             type="rectangle" x="410" y="584" width="46" height="17"/>
    </entry>
    <entry id="131" name="ko:K01837" type="ortholog" reaction="rn:R01662"
        link="http://www.genome.jp/dbget-bin/www_bget?ko+K01837">
        <graphics name="K01837" fgcolor="#000000" bgcolor="#FFFFFF"
             type="rectangle" x="411" y="520" width="46" height="18"/>
    </entry>
    <entry id="132" name="cpd:C00118" type="compound"
        link="http://www.genome.jp/dbget-bin/www_bget?compound+C00118">
        <graphics name="C00118" fgcolor="#000000" bgcolor="#FFFFFF"
             type="circle" x="456" y="447" width="8" height="8"/>
    </entry>
    <relation entry1="35" entry2="38" type="ECrel">
        <subtype name="compound" value="51"/>
    </relation>
    <relation entry1="35" entry2="37" type="ECrel">
        <subtype name="compound" value="51"/>
    </relation>
    <relation entry1="33" entry2="35" type="ECrel">
        <subtype name="compound" value="51"/>
    </relation>
    <relation entry1="34" entry2="38" type="ECrel">
        <subtype name="compound" value="51"/>
    </relation>
    <relation entry1="34" entry2="37" type="ECrel">
        <subtype name="compound" value="51"/>
    </relation>
    <relation entry1="33" entry2="34" type="ECrel">
        <subtype name="compound" value="51"/>
    </relation>
    <relation entry1="38" entry2="42" type="ECrel">
        <subtype name="compound" value="51"/>
    </relation>
    <relation entry1="37" entry2="42" type="ECrel">
        <subtype name="compound" value="51"/>
    </relation>
    <relation entry1="33" entry2="42" type="ECrel">
        <subtype name="compound" value="51"/>
    </relation>
    <relation entry1="36" entry2="38" type="ECrel">
        <subtype name="compound" value="51"/>
    </relation>
    <relation entry1="33" entry2="38" type="ECrel">
        <subtype name="compound" value="51"/>
    </relation>
    <relation entry1="36" entry2="37" type="ECrel">
        <subtype name="compound" value="51"/>
    </relation>
    <relation entry1="33" entry2="37" type="ECrel">
        <subtype name="compound" value="51"/>
    </relation>
    <relation entry1="33" entry2="36" type="ECrel">
        <subtype name="compound" value="51"/>
    </relation>
    <relation entry1="30" entry2="33" type="ECrel">
        <subtype name="compound" value="52"/>
    </relation>
    <relation entry1="29" entry2="33" type="ECrel">
        <subtype name="compound" value="52"/>
    </relation>
    <relation entry1="33" entry2="43" type="ECrel">
        <subtype name="compound" value="52"/>
    </relation>
    <relation entry1="30" entry2="46" type="ECrel">
        <subtype name="compound" value="54"/>
    </relation>
    <relation entry1="30" entry2="47" type="ECrel">
        <subtype name="compound" value="54"/>
    </relation>
    <relation entry1="28" entry2="30" type="ECrel">
        <subtype name="compound" value="54"/>
    </relation>
    <relation entry1="30" entry2="32" type="ECrel">
        <subtype name="compound" value="54"/>
    </relation>
    <relation entry1="29" entry2="46" type="ECrel">
        <subtype name="compound" value="54"/>
    </relation>
    <relation entry1="29" entry2="47" type="ECrel">
        <subtype name="compound" value="54"/>
    </relation>
    <relation entry1="28" entry2="29" type="ECrel">
        <subtype name="compound" value="54"/>
    </relation>
    <relation entry1="29" entry2="32" type="ECrel">
        <subtype name="compound" value="54"/>
    </relation>
    <relation entry1="43" entry2="46" type="ECrel">
        <subtype name="compound" value="54"/>
    </relation>
    <relation entry1="43" entry2="47" type="ECrel">
        <subtype name="compound" value="54"/>
    </relation>
    <relation entry1="28" entry2="43" type="ECrel">
        <subtype name="compound" value="54"/>
    </relation>
    <relation entry1="32" entry2="43" type="ECrel">
        <subtype name="compound" value="54"/>
    </relation>
    <relation entry1="28" entry2="46" type="ECrel">
        <subtype name="compound" value="54"/>
    </relation>
    <relation entry1="32" entry2="46" type="ECrel">
        <subtype name="compound" value="54"/>
    </relation>
    <relation entry1="28" entry2="47" type="ECrel">
        <subtype name="compound" value="54"/>
    </relation>
    <relation entry1="32" entry2="47" type="ECrel">
        <subtype name="compound" value="54"/>
    </relation>
    <relation entry1="28" entry2="32" type="ECrel">
        <subtype name="compound" value="54"/>
    </relation>
    <relation entry1="26" entry2="36" type="ECrel">
        <subtype name="compound" value="55"/>
    </relation>
    <relation entry1="32" entry2="36" type="ECrel">
        <subtype name="compound" value="55"/>
    </relation>
    <relation entry1="31" entry2="36" type="ECrel">
        <subtype name="compound" value="55"/>
    </relation>
    <relation entry1="25" entry2="36" type="ECrel">
        <subtype name="compound" value="55"/>
    </relation>
    <relation entry1="27" entry2="36" type="ECrel">
        <subtype name="compound" value="55"/>
    </relation>
    <relation entry1="26" entry2="35" type="ECrel">
        <subtype name="compound" value="55"/>
    </relation>
    <relation entry1="26" entry2="34" type="ECrel">
        <subtype name="compound" value="55"/>
    </relation>
    <relation entry1="26" entry2="42" type="ECrel">
        <subtype name="compound" value="55"/>
    </relation>
    <relation entry1="26" entry2="32" type="ECrel">
        <subtype name="compound" value="55"/>
    </relation>
    <relation entry1="25" entry2="26" type="ECrel">
        <subtype name="compound" value="55"/>
    </relation>
    <relation entry1="26" entry2="27" type="ECrel">
        <subtype name="compound" value="55"/>
    </relation>
    <relation entry1="32" entry2="35" type="ECrel">
        <subtype name="compound" value="55"/>
    </relation>
    <relation entry1="31" entry2="35" type="ECrel">
        <subtype name="compound" value="55"/>
    </relation>
    <relation entry1="25" entry2="35" type="ECrel">
        <subtype name="compound" value="55"/>
    </relation>
    <relation entry1="27" entry2="35" type="ECrel">
        <subtype name="compound" value="55"/>
    </relation>
    <relation entry1="32" entry2="34" type="ECrel">
        <subtype name="compound" value="55"/>
    </relation>
    <relation entry1="31" entry2="34" type="ECrel">
        <subtype name="compound" value="55"/>
    </relation>
    <relation entry1="25" entry2="34" type="ECrel">
        <subtype name="compound" value="55"/>
    </relation>
    <relation entry1="27" entry2="34" type="ECrel">
        <subtype name="compound" value="55"/>
    </relation>
    <relation entry1="32" entry2="42" type="ECrel">
        <subtype name="compound" value="55"/>
    </relation>
    <relation entry1="31" entry2="42" type="ECrel">
        <subtype name="compound" value="55"/>
    </relation>
    <relation entry1="25" entry2="42" type="ECrel">
        <subtype name="compound" value="55"/>
    </relation>
    <relation entry1="27" entry2="42" type="ECrel">
        <subtype name="compound" value="55"/>
    </relation>
    <relation entry1="25" entry2="32" type="ECrel">
        <subtype name="compound" value="55"/>
    </relation>
    <relation entry1="27" entry2="32" type="ECrel">
        <subtype name="compound" value="55"/>
    </relation>
    <relation entry1="25" entry2="31" type="ECrel">
        <subtype name="compound" value="55"/>
    </relation>
    <relation entry1="27" entry2="31" type="ECrel">
        <subtype name="compound" value="55"/>
    </relation>
    <relation entry1="25" entry2="27" type="ECrel">
        <subtype name="compound" value="55"/>
    </relation>
    <relation entry1="24" entry2="26" type="ECrel">
        <subtype name="compound" value="56"/>
    </relation>
    <relation entry1="23" entry2="26" type="ECrel">
        <subtype name="compound" value="56"/>
    </relation>
    <relation entry1="22" entry2="24" type="ECrel">
        <subtype name="compound" value="70"/>
    </relation>
    <relation entry1="22" entry2="23" type="ECrel">
        <subtype name="compound" value="70"/>
    </relation>
    <relation entry1="21" entry2="22" type="ECrel">
        <subtype name="compound" value="53"/>
    </relation>
    <relation entry1="19" entry2="41" type="ECrel">
        <subtype name="compound" value="59"/>
    </relation>
    <relation entry1="18" entry2="41" type="ECrel">
        <subtype name="compound" value="58"/>
    </relation>
    <relation entry1="17" entry2="18" type="ECrel">
        <subtype name="compound" value="50"/>
    </relation>
    <relation entry1="12" entry2="13" type="ECrel">
        <subtype name="compound" value="68"/>
    </relation>
    <relation entry1="10" entry2="12" type="ECrel">
        <subtype name="compound" value="64"/>
    </relation>
    <relation entry1="12" entry2="40" type="ECrel">
        <subtype name="compound" value="61"/>
    </relation>
    <relation entry1="13" entry2="40" type="ECrel">
        <subtype name="compound" value="69"/>
    </relation>
    <relation entry1="7" entry2="9" type="ECrel">
        <subtype name="compound" value="67"/>
    </relation>
    <relation entry1="7" entry2="8" type="ECrel">
        <subtype name="compound" value="67"/>
    </relation>
    <relation entry1="1" entry2="7" type="ECrel">
        <subtype name="compound" value="67"/>
    </relation>
    <relation entry1="3" entry2="7" type="ECrel">
        <subtype name="compound" value="67"/>
    </relation>
    <relation entry1="1" entry2="9" type="ECrel">
        <subtype name="compound" value="67"/>
    </relation>
    <relation entry1="3" entry2="9" type="ECrel">
        <subtype name="compound" value="67"/>
    </relation>
    <relation entry1="1" entry2="8" type="ECrel">
        <subtype name="compound" value="67"/>
    </relation>
    <relation entry1="3" entry2="8" type="ECrel">
        <subtype name="compound" value="67"/>
    </relation>
    <relation entry1="16" entry2="17" type="ECrel">
        <subtype name="compound" value="57"/>
    </relation>
    <relation entry1="44" entry2="46" type="ECrel">
        <subtype name="compound" value="72"/>
    </relation>
    <relation entry1="1" entry2="2" type="ECrel">
        <subtype name="compound" value="4"/>
    </relation>
    <relation entry1="2" entry2="3" type="ECrel">
        <subtype name="compound" value="4"/>
    </relation>
    <relation entry1="27" entry2="38" type="ECrel">
        <subtype name="compound" value="49"/>
    </relation>
    <relation entry1="27" entry2="37" type="ECrel">
        <subtype name="compound" value="49"/>
    </relation>
    <relation entry1="24" entry2="28" type="ECrel">
        <subtype name="compound" value="56"/>
    </relation>
    <relation entry1="23" entry2="28" type="ECrel">
        <subtype name="compound" value="56"/>
    </relation>
    <relation entry1="14" entry2="16" type="ECrel">
        <subtype name="compound" value="63"/>
    </relation>
    <relation entry1="11" entry2="16" type="ECrel">
        <subtype name="compound" value="63"/>
    </relation>
    <relation entry1="10" entry2="16" type="ECrel">
        <subtype name="compound" value="63"/>
    </relation>
    <relation entry1="11" entry2="14" type="ECrel">
        <subtype name="compound" value="63"/>
    </relation>
    <relation entry1="10" entry2="14" type="ECrel">
        <subtype name="compound" value="63"/>
    </relation>
    <relation entry1="2" entry2="13" type="ECrel">
        <subtype name="compound" value="66"/>
    </relation>
    <relation entry1="30" entry2="31" type="ECrel">
        <subtype name="compound" value="54"/>
    </relation>
    <relation entry1="29" entry2="31" type="ECrel">
        <subtype name="compound" value="54"/>
    </relation>
    <relation entry1="31" entry2="43" type="ECrel">
        <subtype name="compound" value="54"/>
    </relation>
    <relation entry1="31" entry2="46" type="ECrel">
        <subtype name="compound" value="54"/>
    </relation>
    <relation entry1="31" entry2="47" type="ECrel">
        <subtype name="compound" value="54"/>
    </relation>
    <relation entry1="45" entry2="47" type="ECrel">
        <subtype name="compound" value="73"/>
    </relation>
    <relation entry1="37" entry2="6" type="maplink">
        <subtype name="compound" value="49"/>
    </relation>
    <relation entry1="38" entry2="6" type="maplink">
        <subtype name="compound" value="49"/>
    </relation>
    <relation entry1="27" entry2="6" type="maplink">
        <subtype name="compound" value="49"/>
    </relation>
    <relation entry1="25" entry2="5" type="maplink">
        <subtype name="compound" value="55"/>
    </relation>
    <relation entry1="27" entry2="5" type="maplink">
        <subtype name="compound" value="55"/>
    </relation>
    <relation entry1="26" entry2="5" type="maplink">
        <subtype name="compound" value="55"/>
    </relation>
    <relation entry1="36" entry2="5" type="maplink">
        <subtype name="compound" value="55"/>
    </relation>
    <relation entry1="35" entry2="5" type="maplink">
        <subtype name="compound" value="55"/>
    </relation>
    <relation entry1="34" entry2="5" type="maplink">
        <subtype name="compound" value="55"/>
    </relation>
    <relation entry1="42" entry2="5" type="maplink">
        <subtype name="compound" value="55"/>
    </relation>
    <relation entry1="31" entry2="5" type="maplink">
        <subtype name="compound" value="55"/>
    </relation>
    <relation entry1="32" entry2="5" type="maplink">
        <subtype name="compound" value="55"/>
    </relation>
    <relation entry1="17" entry2="108" type="maplink">
        <subtype name="compound" value="57"/>
    </relation>
    <relation entry1="16" entry2="108" type="maplink">
        <subtype name="compound" value="63"/>
    </relation>
    <relation entry1="16" entry2="108" type="maplink">
        <subtype name="compound" value="57"/>
    </relation>
    <relation entry1="13" entry2="108" type="maplink">
        <subtype name="compound" value="66"/>
    </relation>
    <relation entry1="2" entry2="108" type="maplink">
        <subtype name="compound" value="66"/>
    </relation>
    <relation entry1="14" entry2="108" type="maplink">
        <subtype name="compound" value="63"/>
    </relation>
    <relation entry1="41" entry2="120" type="ECrel">
        <subtype name="compound" value="59"/>
    </relation>
    <relation entry1="41" entry2="131" type="ECrel">
        <subtype name="compound" value="59"/>
    </relation>
    <relation entry1="120" entry2="131" type="ECrel">
        <subtype name="compound" value="59"/>
    </relation>
    <relation entry1="19" entry2="131" type="ECrel">
        <subtype name="compound" value="59"/>
    </relation>
    <relation entry1="130" entry2="41" type="ECrel">
        <subtype name="compound" value="58"/>
    </relation>
    <relation entry1="130" entry2="18" type="ECrel">
        <subtype name="compound" value="58"/>
    </relation>
    <relation entry1="130" entry2="123" type="ECrel">
        <subtype name="compound" value="58"/>
    </relation>
    <relation entry1="130" entry2="126" type="ECrel">
        <subtype name="compound" value="58"/>
    </relation>
    <relation entry1="130" entry2="122" type="ECrel">
        <subtype name="compound" value="58"/>
    </relation>
    <relation entry1="41" entry2="123" type="ECrel">
        <subtype name="compound" value="58"/>
    </relation>
    <relation entry1="41" entry2="126" type="ECrel">
        <subtype name="compound" value="58"/>
    </relation>
    <relation entry1="41" entry2="122" type="ECrel">
        <subtype name="compound" value="58"/>
    </relation>
    <relation entry1="18" entry2="123" type="ECrel">
        <subtype name="compound" value="58"/>
    </relation>
    <relation entry1="18" entry2="126" type="ECrel">
        <subtype name="compound" value="58"/>
    </relation>
    <relation entry1="18" entry2="122" type="ECrel">
        <subtype name="compound" value="58"/>
    </relation>
    <relation entry1="111" entry2="17" type="ECrel">
        <subtype name="compound" value="57"/>
    </relation>
    <relation entry1="111" entry2="16" type="ECrel">
        <subtype name="compound" value="57"/>
    </relation>
    <relation entry1="17" entry2="117" type="ECrel">
        <subtype name="compound" value="57"/>
    </relation>
    <relation entry1="117" entry2="16" type="ECrel">
        <subtype name="compound" value="57"/>
    </relation>
    <relation entry1="11" entry2="125" type="ECrel">
        <subtype name="compound" value="63"/>
    </relation>
    <relation entry1="10" entry2="125" type="ECrel">
        <subtype name="compound" value="63"/>
    </relation>
    <relation entry1="14" entry2="125" type="ECrel">
        <subtype name="compound" value="63"/>
    </relation>
    <relation entry1="16" entry2="125" type="ECrel">
        <subtype name="compound" value="63"/>
    </relation>
    <relation entry1="14" entry2="119" type="maplink">
        <subtype name="compound" value="60"/>
    </relation>
    <relation entry1="1" entry2="116" type="ECrel">
        <subtype name="compound" value="67"/>
    </relation>
    <relation entry1="1" entry2="118" type="ECrel">
        <subtype name="compound" value="67"/>
    </relation>
    <relation entry1="3" entry2="116" type="ECrel">
        <subtype name="compound" value="67"/>
    </relation>
    <relation entry1="3" entry2="118" type="ECrel">
        <subtype name="compound" value="67"/>
    </relation>
    <relation entry1="7" entry2="116" type="ECrel">
        <subtype name="compound" value="67"/>
    </relation>
    <relation entry1="7" entry2="118" type="ECrel">
        <subtype name="compound" value="67"/>
    </relation>
    <relation entry1="12" entry2="7" type="ECrel">
        <subtype name="compound" value="64"/>
    </relation>
    <relation entry1="11" entry2="7" type="ECrel">
        <subtype name="compound" value="64"/>
    </relation>
    <relation entry1="2" entry2="125" type="ECrel">
        <subtype name="compound" value="66"/>
    </relation>
    <relation entry1="13" entry2="125" type="ECrel">
        <subtype name="compound" value="66"/>
    </relation>
    <relation entry1="108" entry2="125" type="maplink">
        <subtype name="compound" value="66"/>
    </relation>
    <relation entry1="130" entry2="20" type="maplink">
        <subtype name="compound" value="58"/>
    </relation>
    <relation entry1="41" entry2="20" type="maplink">
        <subtype name="compound" value="58"/>
    </relation>
    <relation entry1="18" entry2="20" type="maplink">
        <subtype name="compound" value="58"/>
    </relation>
    <relation entry1="123" entry2="20" type="maplink">
        <subtype name="compound" value="58"/>
    </relation>
    <relation entry1="126" entry2="20" type="maplink">
        <subtype name="compound" value="58"/>
    </relation>
    <relation entry1="122" entry2="20" type="maplink">
        <subtype name="compound" value="58"/>
    </relation>
    <relation entry1="108" entry2="111" type="maplink">
        <subtype name="compound" value="112"/>
    </relation>
    <relation entry1="108" entry2="117" type="maplink">
        <subtype name="compound" value="112"/>
    </relation>
    <relation entry1="18" entry2="5" type="maplink">
        <subtype name="compound" value="50"/>
    </relation>
    <relation entry1="17" entry2="5" type="maplink">
        <subtype name="compound" value="50"/>
    </relation>
    <relation entry1="11" entry2="5" type="maplink">
        <subtype name="compound" value="63"/>
    </relation>
    <relation entry1="10" entry2="5" type="maplink">
        <subtype name="compound" value="63"/>
    </relation>
    <relation entry1="14" entry2="5" type="maplink">
        <subtype name="compound" value="63"/>
    </relation>
    <relation entry1="16" entry2="5" type="maplink">
        <subtype name="compound" value="63"/>
    </relation>
    <relation entry1="125" entry2="5" type="maplink">
        <subtype name="compound" value="63"/>
    </relation>
    <relation entry1="21" entry2="19" type="ECrel">
        <subtype name="compound" value="132"/>
    </relation>
    <relation entry1="21" entry2="120" type="ECrel">
        <subtype name="compound" value="132"/>
    </relation>
    <relation entry1="21" entry2="126" type="ECrel">
        <subtype name="compound" value="132"/>
    </relation>
    <relation entry1="21" entry2="122" type="ECrel">
        <subtype name="compound" value="132"/>
    </relation>
    <relation entry1="21" entry2="123" type="ECrel">
        <subtype name="compound" value="132"/>
    </relation>
    <relation entry1="19" entry2="126" type="ECrel">
        <subtype name="compound" value="132"/>
    </relation>
    <relation entry1="19" entry2="122" type="ECrel">
        <subtype name="compound" value="132"/>
    </relation>
    <relation entry1="19" entry2="123" type="ECrel">
        <subtype name="compound" value="132"/>
    </relation>
    <relation entry1="120" entry2="126" type="ECrel">
        <subtype name="compound" value="132"/>
    </relation>
    <relation entry1="120" entry2="122" type="ECrel">
        <subtype name="compound" value="132"/>
    </relation>
    <relation entry1="22" entry2="21" type="ECrel">
        <subtype name="compound" value="132"/>
    </relation>
    <relation entry1="22" entry2="19" type="ECrel">
        <subtype name="compound" value="132"/>
    </relation>
    <relation entry1="22" entry2="120" type="ECrel">
        <subtype name="compound" value="132"/>
    </relation>
    <relation entry1="22" entry2="126" type="ECrel">
        <subtype name="compound" value="132"/>
    </relation>
    <relation entry1="22" entry2="122" type="ECrel">
        <subtype name="compound" value="132"/>
    </relation>
    <relation entry1="22" entry2="123" type="ECrel">
        <subtype name="compound" value="132"/>
    </relation>
    <relation entry1="22" entry2="5" type="maplink">
        <subtype name="compound" value="132"/>
    </relation>
    <relation entry1="5" entry2="122" type="maplink">
        <subtype name="compound" value="132"/>
    </relation>
    <relation entry1="5" entry2="126" type="maplink">
        <subtype name="compound" value="132"/>
    </relation>
    <relation entry1="5" entry2="120" type="maplink">
        <subtype name="compound" value="132"/>
    </relation>
    <relation entry1="5" entry2="19" type="maplink">
        <subtype name="compound" value="132"/>
    </relation>
    <relation entry1="5" entry2="21" type="maplink">
        <subtype name="compound" value="132"/>
    </relation>
    <relation entry1="120" entry2="123" type="ECrel">
        <subtype name="compound" value="132"/>
    </relation>
    <reaction name="rn:R00710" type="reversible">
        <substrate name="cpd:C00084"/>
        <product name="cpd:C00033"/>
    </reaction>
    <reaction name="rn:R00235" type="reversible">
        <substrate name="cpd:C00033"/>
        <product name="cpd:C00024"/>
    </reaction>
    <reaction name="rn:R00711" type="reversible">
        <substrate name="cpd:C00084"/>
        <product name="cpd:C00033"/>
    </reaction>
    <reaction name="rn:R00755" type="irreversible">
        <substrate name="cpd:C05125"/>
        <product name="cpd:C00084"/>
    </reaction>
    <reaction name="rn:R00746" type="reversible">
        <substrate name="cpd:C00469"/>
        <product name="cpd:C00084"/>
    </reaction>
    <reaction name="rn:R00754" type="reversible">
        <substrate name="cpd:C00469"/>
        <product name="cpd:C00084"/>
    </reaction>
    <reaction name="rn:R00014" type="irreversible">
        <substrate name="cpd:C00068"/>
        <substrate name="cpd:C00022"/>
        <product name="cpd:C05125"/>
    </reaction>
    <reaction name="rn:R03270" type="irreversible">
        <substrate name="cpd:C15972"/>
        <substrate name="cpd:C05125"/>
        <product name="cpd:C00068"/>
        <product name="cpd:C16255"/>
    </reaction>
    <reaction name="rn:R02569" type="reversible">
        <substrate name="cpd:C15973"/>
        <substrate name="cpd:C00024"/>
        <product name="cpd:C16255"/>
    </reaction>
    <reaction name="rn:R00703" type="reversible">
        <substrate name="cpd:C00186"/>
        <product name="cpd:C00022"/>
    </reaction>
    <reaction name="rn:R00200" type="irreversible">
        <substrate name="cpd:C00074"/>
        <product name="cpd:C00022"/>
    </reaction>
    <reaction name="rn:R00658" type="reversible">
        <substrate name="cpd:C00631"/>
        <product name="cpd:C00074"/>
    </reaction>
    <reaction name="rn:R01518" type="reversible">
        <substrate name="cpd:C00631"/>
        <product name="cpd:C00197"/>
    </reaction>
    <reaction name="rn:R01061" type="reversible">
        <substrate name="cpd:C00118"/>
        <product name="cpd:C00236"/>
    </reaction>
    <reaction name="rn:R01063" type="reversible">
        <substrate name="cpd:C00118"/>
        <product name="cpd:C00236"/>
    </reaction>
    <reaction name="rn:R01015" type="reversible">
        <substrate name="cpd:C00118"/>
        <product name="cpd:C00111"/>
    </reaction>
    <reaction name="rn:R01070" type="reversible">
        <substrate name="cpd:C05378"/>
        <product name="cpd:C00118"/>
        <product name="cpd:C00111"/>
    </reaction>
    <reaction name="rn:R04779" type="irreversible">
        <substrate name="cpd:C05345"/>
        <product name="cpd:C05378"/>
    </reaction>
    <reaction name="rn:R04780" type="irreversible">
        <substrate name="cpd:C05378"/>
        <product name="cpd:C05345"/>
    </reaction>
    <reaction name="rn:R02738" type="irreversible">
        <substrate name="cpd:C00031"/>
        <product name="cpd:C00668"/>
    </reaction>
    <reaction name="rn:R02740" type="reversible">
        <substrate name="cpd:C00668"/>
        <product name="cpd:C05345"/>
    </reaction>
    <reaction name="rn:R00959" type="reversible">
        <substrate name="cpd:C00103"/>
        <product name="cpd:C00668"/>
    </reaction>
    <reaction name="rn:R03321" type="reversible">
        <substrate name="cpd:C01172"/>
        <product name="cpd:C05345"/>
    </reaction>
    <reaction name="rn:R01600" type="reversible">
        <substrate name="cpd:C00221"/>
        <product name="cpd:C01172"/>
    </reaction>
    <reaction name="rn:R02739" type="reversible">
        <substrate name="cpd:C00668"/>
        <product name="cpd:C01172"/>
    </reaction>
    <reaction name="rn:R01602" type="reversible">
        <substrate name="cpd:C00267"/>
        <product name="cpd:C00221"/>
    </reaction>
    <reaction name="rn:R01786" type="irreversible">
        <substrate name="cpd:C00267"/>
        <product name="cpd:C00668"/>
    </reaction>
    <reaction name="rn:R01788" type="reversible">
        <substrate name="cpd:C00668"/>
        <product name="cpd:C00267"/>
    </reaction>
    <reaction name="rn:R00947" type="irreversible">
        <substrate name="cpd:C00103"/>
        <product name="cpd:C00267"/>
    </reaction>
    <reaction name="rn:R00960" type="irreversible">
        <substrate name="cpd:C00103"/>
        <product name="cpd:C00267"/>
    </reaction>
    <reaction name="rn:R07618" type="reversible">
        <substrate name="cpd:C15973"/>
        <product name="cpd:C15972"/>
    </reaction>
    <reaction name="rn:R01512" type="reversible">
        <substrate name="cpd:C00197"/>
        <product name="cpd:C00236"/>
    </reaction>
    <reaction name="rn:R02189" type="irreversible">
        <substrate name="cpd:C00267"/>
        <product name="cpd:C00668"/>
    </reaction>
    <reaction name="rn:R02187" type="reversible">
        <substrate name="cpd:C00221"/>
        <product name="cpd:C01172"/>
    </reaction>
    <reaction name="rn:R05132" type="irreversible">
        <substrate name="cpd:C06186"/>
        <product name="cpd:C06187"/>
    </reaction>
    <reaction name="rn:R04394" type="irreversible">
        <substrate name="cpd:C01451"/>
        <product name="cpd:C06188"/>
    </reaction>
    <reaction name="rn:R05133" type="irreversible">
        <substrate name="cpd:C06187"/>
        <product name="cpd:C01172"/>
    </reaction>
    <reaction name="rn:R05134" type="irreversible">
        <substrate name="cpd:C06188"/>
        <product name="cpd:C01172"/>
    </reaction>
    <reaction name="rn:R00431" type="irreversible">
        <substrate name="cpd:C00036"/>
        <product name="cpd:C00074"/>
    </reaction>
    <reaction name="rn:R00726" type="irreversible">
        <substrate name="cpd:C00036"/>
        <product name="cpd:C00074"/>
    </reaction>
    <reaction name="rn:R05198" type="irreversible">
        <substrate name="cpd:C00469"/>
        <product name="cpd:C00084"/>
    </reaction>
    <reaction name="rn:R00341" type="irreversible">
        <substrate name="cpd:C00036"/>
        <product name="cpd:C00074"/>
    </reaction>
    <reaction name="rn:R07159" type="irreversible">
        <substrate name="cpd:C00118"/>
        <product name="cpd:C00197"/>
    </reaction>
    <reaction name="rn:R01058" type="irreversible">
        <substrate name="cpd:C00118"/>
        <product name="cpd:C00197"/>
    </reaction>
    <reaction name="rn:R01196" type="reversible">
        <substrate name="cpd:C00024"/>
        <product name="cpd:C00022"/>
    </reaction>
    <reaction name="rn:R01516" type="reversible">
        <substrate name="cpd:C01159"/>
        <product name="cpd:C00197"/>
    </reaction>
    <reaction name="rn:R01662" type="reversible">
        <substrate name="cpd:C00236"/>
        <product name="cpd:C01159"/>
    </reaction>
</pathway>
