<?xml version="1.0"?>
<!DOCTYPE pathway SYSTEM "http://www.genome.jp/kegg/xml/KGML_v0.6.1_.dtd">
<!-- Creation date: Jan 30 2009 02:34:39 +0900 (JST) -->
<pathway name="path:map00760" org="map" number="00760"
         title="Nicotinate and nicotinamide metabolism"
         image="http://www.genome.jp/kegg/pathway/map/map00760.gif"
         link="http://www.genome.jp/dbget-bin/show_pathway?map00760">
    <entry id="1" name="path:map00960" type="map"
        link="http://www.genome.jp/kegg/pathway/map/map00960.html">
        <graphics name="Alkaloid biosynthesis II" fgcolor="#000000" bgcolor="#FFFFFF"
             type="roundrectangle" x="321" y="345" width="138" height="25"/>
    </entry>
    <entry id="2" name="cpd:C06178" type="compound"
        link="http://www.genome.jp/dbget-bin/www_bget?compound+C06178">
        <graphics name="C06178" fgcolor="#000000" bgcolor="#FFFFFF"
             type="circle" x="330" y="285" width="8" height="8"/>
    </entry>
    <entry id="3" name="ec:1.5.99.4" type="enzyme" reaction="rn:R02860 rn:R07946"
        link="http://www.genome.jp/dbget-bin/www_bget?enzyme+1.5.99.4">
        <graphics name="1.5.99.4" fgcolor="#000000" bgcolor="#FFFFFF"
             type="rectangle" x="187" y="397" width="46" height="17"/>
    </entry>
    <entry id="4" name="cpd:C15523" type="compound"
        link="http://www.genome.jp/dbget-bin/www_bget?compound+C15523">
        <graphics name="C15523" fgcolor="#000000" bgcolor="#FFFFFF"
             type="circle" x="436" y="521" width="8" height="8"/>
    </entry>
    <entry id="5" name="cpd:C00022" type="compound"
        link="http://www.genome.jp/dbget-bin/www_bget?compound+C00022">
        <graphics name="C00022" fgcolor="#000000" bgcolor="#FFFFFF"
             type="circle" x="662" y="641" width="8" height="8"/>
    </entry>
    <entry id="6" name="cpd:C00163" type="compound"
        link="http://www.genome.jp/dbget-bin/www_bget?compound+C00163">
        <graphics name="C00163" fgcolor="#000000" bgcolor="#FFFFFF"
             type="circle" x="702" y="612" width="8" height="8"/>
    </entry>
    <entry id="7" name="cpd:C03652" type="compound"
        link="http://www.genome.jp/dbget-bin/www_bget?compound+C03652">
        <graphics name="C03652" fgcolor="#000000" bgcolor="#FFFFFF"
             type="circle" x="662" y="556" width="8" height="8"/>
    </entry>
    <entry id="8" name="cpd:C00922" type="compound"
        link="http://www.genome.jp/dbget-bin/www_bget?compound+C00922">
        <graphics name="C00922" fgcolor="#000000" bgcolor="#FFFFFF"
             type="circle" x="553" y="557" width="8" height="8"/>
    </entry>
    <entry id="9" name="cpd:C02295" type="compound"
        link="http://www.genome.jp/dbget-bin/www_bget?compound+C02295">
        <graphics name="C02295" fgcolor="#000000" bgcolor="#FFFFFF"
             type="circle" x="472" y="557" width="8" height="8"/>
    </entry>
    <entry id="10" name="cpd:C02930" type="compound"
        link="http://www.genome.jp/dbget-bin/www_bget?compound+C02930">
        <graphics name="C02930" fgcolor="#000000" bgcolor="#FFFFFF"
             type="circle" x="553" y="497" width="8" height="8"/>
    </entry>
    <entry id="11" name="cpd:C16390" type="compound"
        link="http://www.genome.jp/dbget-bin/www_bget?compound+C16390">
        <graphics name="C16390" fgcolor="#000000" bgcolor="#FFFFFF"
             type="circle" x="662" y="497" width="8" height="8"/>
    </entry>
    <entry id="12" name="cpd:C16159" type="compound"
        link="http://www.genome.jp/dbget-bin/www_bget?compound+C16159">
        <graphics name="C16159" fgcolor="#000000" bgcolor="#FFFFFF"
             type="circle" x="661" y="433" width="8" height="8"/>
    </entry>
    <entry id="13" name="cpd:C04226" type="compound"
        link="http://www.genome.jp/dbget-bin/www_bget?compound+C04226">
        <graphics name="C04226" fgcolor="#000000" bgcolor="#FFFFFF"
             type="circle" x="553" y="433" width="8" height="8"/>
    </entry>
    <entry id="14" name="path:map00620" type="map"
        link="http://www.genome.jp/kegg/pathway/map/map00620.html">
        <graphics name="Pyruvate metabolism" fgcolor="#000000" bgcolor="#FFFFFF"
             type="roundrectangle" x="551" y="669" width="119" height="25"/>
    </entry>
    <entry id="15" name="path:map00660" type="map"
        link="http://www.genome.jp/kegg/pathway/map/map00660.html">
        <graphics name="C5-Branched dibasic acid metabolism" fgcolor="#000000" bgcolor="#FFFFFF"
             type="roundrectangle" x="541" y="635" width="139" height="34"/>
    </entry>
    <entry id="16" name="ec:4.1.3.32" type="enzyme" reaction="rn:R01355"
        link="http://www.genome.jp/dbget-bin/www_bget?enzyme+4.1.3.32">
        <graphics name="4.1.3.32" fgcolor="#000000" bgcolor="#FFFFFF"
             type="rectangle" x="663" y="584" width="46" height="17"/>
    </entry>
    <entry id="17" name="ec:4.2.1.85" type="enzyme" reaction="rn:R03069"
        link="http://www.genome.jp/dbget-bin/www_bget?enzyme+4.2.1.85">
        <graphics name="4.2.1.85" fgcolor="#000000" bgcolor="#FFFFFF"
             type="rectangle" x="602" y="557" width="46" height="17"/>
    </entry>
    <entry id="18" name="ec:5.3.3.6" type="enzyme" reaction="rn:R03070"
        link="http://www.genome.jp/dbget-bin/www_bget?enzyme+5.3.3.6">
        <graphics name="5.3.3.6" fgcolor="#000000" bgcolor="#FFFFFF"
             type="rectangle" x="508" y="557" width="46" height="17"/>
    </entry>
    <entry id="19" name="ec:5.4.99.4" type="enzyme" reaction="rn:R03908"
        link="http://www.genome.jp/dbget-bin/www_bget?enzyme+5.4.99.4">
        <graphics name="5.4.99.4" fgcolor="#000000" bgcolor="#FFFFFF"
             type="rectangle" x="508" y="498" width="46" height="17"/>
    </entry>
    <entry id="20" name="ec:1.1.1.291" type="enzyme" reaction="rn:R07985"
        link="http://www.genome.jp/dbget-bin/www_bget?enzyme+1.1.1.291">
        <graphics name="1.1.1.291" fgcolor="#000000" bgcolor="#FFFFFF"
             type="rectangle" x="662" y="464" width="46" height="17"/>
    </entry>
    <entry id="21" name="ec:3.5.2.18" type="enzyme" reaction="rn:R07984"
        link="http://www.genome.jp/dbget-bin/www_bget?enzyme+3.5.2.18">
        <graphics name="3.5.2.18" fgcolor="#000000" bgcolor="#FFFFFF"
             type="rectangle" x="596" y="435" width="46" height="17"/>
    </entry>
    <entry id="22" name="ec:1.3.7.1" type="enzyme" reaction="rn:R03164"
        link="http://www.genome.jp/dbget-bin/www_bget?enzyme+1.3.7.1">
        <graphics name="1.3.7.1" fgcolor="#000000" bgcolor="#FFFFFF"
             type="rectangle" x="491" y="435" width="46" height="17"/>
    </entry>
    <entry id="23" name="ec:1.17.3.3" type="enzyme" reaction="rn:R07221"
        link="http://www.genome.jp/dbget-bin/www_bget?enzyme+1.17.3.3">
        <graphics name="1.17.3.3" fgcolor="#000000" bgcolor="#FFFFFF"
             type="rectangle" x="437" y="470" width="46" height="17"/>
    </entry>
    <entry id="24" name="ec:1.14.13.10" type="enzyme" reaction="rn:R04130"
        link="http://www.genome.jp/dbget-bin/www_bget?enzyme+1.14.13.10">
        <graphics name="1.14.13.10" fgcolor="#000000" bgcolor="#FFFFFF"
             type="rectangle" x="235" y="643" width="46" height="17"/>
    </entry>
    <entry id="25" name="ec:3.7.1.-" type="enzyme" reaction="rn:R07515"
        link="http://www.genome.jp/dbget-bin/www_bget?enzyme+3.7.1.-">
        <graphics name="3.7.1.-" fgcolor="#000000" bgcolor="#FFFFFF"
             type="rectangle" x="186" y="584" width="46" height="17"/>
    </entry>
    <entry id="26" name="ec:1.14.18.-" type="enzyme" reaction="rn:R07514"
        link="http://www.genome.jp/dbget-bin/www_bget?enzyme+1.14.18.-">
        <graphics name="1.14.18.-" fgcolor="#000000" bgcolor="#FFFFFF"
             type="rectangle" x="186" y="523" width="46" height="17"/>
    </entry>
    <entry id="27" name="ec:1.5.3.5" type="enzyme" reaction="rn:R03202"
        link="http://www.genome.jp/dbget-bin/www_bget?enzyme+1.5.3.5">
        <graphics name="1.5.3.5" fgcolor="#000000" bgcolor="#FFFFFF"
             type="rectangle" x="161" y="464" width="46" height="17"/>
    </entry>
    <entry id="28" name="ec:1.5.3.6" type="enzyme" reaction="rn:R07170"
        link="http://www.genome.jp/dbget-bin/www_bget?enzyme+1.5.3.6">
        <graphics name="1.5.3.6" fgcolor="#000000" bgcolor="#FFFFFF"
             type="rectangle" x="211" y="464" width="46" height="17"/>
    </entry>
    <entry id="29" name="cpd:C16152" type="compound"
        link="http://www.genome.jp/dbget-bin/www_bget?compound+C16152">
        <graphics name="C16152" fgcolor="#000000" bgcolor="#FFFFFF"
             type="circle" x="292" y="702" width="8" height="8"/>
    </entry>
    <entry id="30" name="cpd:C03458" type="compound"
        link="http://www.genome.jp/dbget-bin/www_bget?compound+C03458">
        <graphics name="C03458" fgcolor="#000000" bgcolor="#FFFFFF"
             type="circle" x="292" y="641" width="8" height="8"/>
    </entry>
    <entry id="31" name="cpd:C15987" type="compound"
        link="http://www.genome.jp/dbget-bin/www_bget?compound+C15987">
        <graphics name="C15987" fgcolor="#000000" bgcolor="#FFFFFF"
             type="circle" x="143" y="612" width="8" height="8"/>
    </entry>
    <entry id="32" name="cpd:C03056" type="compound"
        link="http://www.genome.jp/dbget-bin/www_bget?compound+C03056">
        <graphics name="C03056" fgcolor="#000000" bgcolor="#FFFFFF"
             type="circle" x="185" y="641" width="8" height="8"/>
    </entry>
    <entry id="33" name="cpd:C16151" type="compound"
        link="http://www.genome.jp/dbget-bin/www_bget?compound+C16151">
        <graphics name="C16151" fgcolor="#000000" bgcolor="#FFFFFF"
             type="circle" x="278" y="557" width="8" height="8"/>
    </entry>
    <entry id="34" name="cpd:C15986" type="compound"
        link="http://www.genome.jp/dbget-bin/www_bget?compound+C15986">
        <graphics name="C15986" fgcolor="#000000" bgcolor="#FFFFFF"
             type="circle" x="186" y="557" width="8" height="8"/>
    </entry>
    <entry id="35" name="cpd:C01297" type="compound"
        link="http://www.genome.jp/dbget-bin/www_bget?compound+C01297">
        <graphics name="C01297" fgcolor="#000000" bgcolor="#FFFFFF"
             type="circle" x="186" y="497" width="8" height="8"/>
    </entry>
    <entry id="36" name="cpd:C01056 cpd:C03043" type="compound"
        link="http://www.genome.jp/dbget-bin/www_bget?compound+C01056+C03043">
        <graphics name="C01056..." fgcolor="#000000" bgcolor="#FFFFFF"
             type="circle" x="186" y="433" width="8" height="8"/>
    </entry>
    <entry id="37" name="cpd:C16150" type="compound"
        link="http://www.genome.jp/dbget-bin/www_bget?compound+C16150">
        <graphics name="C16150" fgcolor="#000000" bgcolor="#FFFFFF"
             type="circle" x="186" y="352" width="8" height="8"/>
    </entry>
    <entry id="38" name="ko:K06989" type="ortholog" reaction="rn:R07410 rn:R07407"
        link="http://www.genome.jp/dbget-bin/www_bget?ko+K06989">
        <graphics name="K06989" fgcolor="#000000" bgcolor="#FFFFFF"
             type="rectangle" x="814" y="558" width="46" height="17"/>
    </entry>
    <entry id="39" name="ko:K01242" type="ortholog" reaction="rn:R00119"
        link="http://www.genome.jp/dbget-bin/www_bget?ko+K01242">
        <graphics name="K01242" fgcolor="#000000" bgcolor="#FFFFFF"
             type="rectangle" x="721" y="70" width="46" height="17"/>
    </entry>
    <entry id="40" name="ko:K03426" type="ortholog" reaction="rn:R03004"
        link="http://www.genome.jp/dbget-bin/www_bget?ko+K03426">
        <graphics name="K03426" fgcolor="#000000" bgcolor="#FFFFFF"
             type="rectangle" x="786" y="394" width="46" height="17"/>
    </entry>
    <entry id="41" name="path:map00760" type="map"
        link="http://www.genome.jp/dbget-bin/get_linkdb?pathway+map00760">
        <graphics name="TITLE:Nicotinate and nicotinamide metabolism" fgcolor="#000000" bgcolor="#FFFFFF"
             type="roundrectangle" x="236" y="67" width="352" height="25"/>
    </entry>
    <entry id="42" name="path:map00252" type="map"
        link="http://www.genome.jp/kegg/pathway/map/map00252.html">
        <graphics name="Alanine and aspartate metabolism" fgcolor="#000000" bgcolor="#FFFFFF"
             type="roundrectangle" x="928" y="641" width="122" height="34"/>
    </entry>
    <entry id="43" name="path:map00380" type="map"
        link="http://www.genome.jp/kegg/pathway/map/map00380.html">
        <graphics name="Tryptophan metabolism" fgcolor="#000000" bgcolor="#FFFFFF"
             type="roundrectangle" x="936" y="434" width="138" height="25"/>
    </entry>
    <entry id="44" name="ko:K00278" type="ortholog" reaction="rn:R00481"
        link="http://www.genome.jp/dbget-bin/www_bget?ko+K00278">
        <graphics name="K00278" fgcolor="#000000" bgcolor="#FFFFFF"
             type="rectangle" x="764" y="558" width="46" height="17"/>
    </entry>
    <entry id="45" name="ko:K03517" type="ortholog" reaction="rn:R04292"
        link="http://www.genome.jp/dbget-bin/www_bget?ko+K03517">
        <graphics name="K03517" fgcolor="#000000" bgcolor="#FFFFFF"
             type="rectangle" x="790" y="470" width="46" height="17"/>
    </entry>
    <entry id="46" name="ko:K00767" type="ortholog" reaction="rn:R03348"
        link="http://www.genome.jp/dbget-bin/www_bget?ko+K00767">
        <graphics name="K00767" fgcolor="#000000" bgcolor="#FFFFFF"
             type="rectangle" x="715" y="397" width="46" height="17"/>
    </entry>
    <entry id="47" name="ko:K01799" type="ortholog" reaction="rn:R01087"
        link="http://www.genome.jp/dbget-bin/www_bget?ko+K01799">
        <graphics name="K01799" fgcolor="#000000" bgcolor="#FFFFFF"
             type="rectangle" x="576" y="704" width="46" height="17"/>
    </entry>
    <entry id="48" name="ec:3.5.1.-" type="enzyme" reaction="rn:R03540"
        link="http://www.genome.jp/dbget-bin/www_bget?enzyme+3.5.1.-">
        <graphics name="3.5.1.-" fgcolor="#000000" bgcolor="#FFFFFF"
             type="rectangle" x="437" y="666" width="46" height="17"/>
    </entry>
    <entry id="49" name="ec:1.13.11.9" type="enzyme" reaction="rn:R03204"
        link="http://www.genome.jp/dbget-bin/www_bget?enzyme+1.13.11.9">
        <graphics name="1.13.11.9" fgcolor="#000000" bgcolor="#FFFFFF"
             type="rectangle" x="349" y="584" width="46" height="17"/>
    </entry>
    <entry id="50" name="ec:1.14.99.-" type="enzyme" reaction="rn:R00047"
        link="http://www.genome.jp/dbget-bin/www_bget?enzyme+1.14.99.-">
        <graphics name="1.14.99.-" fgcolor="#000000" bgcolor="#FFFFFF"
             type="rectangle" x="348" y="470" width="46" height="17"/>
    </entry>
    <entry id="51" name="ec:1.17.1.5" type="enzyme" reaction="rn:R01720"
        link="http://www.genome.jp/dbget-bin/www_bget?enzyme+1.17.1.5">
        <graphics name="1.17.1.5" fgcolor="#000000" bgcolor="#FFFFFF"
             type="rectangle" x="437" y="397" width="46" height="17"/>
    </entry>
    <entry id="52" name="ko:K01513" type="ortholog" reaction="rn:R03004"
        link="http://www.genome.jp/dbget-bin/www_bget?ko+K01513">
        <graphics name="K01513" fgcolor="#000000" bgcolor="#FFFFFF"
             type="rectangle" x="786" y="373" width="46" height="17"/>
    </entry>
    <entry id="53" name="ko:K01081 ko:K03787 ko:K08722 ko:K08723" type="ortholog" reaction="rn:R03346"
        link="http://www.genome.jp/dbget-bin/www_bget?ko+K01081+K03787+K08722+K08723">
        <graphics name="K01081..." fgcolor="#000000" bgcolor="#FFFFFF"
             type="rectangle" x="642" y="379" width="46" height="17"/>
    </entry>
    <entry id="54" name="ko:K10524" type="ortholog" reaction="rn:R03347"
        link="http://www.genome.jp/dbget-bin/www_bget?ko+K10524">
        <graphics name="K10524" fgcolor="#000000" bgcolor="#FFFFFF"
             type="rectangle" x="644" y="353" width="46" height="17"/>
    </entry>
    <entry id="55" name="ko:K03783 ko:K03784" type="ortholog" reaction="rn:R02295"
        link="http://www.genome.jp/dbget-bin/www_bget?ko+K03783+K03784">
        <graphics name="K03783..." fgcolor="#000000" bgcolor="#FFFFFF"
             type="rectangle" x="509" y="352" width="46" height="17"/>
    </entry>
    <entry id="56" name="ec:2.1.1.7" type="enzyme" reaction="rn:R01721"
        link="http://www.genome.jp/dbget-bin/www_bget?enzyme+2.1.1.7">
        <graphics name="2.1.1.7" fgcolor="#000000" bgcolor="#FFFFFF"
             type="rectangle" x="388" y="381" width="46" height="17"/>
    </entry>
    <entry id="57" name="ko:K00969" type="ortholog" reaction="rn:R03005"
        link="http://www.genome.jp/dbget-bin/www_bget?ko+K00969">
        <graphics name="K00969" fgcolor="#000000" bgcolor="#FFFFFF"
             type="rectangle" x="787" y="332" width="46" height="17"/>
    </entry>
    <entry id="58" name="ko:K00952 ko:K06210" type="ortholog" reaction="rn:R03005"
        link="http://www.genome.jp/dbget-bin/www_bget?ko+K00952+K06210">
        <graphics name="K00952..." fgcolor="#000000" bgcolor="#FFFFFF"
             type="rectangle" x="786" y="311" width="46" height="17"/>
    </entry>
    <entry id="59" name="ko:K01950" type="ortholog" reaction="rn:R00257"
        link="http://www.genome.jp/dbget-bin/www_bget?ko+K01950">
        <graphics name="K01950" fgcolor="#000000" bgcolor="#FFFFFF"
             type="rectangle" x="882" y="291" width="46" height="17"/>
    </entry>
    <entry id="60" name="ko:K01916" type="ortholog" reaction="rn:R00189"
        link="http://www.genome.jp/dbget-bin/www_bget?ko+K01916">
        <graphics name="K01916" fgcolor="#000000" bgcolor="#FFFFFF"
             type="rectangle" x="832" y="291" width="46" height="17"/>
    </entry>
    <entry id="61" name="ec:3.5.1.42" type="enzyme" reaction="rn:R02322"
        link="http://www.genome.jp/dbget-bin/www_bget?enzyme+3.5.1.42">
        <graphics name="3.5.1.42" fgcolor="#000000" bgcolor="#FFFFFF"
             type="rectangle" x="713" y="291" width="46" height="17"/>
    </entry>
    <entry id="62" name="ko:K00763" type="ortholog" reaction="rn:R01724"
        link="http://www.genome.jp/dbget-bin/www_bget?ko+K00763">
        <graphics name="K00763" fgcolor="#000000" bgcolor="#FFFFFF"
             type="rectangle" x="574" y="310" width="46" height="17"/>
    </entry>
    <entry id="63" name="ko:K01440" type="ortholog" reaction="rn:R01268"
        link="http://www.genome.jp/dbget-bin/www_bget?ko+K01440">
        <graphics name="K01440" fgcolor="#000000" bgcolor="#FFFFFF"
             type="rectangle" x="437" y="295" width="46" height="17"/>
    </entry>
    <entry id="64" name="ec:3.1.3.-" type="enzyme" reaction="rn:R00118"
        link="http://www.genome.jp/dbget-bin/www_bget?enzyme+3.1.3.-">
        <graphics name="3.1.3.-" fgcolor="#000000" bgcolor="#FFFFFF"
             type="rectangle" x="881" y="174" width="46" height="17"/>
    </entry>
    <entry id="65" name="ko:K03426" type="ortholog" reaction="rn:R00103"
        link="http://www.genome.jp/dbget-bin/www_bget?ko+K03426">
        <graphics name="K03426" fgcolor="#000000" bgcolor="#FFFFFF"
             type="rectangle" x="785" y="272" width="46" height="17"/>
    </entry>
    <entry id="66" name="ko:K01513" type="ortholog" reaction="rn:R00103"
        link="http://www.genome.jp/dbget-bin/www_bget?ko+K01513">
        <graphics name="K01513" fgcolor="#000000" bgcolor="#FFFFFF"
             type="rectangle" x="785" y="251" width="46" height="17"/>
    </entry>
    <entry id="67" name="ko:K00969" type="ortholog" reaction="rn:R00137"
        link="http://www.genome.jp/dbget-bin/www_bget?ko+K00969">
        <graphics name="K00969" fgcolor="#000000" bgcolor="#FFFFFF"
             type="rectangle" x="784" y="215" width="46" height="17"/>
    </entry>
    <entry id="68" name="ko:K00952 ko:K06210" type="ortholog" reaction="rn:R00137"
        link="http://www.genome.jp/dbget-bin/www_bget?ko+K00952+K06210">
        <graphics name="K00952..." fgcolor="#000000" bgcolor="#FFFFFF"
             type="rectangle" x="784" y="194" width="46" height="17"/>
    </entry>
    <entry id="69" name="ko:K01081 ko:K03787 ko:K08722 ko:K08723" type="ortholog" reaction="rn:R02323"
        link="http://www.genome.jp/dbget-bin/www_bget?ko+K01081+K03787+K08722+K08723">
        <graphics name="K01081..." fgcolor="#000000" bgcolor="#FFFFFF"
             type="rectangle" x="646" y="262" width="46" height="17"/>
    </entry>
    <entry id="70" name="ec:2.7.1.22" type="enzyme" reaction="rn:R02324"
        link="http://www.genome.jp/dbget-bin/www_bget?enzyme+2.7.1.22">
        <graphics name="2.7.1.22" fgcolor="#000000" bgcolor="#FFFFFF"
             type="rectangle" x="645" y="205" width="46" height="17"/>
    </entry>
    <entry id="71" name="ko:K01239" type="ortholog" reaction="rn:R01273"
        link="http://www.genome.jp/dbget-bin/www_bget?ko+K01239">
        <graphics name="K01239" fgcolor="#000000" bgcolor="#FFFFFF"
             type="rectangle" x="510" y="262" width="46" height="17"/>
    </entry>
    <entry id="72" name="ko:K03783 ko:K03784" type="ortholog" reaction="rn:R02294"
        link="http://www.genome.jp/dbget-bin/www_bget?ko+K03783+K03784">
        <graphics name="K03783..." fgcolor="#000000" bgcolor="#FFFFFF"
             type="rectangle" x="511" y="205" width="46" height="17"/>
    </entry>
    <entry id="73" name="ec:3.2.2.14" type="enzyme" reaction="rn:R01270"
        link="http://www.genome.jp/dbget-bin/www_bget?enzyme+3.2.2.14">
        <graphics name="3.2.2.14" fgcolor="#000000" bgcolor="#FFFFFF"
             type="rectangle" x="578" y="176" width="46" height="17"/>
    </entry>
    <entry id="74" name="ko:K03462" type="ortholog" reaction="rn:R01271"
        link="http://www.genome.jp/dbget-bin/www_bget?ko+K03462">
        <graphics name="K03462" fgcolor="#000000" bgcolor="#FFFFFF"
             type="rectangle" x="578" y="153" width="46" height="17"/>
    </entry>
    <entry id="75" name="ec:3.2.2.6" type="enzyme" reaction="rn:R00102"
        link="http://www.genome.jp/dbget-bin/www_bget?enzyme+3.2.2.6">
        <graphics name="3.2.2.6" fgcolor="#000000" bgcolor="#FFFFFF"
             type="rectangle" x="649" y="130" width="46" height="17"/>
    </entry>
    <entry id="76" name="ko:K01242" type="ortholog" reaction="rn:R00102"
        link="http://www.genome.jp/dbget-bin/www_bget?ko+K01242">
        <graphics name="K01242" fgcolor="#000000" bgcolor="#FFFFFF"
             type="rectangle" x="649" y="109" width="46" height="17"/>
    </entry>
    <entry id="77" name="ec:3.2.2.6" type="enzyme" reaction="rn:R00119"
        link="http://www.genome.jp/dbget-bin/www_bget?enzyme+3.2.2.6">
        <graphics name="3.2.2.6" fgcolor="#000000" bgcolor="#FFFFFF"
             type="rectangle" x="721" y="91" width="46" height="17"/>
    </entry>
    <entry id="78" name="ko:K00541" type="ortholog" reaction="rn:R01269"
        link="http://www.genome.jp/dbget-bin/www_bget?ko+K00541">
        <graphics name="K00541" fgcolor="#000000" bgcolor="#FFFFFF"
             type="rectangle" x="388" y="236" width="46" height="17"/>
    </entry>
    <entry id="79" name="ko:K00157" type="ortholog" reaction="rn:R04085"
        link="http://www.genome.jp/dbget-bin/www_bget?ko+K00157">
        <graphics name="K00157" fgcolor="#000000" bgcolor="#FFFFFF"
             type="rectangle" x="275" y="235" width="46" height="17"/>
    </entry>
    <entry id="80" name="ko:K00858" type="ortholog" reaction="rn:R00104"
        link="http://www.genome.jp/dbget-bin/www_bget?ko+K00858">
        <graphics name="K00858" fgcolor="#000000" bgcolor="#FFFFFF"
             type="rectangle" x="931" y="174" width="46" height="17"/>
    </entry>
    <entry id="81" name="ko:K00322" type="ortholog" reaction="rn:R00112"
        link="http://www.genome.jp/dbget-bin/www_bget?ko+K00322">
        <graphics name="K00322" fgcolor="#000000" bgcolor="#FFFFFF"
             type="rectangle" x="959" y="152" width="46" height="17"/>
    </entry>
    <entry id="82" name="ko:K00324 ko:K00325" type="ortholog" reaction="rn:R00112"
        link="http://www.genome.jp/dbget-bin/www_bget?ko+K00324+K00325">
        <graphics name="K00324..." fgcolor="#000000" bgcolor="#FFFFFF"
             type="rectangle" x="1009" y="152" width="46" height="17"/>
    </entry>
    <entry id="83" name="cpd:C00006" type="compound"
        link="http://www.genome.jp/dbget-bin/www_bget?compound+C00006">
        <graphics name="C00006" fgcolor="#000000" bgcolor="#FFFFFF"
             type="circle" x="862" y="81" width="8" height="8"/>
    </entry>
    <entry id="84" name="cpd:C00003" type="compound"
        link="http://www.genome.jp/dbget-bin/www_bget?compound+C00003">
        <graphics name="C00003" fgcolor="#000000" bgcolor="#FFFFFF"
             type="circle" x="853" y="235" width="8" height="8"/>
    </entry>
    <entry id="85" name="cpd:C00857" type="compound"
        link="http://www.genome.jp/dbget-bin/www_bget?compound+C00857">
        <graphics name="C00857" fgcolor="#000000" bgcolor="#FFFFFF"
             type="circle" x="853" y="352" width="8" height="8"/>
    </entry>
    <entry id="86" name="cpd:C00455" type="compound"
        link="http://www.genome.jp/dbget-bin/www_bget?compound+C00455">
        <graphics name="C00455" fgcolor="#000000" bgcolor="#FFFFFF"
             type="circle" x="714" y="235" width="8" height="8"/>
    </entry>
    <entry id="87" name="cpd:C01185" type="compound"
        link="http://www.genome.jp/dbget-bin/www_bget?compound+C01185">
        <graphics name="C01185" fgcolor="#000000" bgcolor="#FFFFFF"
             type="circle" x="714" y="352" width="8" height="8"/>
    </entry>
    <entry id="88" name="cpd:C03722" type="compound"
        link="http://www.genome.jp/dbget-bin/www_bget?compound+C03722">
        <graphics name="C03722" fgcolor="#000000" bgcolor="#FFFFFF"
             type="circle" x="789" y="433" width="8" height="8"/>
    </entry>
    <entry id="89" name="cpd:C00111" type="compound"
        link="http://www.genome.jp/dbget-bin/www_bget?compound+C00111">
        <graphics name="C00111" fgcolor="#000000" bgcolor="#FFFFFF"
             type="circle" x="819" y="488" width="8" height="8"/>
    </entry>
    <entry id="90" name="cpd:C00049" type="compound"
        link="http://www.genome.jp/dbget-bin/www_bget?compound+C00049">
        <graphics name="C00049" fgcolor="#000000" bgcolor="#FFFFFF"
             type="circle" x="789" y="641" width="8" height="8"/>
    </entry>
    <entry id="91" name="cpd:C00122" type="compound"
        link="http://www.genome.jp/dbget-bin/www_bget?compound+C00122">
        <graphics name="C00122" fgcolor="#000000" bgcolor="#FFFFFF"
             type="circle" x="714" y="702" width="8" height="8"/>
    </entry>
    <entry id="92" name="cpd:C01384" type="compound"
        link="http://www.genome.jp/dbget-bin/www_bget?compound+C01384">
        <graphics name="C01384" fgcolor="#000000" bgcolor="#FFFFFF"
             type="circle" x="435" y="702" width="8" height="8"/>
    </entry>
    <entry id="93" name="cpd:C01596" type="compound"
        link="http://www.genome.jp/dbget-bin/www_bget?compound+C01596">
        <graphics name="C01596" fgcolor="#000000" bgcolor="#FFFFFF"
             type="circle" x="436" y="636" width="8" height="8"/>
    </entry>
    <entry id="94" name="cpd:C01059" type="compound"
        link="http://www.genome.jp/dbget-bin/www_bget?compound+C01059">
        <graphics name="C01059" fgcolor="#000000" bgcolor="#FFFFFF"
             type="circle" x="347" y="521" width="8" height="8"/>
    </entry>
    <entry id="95" name="cpd:C01020" type="compound"
        link="http://www.genome.jp/dbget-bin/www_bget?compound+C01020">
        <graphics name="C01020" fgcolor="#000000" bgcolor="#FFFFFF"
             type="circle" x="436" y="433" width="8" height="8"/>
    </entry>
    <entry id="96" name="cpd:C00253" type="compound"
        link="http://www.genome.jp/dbget-bin/www_bget?compound+C00253">
        <graphics name="C00253" fgcolor="#000000" bgcolor="#FFFFFF"
             type="circle" x="436" y="352" width="8" height="8"/>
    </entry>
    <entry id="97" name="cpd:C05380" type="compound"
        link="http://www.genome.jp/dbget-bin/www_bget?compound+C05380">
        <graphics name="C05380" fgcolor="#000000" bgcolor="#FFFFFF"
             type="circle" x="265" y="368" width="8" height="8"/>
    </entry>
    <entry id="98" name="cpd:C02918" type="compound"
        link="http://www.genome.jp/dbget-bin/www_bget?compound+C02918">
        <graphics name="C02918" fgcolor="#000000" bgcolor="#FFFFFF"
             type="circle" x="330" y="235" width="8" height="8"/>
    </entry>
    <entry id="99" name="cpd:C00153" type="compound"
        link="http://www.genome.jp/dbget-bin/www_bget?compound+C00153">
        <graphics name="C00153" fgcolor="#000000" bgcolor="#FFFFFF"
             type="circle" x="440" y="235" width="8" height="8"/>
    </entry>
    <entry id="100" name="cpd:C03150" type="compound"
        link="http://www.genome.jp/dbget-bin/www_bget?compound+C03150">
        <graphics name="C03150" fgcolor="#000000" bgcolor="#FFFFFF"
             type="circle" x="576" y="235" width="8" height="8"/>
    </entry>
    <entry id="101" name="cpd:C05840" type="compound"
        link="http://www.genome.jp/dbget-bin/www_bget?compound+C05840">
        <graphics name="C05840" fgcolor="#000000" bgcolor="#FFFFFF"
             type="circle" x="789" y="520" width="8" height="8"/>
    </entry>
    <entry id="102" name="cpd:C05841" type="compound"
        link="http://www.genome.jp/dbget-bin/www_bget?compound+C05841">
        <graphics name="C05841" fgcolor="#000000" bgcolor="#FFFFFF"
             type="circle" x="575" y="352" width="8" height="8"/>
    </entry>
    <entry id="103" name="cpd:C01004" type="compound"
        link="http://www.genome.jp/dbget-bin/www_bget?compound+C01004">
        <graphics name="C01004" fgcolor="#000000" bgcolor="#FFFFFF"
             type="circle" x="330" y="379" width="8" height="8"/>
    </entry>
    <entry id="104" name="cpd:C05843" type="compound"
        link="http://www.genome.jp/dbget-bin/www_bget?compound+C05843">
        <graphics name="C05843" fgcolor="#000000" bgcolor="#FFFFFF"
             type="circle" x="203" y="235" width="8" height="8"/>
    </entry>
    <entry id="105" name="cpd:C05842" type="compound"
        link="http://www.genome.jp/dbget-bin/www_bget?compound+C05842">
        <graphics name="C05842" fgcolor="#000000" bgcolor="#FFFFFF"
             type="circle" x="203" y="197" width="8" height="8"/>
    </entry>
    <entry id="111" name="ko:K00157" type="ortholog" reaction="rn:R08408"
        link="http://www.genome.jp/dbget-bin/www_bget?ko+K00157">
        <graphics name="K00157" fgcolor="#000000" bgcolor="#FFFFFF"
             type="rectangle" x="276" y="199" width="46" height="17"/>
    </entry>
    <entry id="114" name="" type="other" reaction="rn:R02861">
        <graphics fgcolor="#000000" bgcolor="#FFFFFF"
             type="rectangle" x="275" y="310" width="46" height="17"/>
    </entry>
    <entry id="167" name="" type="other" reaction="rn:R07948">
        <graphics fgcolor="#000000" bgcolor="#FFFFFF"
             type="rectangle" x="294" y="668" width="63" height="8"/>
    </entry>
    <entry id="168" name="" type="other" reaction="rn:R07947">
        <graphics fgcolor="#000000" bgcolor="#FFFFFF"
             type="rectangle" x="228" y="556" width="64" height="9"/>
    </entry>
    <relation entry1="78" entry2="79" type="ECrel">
        <subtype name="compound" value="98"/>
    </relation>
    <relation entry1="39" entry2="78" type="ECrel">
        <subtype name="compound" value="99"/>
    </relation>
    <relation entry1="77" entry2="78" type="ECrel">
        <subtype name="compound" value="99"/>
    </relation>
    <relation entry1="76" entry2="78" type="ECrel">
        <subtype name="compound" value="99"/>
    </relation>
    <relation entry1="75" entry2="78" type="ECrel">
        <subtype name="compound" value="99"/>
    </relation>
    <relation entry1="74" entry2="78" type="ECrel">
        <subtype name="compound" value="99"/>
    </relation>
    <relation entry1="73" entry2="78" type="ECrel">
        <subtype name="compound" value="99"/>
    </relation>
    <relation entry1="72" entry2="78" type="ECrel">
        <subtype name="compound" value="99"/>
    </relation>
    <relation entry1="71" entry2="78" type="ECrel">
        <subtype name="compound" value="99"/>
    </relation>
    <relation entry1="63" entry2="78" type="ECrel">
        <subtype name="compound" value="99"/>
    </relation>
    <relation entry1="39" entry2="76" type="ECrel">
        <subtype name="compound" value="99"/>
    </relation>
    <relation entry1="39" entry2="75" type="ECrel">
        <subtype name="compound" value="99"/>
    </relation>
    <relation entry1="39" entry2="74" type="ECrel">
        <subtype name="compound" value="99"/>
    </relation>
    <relation entry1="39" entry2="73" type="ECrel">
        <subtype name="compound" value="99"/>
    </relation>
    <relation entry1="39" entry2="72" type="ECrel">
        <subtype name="compound" value="99"/>
    </relation>
    <relation entry1="39" entry2="71" type="ECrel">
        <subtype name="compound" value="99"/>
    </relation>
    <relation entry1="39" entry2="63" type="ECrel">
        <subtype name="compound" value="99"/>
    </relation>
    <relation entry1="76" entry2="77" type="ECrel">
        <subtype name="compound" value="99"/>
    </relation>
    <relation entry1="74" entry2="77" type="ECrel">
        <subtype name="compound" value="99"/>
    </relation>
    <relation entry1="73" entry2="77" type="ECrel">
        <subtype name="compound" value="99"/>
    </relation>
    <relation entry1="72" entry2="77" type="ECrel">
        <subtype name="compound" value="99"/>
    </relation>
    <relation entry1="71" entry2="77" type="ECrel">
        <subtype name="compound" value="99"/>
    </relation>
    <relation entry1="63" entry2="77" type="ECrel">
        <subtype name="compound" value="99"/>
    </relation>
    <relation entry1="74" entry2="76" type="ECrel">
        <subtype name="compound" value="99"/>
    </relation>
    <relation entry1="73" entry2="76" type="ECrel">
        <subtype name="compound" value="99"/>
    </relation>
    <relation entry1="72" entry2="76" type="ECrel">
        <subtype name="compound" value="99"/>
    </relation>
    <relation entry1="71" entry2="76" type="ECrel">
        <subtype name="compound" value="99"/>
    </relation>
    <relation entry1="63" entry2="76" type="ECrel">
        <subtype name="compound" value="99"/>
    </relation>
    <relation entry1="74" entry2="75" type="ECrel">
        <subtype name="compound" value="99"/>
    </relation>
    <relation entry1="73" entry2="75" type="ECrel">
        <subtype name="compound" value="99"/>
    </relation>
    <relation entry1="72" entry2="75" type="ECrel">
        <subtype name="compound" value="99"/>
    </relation>
    <relation entry1="71" entry2="75" type="ECrel">
        <subtype name="compound" value="99"/>
    </relation>
    <relation entry1="63" entry2="75" type="ECrel">
        <subtype name="compound" value="99"/>
    </relation>
    <relation entry1="73" entry2="74" type="ECrel">
        <subtype name="compound" value="86"/>
    </relation>
    <relation entry1="73" entry2="74" type="ECrel">
        <subtype name="compound" value="99"/>
    </relation>
    <relation entry1="72" entry2="74" type="ECrel">
        <subtype name="compound" value="99"/>
    </relation>
    <relation entry1="71" entry2="74" type="ECrel">
        <subtype name="compound" value="99"/>
    </relation>
    <relation entry1="63" entry2="74" type="ECrel">
        <subtype name="compound" value="99"/>
    </relation>
    <relation entry1="72" entry2="73" type="ECrel">
        <subtype name="compound" value="99"/>
    </relation>
    <relation entry1="71" entry2="73" type="ECrel">
        <subtype name="compound" value="99"/>
    </relation>
    <relation entry1="63" entry2="73" type="ECrel">
        <subtype name="compound" value="99"/>
    </relation>
    <relation entry1="71" entry2="72" type="ECrel">
        <subtype name="compound" value="100"/>
    </relation>
    <relation entry1="71" entry2="72" type="ECrel">
        <subtype name="compound" value="99"/>
    </relation>
    <relation entry1="63" entry2="72" type="ECrel">
        <subtype name="compound" value="99"/>
    </relation>
    <relation entry1="63" entry2="71" type="ECrel">
        <subtype name="compound" value="99"/>
    </relation>
    <relation entry1="70" entry2="72" type="ECrel">
        <subtype name="compound" value="100"/>
    </relation>
    <relation entry1="69" entry2="72" type="ECrel">
        <subtype name="compound" value="100"/>
    </relation>
    <relation entry1="70" entry2="71" type="ECrel">
        <subtype name="compound" value="100"/>
    </relation>
    <relation entry1="69" entry2="71" type="ECrel">
        <subtype name="compound" value="100"/>
    </relation>
    <relation entry1="69" entry2="70" type="ECrel">
        <subtype name="compound" value="86"/>
    </relation>
    <relation entry1="69" entry2="70" type="ECrel">
        <subtype name="compound" value="100"/>
    </relation>
    <relation entry1="70" entry2="74" type="ECrel">
        <subtype name="compound" value="86"/>
    </relation>
    <relation entry1="69" entry2="74" type="ECrel">
        <subtype name="compound" value="86"/>
    </relation>
    <relation entry1="61" entry2="74" type="ECrel">
        <subtype name="compound" value="86"/>
    </relation>
    <relation entry1="65" entry2="74" type="ECrel">
        <subtype name="compound" value="86"/>
    </relation>
    <relation entry1="66" entry2="74" type="ECrel">
        <subtype name="compound" value="86"/>
    </relation>
    <relation entry1="67" entry2="74" type="ECrel">
        <subtype name="compound" value="86"/>
    </relation>
    <relation entry1="68" entry2="74" type="ECrel">
        <subtype name="compound" value="86"/>
    </relation>
    <relation entry1="70" entry2="73" type="ECrel">
        <subtype name="compound" value="86"/>
    </relation>
    <relation entry1="69" entry2="73" type="ECrel">
        <subtype name="compound" value="86"/>
    </relation>
    <relation entry1="61" entry2="73" type="ECrel">
        <subtype name="compound" value="86"/>
    </relation>
    <relation entry1="65" entry2="73" type="ECrel">
        <subtype name="compound" value="86"/>
    </relation>
    <relation entry1="66" entry2="73" type="ECrel">
        <subtype name="compound" value="86"/>
    </relation>
    <relation entry1="67" entry2="73" type="ECrel">
        <subtype name="compound" value="86"/>
    </relation>
    <relation entry1="68" entry2="73" type="ECrel">
        <subtype name="compound" value="86"/>
    </relation>
    <relation entry1="61" entry2="70" type="ECrel">
        <subtype name="compound" value="86"/>
    </relation>
    <relation entry1="65" entry2="70" type="ECrel">
        <subtype name="compound" value="86"/>
    </relation>
    <relation entry1="66" entry2="70" type="ECrel">
        <subtype name="compound" value="86"/>
    </relation>
    <relation entry1="67" entry2="70" type="ECrel">
        <subtype name="compound" value="86"/>
    </relation>
    <relation entry1="68" entry2="70" type="ECrel">
        <subtype name="compound" value="86"/>
    </relation>
    <relation entry1="61" entry2="69" type="ECrel">
        <subtype name="compound" value="86"/>
    </relation>
    <relation entry1="65" entry2="69" type="ECrel">
        <subtype name="compound" value="86"/>
    </relation>
    <relation entry1="66" entry2="69" type="ECrel">
        <subtype name="compound" value="86"/>
    </relation>
    <relation entry1="67" entry2="69" type="ECrel">
        <subtype name="compound" value="86"/>
    </relation>
    <relation entry1="68" entry2="69" type="ECrel">
        <subtype name="compound" value="86"/>
    </relation>
    <relation entry1="61" entry2="65" type="ECrel">
        <subtype name="compound" value="86"/>
    </relation>
    <relation entry1="61" entry2="66" type="ECrel">
        <subtype name="compound" value="86"/>
    </relation>
    <relation entry1="61" entry2="67" type="ECrel">
        <subtype name="compound" value="86"/>
    </relation>
    <relation entry1="61" entry2="68" type="ECrel">
        <subtype name="compound" value="86"/>
    </relation>
    <relation entry1="65" entry2="67" type="ECrel">
        <subtype name="compound" value="84"/>
    </relation>
    <relation entry1="65" entry2="67" type="ECrel">
        <subtype name="compound" value="86"/>
    </relation>
    <relation entry1="65" entry2="68" type="ECrel">
        <subtype name="compound" value="84"/>
    </relation>
    <relation entry1="65" entry2="68" type="ECrel">
        <subtype name="compound" value="86"/>
    </relation>
    <relation entry1="66" entry2="67" type="ECrel">
        <subtype name="compound" value="84"/>
    </relation>
    <relation entry1="66" entry2="67" type="ECrel">
        <subtype name="compound" value="86"/>
    </relation>
    <relation entry1="66" entry2="68" type="ECrel">
        <subtype name="compound" value="84"/>
    </relation>
    <relation entry1="66" entry2="68" type="ECrel">
        <subtype name="compound" value="86"/>
    </relation>
    <relation entry1="39" entry2="82" type="ECrel">
        <subtype name="compound" value="83"/>
    </relation>
    <relation entry1="39" entry2="81" type="ECrel">
        <subtype name="compound" value="83"/>
    </relation>
    <relation entry1="39" entry2="80" type="ECrel">
        <subtype name="compound" value="83"/>
    </relation>
    <relation entry1="39" entry2="64" type="ECrel">
        <subtype name="compound" value="83"/>
    </relation>
    <relation entry1="77" entry2="82" type="ECrel">
        <subtype name="compound" value="83"/>
    </relation>
    <relation entry1="77" entry2="81" type="ECrel">
        <subtype name="compound" value="83"/>
    </relation>
    <relation entry1="77" entry2="80" type="ECrel">
        <subtype name="compound" value="83"/>
    </relation>
    <relation entry1="64" entry2="77" type="ECrel">
        <subtype name="compound" value="83"/>
    </relation>
    <relation entry1="80" entry2="82" type="ECrel">
        <subtype name="compound" value="84"/>
    </relation>
    <relation entry1="80" entry2="82" type="ECrel">
        <subtype name="compound" value="83"/>
    </relation>
    <relation entry1="64" entry2="82" type="ECrel">
        <subtype name="compound" value="84"/>
    </relation>
    <relation entry1="64" entry2="82" type="ECrel">
        <subtype name="compound" value="83"/>
    </relation>
    <relation entry1="80" entry2="81" type="ECrel">
        <subtype name="compound" value="84"/>
    </relation>
    <relation entry1="80" entry2="81" type="ECrel">
        <subtype name="compound" value="83"/>
    </relation>
    <relation entry1="64" entry2="81" type="ECrel">
        <subtype name="compound" value="84"/>
    </relation>
    <relation entry1="64" entry2="81" type="ECrel">
        <subtype name="compound" value="83"/>
    </relation>
    <relation entry1="64" entry2="80" type="ECrel">
        <subtype name="compound" value="84"/>
    </relation>
    <relation entry1="64" entry2="80" type="ECrel">
        <subtype name="compound" value="83"/>
    </relation>
    <relation entry1="64" entry2="76" type="ECrel">
        <subtype name="compound" value="84"/>
    </relation>
    <relation entry1="76" entry2="80" type="ECrel">
        <subtype name="compound" value="84"/>
    </relation>
    <relation entry1="76" entry2="81" type="ECrel">
        <subtype name="compound" value="84"/>
    </relation>
    <relation entry1="76" entry2="82" type="ECrel">
        <subtype name="compound" value="84"/>
    </relation>
    <relation entry1="59" entry2="76" type="ECrel">
        <subtype name="compound" value="84"/>
    </relation>
    <relation entry1="60" entry2="76" type="ECrel">
        <subtype name="compound" value="84"/>
    </relation>
    <relation entry1="65" entry2="76" type="ECrel">
        <subtype name="compound" value="84"/>
    </relation>
    <relation entry1="66" entry2="76" type="ECrel">
        <subtype name="compound" value="84"/>
    </relation>
    <relation entry1="67" entry2="76" type="ECrel">
        <subtype name="compound" value="84"/>
    </relation>
    <relation entry1="68" entry2="76" type="ECrel">
        <subtype name="compound" value="84"/>
    </relation>
    <relation entry1="64" entry2="75" type="ECrel">
        <subtype name="compound" value="84"/>
    </relation>
    <relation entry1="75" entry2="80" type="ECrel">
        <subtype name="compound" value="84"/>
    </relation>
    <relation entry1="75" entry2="81" type="ECrel">
        <subtype name="compound" value="84"/>
    </relation>
    <relation entry1="75" entry2="82" type="ECrel">
        <subtype name="compound" value="84"/>
    </relation>
    <relation entry1="59" entry2="75" type="ECrel">
        <subtype name="compound" value="84"/>
    </relation>
    <relation entry1="60" entry2="75" type="ECrel">
        <subtype name="compound" value="84"/>
    </relation>
    <relation entry1="65" entry2="75" type="ECrel">
        <subtype name="compound" value="84"/>
    </relation>
    <relation entry1="66" entry2="75" type="ECrel">
        <subtype name="compound" value="84"/>
    </relation>
    <relation entry1="67" entry2="75" type="ECrel">
        <subtype name="compound" value="84"/>
    </relation>
    <relation entry1="68" entry2="75" type="ECrel">
        <subtype name="compound" value="84"/>
    </relation>
    <relation entry1="59" entry2="64" type="ECrel">
        <subtype name="compound" value="84"/>
    </relation>
    <relation entry1="60" entry2="64" type="ECrel">
        <subtype name="compound" value="84"/>
    </relation>
    <relation entry1="64" entry2="65" type="ECrel">
        <subtype name="compound" value="84"/>
    </relation>
    <relation entry1="64" entry2="66" type="ECrel">
        <subtype name="compound" value="84"/>
    </relation>
    <relation entry1="64" entry2="67" type="ECrel">
        <subtype name="compound" value="84"/>
    </relation>
    <relation entry1="64" entry2="68" type="ECrel">
        <subtype name="compound" value="84"/>
    </relation>
    <relation entry1="59" entry2="80" type="ECrel">
        <subtype name="compound" value="84"/>
    </relation>
    <relation entry1="60" entry2="80" type="ECrel">
        <subtype name="compound" value="84"/>
    </relation>
    <relation entry1="65" entry2="80" type="ECrel">
        <subtype name="compound" value="84"/>
    </relation>
    <relation entry1="66" entry2="80" type="ECrel">
        <subtype name="compound" value="84"/>
    </relation>
    <relation entry1="67" entry2="80" type="ECrel">
        <subtype name="compound" value="84"/>
    </relation>
    <relation entry1="68" entry2="80" type="ECrel">
        <subtype name="compound" value="84"/>
    </relation>
    <relation entry1="59" entry2="81" type="ECrel">
        <subtype name="compound" value="84"/>
    </relation>
    <relation entry1="60" entry2="81" type="ECrel">
        <subtype name="compound" value="84"/>
    </relation>
    <relation entry1="65" entry2="81" type="ECrel">
        <subtype name="compound" value="84"/>
    </relation>
    <relation entry1="66" entry2="81" type="ECrel">
        <subtype name="compound" value="84"/>
    </relation>
    <relation entry1="67" entry2="81" type="ECrel">
        <subtype name="compound" value="84"/>
    </relation>
    <relation entry1="68" entry2="81" type="ECrel">
        <subtype name="compound" value="84"/>
    </relation>
    <relation entry1="59" entry2="82" type="ECrel">
        <subtype name="compound" value="84"/>
    </relation>
    <relation entry1="60" entry2="82" type="ECrel">
        <subtype name="compound" value="84"/>
    </relation>
    <relation entry1="65" entry2="82" type="ECrel">
        <subtype name="compound" value="84"/>
    </relation>
    <relation entry1="66" entry2="82" type="ECrel">
        <subtype name="compound" value="84"/>
    </relation>
    <relation entry1="67" entry2="82" type="ECrel">
        <subtype name="compound" value="84"/>
    </relation>
    <relation entry1="68" entry2="82" type="ECrel">
        <subtype name="compound" value="84"/>
    </relation>
    <relation entry1="59" entry2="65" type="ECrel">
        <subtype name="compound" value="84"/>
    </relation>
    <relation entry1="59" entry2="66" type="ECrel">
        <subtype name="compound" value="84"/>
    </relation>
    <relation entry1="59" entry2="67" type="ECrel">
        <subtype name="compound" value="84"/>
    </relation>
    <relation entry1="59" entry2="68" type="ECrel">
        <subtype name="compound" value="84"/>
    </relation>
    <relation entry1="60" entry2="65" type="ECrel">
        <subtype name="compound" value="84"/>
    </relation>
    <relation entry1="60" entry2="66" type="ECrel">
        <subtype name="compound" value="84"/>
    </relation>
    <relation entry1="60" entry2="67" type="ECrel">
        <subtype name="compound" value="84"/>
    </relation>
    <relation entry1="60" entry2="68" type="ECrel">
        <subtype name="compound" value="84"/>
    </relation>
    <relation entry1="58" entry2="59" type="ECrel">
        <subtype name="compound" value="85"/>
    </relation>
    <relation entry1="57" entry2="59" type="ECrel">
        <subtype name="compound" value="85"/>
    </relation>
    <relation entry1="52" entry2="59" type="ECrel">
        <subtype name="compound" value="85"/>
    </relation>
    <relation entry1="40" entry2="59" type="ECrel">
        <subtype name="compound" value="85"/>
    </relation>
    <relation entry1="58" entry2="60" type="ECrel">
        <subtype name="compound" value="85"/>
    </relation>
    <relation entry1="57" entry2="60" type="ECrel">
        <subtype name="compound" value="85"/>
    </relation>
    <relation entry1="52" entry2="60" type="ECrel">
        <subtype name="compound" value="85"/>
    </relation>
    <relation entry1="40" entry2="60" type="ECrel">
        <subtype name="compound" value="85"/>
    </relation>
    <relation entry1="52" entry2="58" type="ECrel">
        <subtype name="compound" value="87"/>
    </relation>
    <relation entry1="52" entry2="58" type="ECrel">
        <subtype name="compound" value="85"/>
    </relation>
    <relation entry1="40" entry2="58" type="ECrel">
        <subtype name="compound" value="87"/>
    </relation>
    <relation entry1="40" entry2="58" type="ECrel">
        <subtype name="compound" value="85"/>
    </relation>
    <relation entry1="52" entry2="57" type="ECrel">
        <subtype name="compound" value="87"/>
    </relation>
    <relation entry1="52" entry2="57" type="ECrel">
        <subtype name="compound" value="85"/>
    </relation>
    <relation entry1="40" entry2="57" type="ECrel">
        <subtype name="compound" value="87"/>
    </relation>
    <relation entry1="40" entry2="57" type="ECrel">
        <subtype name="compound" value="85"/>
    </relation>
    <relation entry1="57" entry2="61" type="ECrel">
        <subtype name="compound" value="87"/>
    </relation>
    <relation entry1="57" entry2="62" type="ECrel">
        <subtype name="compound" value="87"/>
    </relation>
    <relation entry1="54" entry2="57" type="ECrel">
        <subtype name="compound" value="87"/>
    </relation>
    <relation entry1="53" entry2="57" type="ECrel">
        <subtype name="compound" value="87"/>
    </relation>
    <relation entry1="46" entry2="57" type="ECrel">
        <subtype name="compound" value="87"/>
    </relation>
    <relation entry1="58" entry2="61" type="ECrel">
        <subtype name="compound" value="87"/>
    </relation>
    <relation entry1="58" entry2="62" type="ECrel">
        <subtype name="compound" value="87"/>
    </relation>
    <relation entry1="54" entry2="58" type="ECrel">
        <subtype name="compound" value="87"/>
    </relation>
    <relation entry1="53" entry2="58" type="ECrel">
        <subtype name="compound" value="87"/>
    </relation>
    <relation entry1="46" entry2="58" type="ECrel">
        <subtype name="compound" value="87"/>
    </relation>
    <relation entry1="61" entry2="62" type="ECrel">
        <subtype name="compound" value="87"/>
    </relation>
    <relation entry1="54" entry2="61" type="ECrel">
        <subtype name="compound" value="87"/>
    </relation>
    <relation entry1="53" entry2="61" type="ECrel">
        <subtype name="compound" value="87"/>
    </relation>
    <relation entry1="46" entry2="61" type="ECrel">
        <subtype name="compound" value="87"/>
    </relation>
    <relation entry1="52" entry2="61" type="ECrel">
        <subtype name="compound" value="87"/>
    </relation>
    <relation entry1="40" entry2="61" type="ECrel">
        <subtype name="compound" value="87"/>
    </relation>
    <relation entry1="54" entry2="62" type="ECrel">
        <subtype name="compound" value="87"/>
    </relation>
    <relation entry1="53" entry2="62" type="ECrel">
        <subtype name="compound" value="87"/>
    </relation>
    <relation entry1="46" entry2="62" type="ECrel">
        <subtype name="compound" value="87"/>
    </relation>
    <relation entry1="52" entry2="62" type="ECrel">
        <subtype name="compound" value="87"/>
    </relation>
    <relation entry1="40" entry2="62" type="ECrel">
        <subtype name="compound" value="87"/>
    </relation>
    <relation entry1="53" entry2="54" type="ECrel">
        <subtype name="compound" value="102"/>
    </relation>
    <relation entry1="53" entry2="54" type="ECrel">
        <subtype name="compound" value="87"/>
    </relation>
    <relation entry1="46" entry2="54" type="ECrel">
        <subtype name="compound" value="87"/>
    </relation>
    <relation entry1="52" entry2="54" type="ECrel">
        <subtype name="compound" value="87"/>
    </relation>
    <relation entry1="40" entry2="54" type="ECrel">
        <subtype name="compound" value="87"/>
    </relation>
    <relation entry1="46" entry2="53" type="ECrel">
        <subtype name="compound" value="87"/>
    </relation>
    <relation entry1="52" entry2="53" type="ECrel">
        <subtype name="compound" value="87"/>
    </relation>
    <relation entry1="40" entry2="53" type="ECrel">
        <subtype name="compound" value="87"/>
    </relation>
    <relation entry1="46" entry2="52" type="ECrel">
        <subtype name="compound" value="87"/>
    </relation>
    <relation entry1="40" entry2="46" type="ECrel">
        <subtype name="compound" value="87"/>
    </relation>
    <relation entry1="45" entry2="46" type="ECrel">
        <subtype name="compound" value="88"/>
    </relation>
    <relation entry1="44" entry2="45" type="ECrel">
        <subtype name="compound" value="101"/>
    </relation>
    <relation entry1="38" entry2="45" type="ECrel">
        <subtype name="compound" value="101"/>
    </relation>
    <relation entry1="54" entry2="55" type="ECrel">
        <subtype name="compound" value="102"/>
    </relation>
    <relation entry1="53" entry2="55" type="ECrel">
        <subtype name="compound" value="102"/>
    </relation>
    <relation entry1="62" entry2="63" type="ECrel">
        <subtype name="compound" value="96"/>
    </relation>
    <relation entry1="56" entry2="62" type="ECrel">
        <subtype name="compound" value="96"/>
    </relation>
    <relation entry1="51" entry2="62" type="ECrel">
        <subtype name="compound" value="96"/>
    </relation>
    <relation entry1="55" entry2="62" type="ECrel">
        <subtype name="compound" value="96"/>
    </relation>
    <relation entry1="56" entry2="63" type="ECrel">
        <subtype name="compound" value="96"/>
    </relation>
    <relation entry1="51" entry2="63" type="ECrel">
        <subtype name="compound" value="96"/>
    </relation>
    <relation entry1="55" entry2="63" type="ECrel">
        <subtype name="compound" value="96"/>
    </relation>
    <relation entry1="51" entry2="56" type="ECrel">
        <subtype name="compound" value="96"/>
    </relation>
    <relation entry1="55" entry2="56" type="ECrel">
        <subtype name="compound" value="96"/>
    </relation>
    <relation entry1="51" entry2="55" type="ECrel">
        <subtype name="compound" value="96"/>
    </relation>
    <relation entry1="50" entry2="51" type="ECrel">
        <subtype name="compound" value="95"/>
    </relation>
    <relation entry1="23" entry2="51" type="ECrel">
        <subtype name="compound" value="95"/>
    </relation>
    <relation entry1="22" entry2="51" type="ECrel">
        <subtype name="compound" value="95"/>
    </relation>
    <relation entry1="23" entry2="50" type="ECrel">
        <subtype name="compound" value="95"/>
    </relation>
    <relation entry1="22" entry2="50" type="ECrel">
        <subtype name="compound" value="95"/>
    </relation>
    <relation entry1="22" entry2="23" type="ECrel">
        <subtype name="compound" value="95"/>
    </relation>
    <relation entry1="49" entry2="50" type="ECrel">
        <subtype name="compound" value="94"/>
    </relation>
    <relation entry1="48" entry2="49" type="ECrel">
        <subtype name="compound" value="93"/>
    </relation>
    <relation entry1="27" entry2="3" type="ECrel">
        <subtype name="compound" value="36"/>
    </relation>
    <relation entry1="28" entry2="3" type="ECrel">
        <subtype name="compound" value="36"/>
    </relation>
    <relation entry1="26" entry2="27" type="ECrel">
        <subtype name="compound" value="35"/>
    </relation>
    <relation entry1="26" entry2="28" type="ECrel">
        <subtype name="compound" value="35"/>
    </relation>
    <relation entry1="25" entry2="26" type="ECrel">
        <subtype name="compound" value="34"/>
    </relation>
    <relation entry1="24" entry2="25" type="ECrel">
        <subtype name="compound" value="32"/>
    </relation>
    <relation entry1="47" entry2="48" type="ECrel">
        <subtype name="compound" value="92"/>
    </relation>
    <relation entry1="21" entry2="22" type="ECrel">
        <subtype name="compound" value="13"/>
    </relation>
    <relation entry1="20" entry2="21" type="ECrel">
        <subtype name="compound" value="12"/>
    </relation>
    <relation entry1="18" entry2="19" type="ECrel">
        <subtype name="compound" value="9"/>
    </relation>
    <relation entry1="17" entry2="18" type="ECrel">
        <subtype name="compound" value="8"/>
    </relation>
    <relation entry1="16" entry2="17" type="ECrel">
        <subtype name="compound" value="7"/>
    </relation>
    <relation entry1="46" entry2="43" type="maplink">
        <subtype name="compound" value="88"/>
    </relation>
    <relation entry1="45" entry2="43" type="maplink">
        <subtype name="compound" value="88"/>
    </relation>
    <relation entry1="44" entry2="42" type="maplink">
        <subtype name="compound" value="90"/>
    </relation>
    <relation entry1="38" entry2="42" type="maplink">
        <subtype name="compound" value="90"/>
    </relation>
    <relation entry1="47" entry2="42" type="maplink">
        <subtype name="compound" value="91"/>
    </relation>
    <relation entry1="16" entry2="15" type="maplink">
        <subtype name="compound" value="5"/>
    </relation>
    <relation entry1="16" entry2="14" type="maplink">
        <subtype name="compound" value="5"/>
    </relation>
    <relation entry1="14" entry2="15" type="maplink">
        <subtype name="compound" value="5"/>
    </relation>
    <relation entry1="63" entry2="1" type="maplink">
        <subtype name="compound" value="96"/>
    </relation>
    <relation entry1="55" entry2="1" type="maplink">
        <subtype name="compound" value="96"/>
    </relation>
    <relation entry1="62" entry2="1" type="maplink">
        <subtype name="compound" value="96"/>
    </relation>
    <relation entry1="51" entry2="1" type="maplink">
        <subtype name="compound" value="96"/>
    </relation>
    <relation entry1="56" entry2="1" type="maplink">
        <subtype name="compound" value="96"/>
    </relation>
    <reaction name="rn:R02860" type="irreversible">
        <substrate name="cpd:C16150"/>
        <product name="cpd:C01056"/>
    </reaction>
    <reaction name="rn:R07946" type="irreversible">
        <substrate name="cpd:C16150"/>
        <product name="cpd:C03043"/>
    </reaction>
    <reaction name="rn:R01355" type="irreversible">
        <substrate name="cpd:C03652"/>
        <product name="cpd:C00163"/>
        <product name="cpd:C00022"/>
    </reaction>
    <reaction name="rn:R03069" type="irreversible">
        <substrate name="cpd:C00922"/>
        <product name="cpd:C03652"/>
    </reaction>
    <reaction name="rn:R03070" type="reversible">
        <substrate name="cpd:C02295"/>
        <product name="cpd:C00922"/>
    </reaction>
    <reaction name="rn:R03908" type="reversible">
        <substrate name="cpd:C02930"/>
        <product name="cpd:C02295"/>
    </reaction>
    <reaction name="rn:R07985" type="irreversible">
        <substrate name="cpd:C16159"/>
        <product name="cpd:C16390"/>
    </reaction>
    <reaction name="rn:R07984" type="irreversible">
        <substrate name="cpd:C04226"/>
        <product name="cpd:C16159"/>
    </reaction>
    <reaction name="rn:R03164" type="irreversible">
        <substrate name="cpd:C01020"/>
        <product name="cpd:C04226"/>
    </reaction>
    <reaction name="rn:R07221" type="irreversible">
        <substrate name="cpd:C01020"/>
        <product name="cpd:C15523"/>
    </reaction>
    <reaction name="rn:R04130" type="irreversible">
        <substrate name="cpd:C03056"/>
        <product name="cpd:C03458"/>
    </reaction>
    <reaction name="rn:R07515" type="irreversible">
        <substrate name="cpd:C15986"/>
        <product name="cpd:C15987"/>
        <product name="cpd:C03056"/>
    </reaction>
    <reaction name="rn:R07514" type="irreversible">
        <substrate name="cpd:C01297"/>
        <product name="cpd:C15986"/>
    </reaction>
    <reaction name="rn:R03202" type="irreversible">
        <substrate name="cpd:C01056"/>
        <product name="cpd:C01297"/>
    </reaction>
    <reaction name="rn:R07170" type="irreversible">
        <substrate name="cpd:C03043"/>
        <product name="cpd:C01297"/>
    </reaction>
    <reaction name="rn:R07410" type="irreversible">
        <substrate name="cpd:C00049"/>
        <product name="cpd:C05840"/>
    </reaction>
    <reaction name="rn:R07407" type="irreversible">
        <substrate name="cpd:C00049"/>
        <product name="cpd:C05840"/>
    </reaction>
    <reaction name="rn:R00119" type="irreversible">
        <substrate name="cpd:C00006"/>
        <product name="cpd:C00153"/>
    </reaction>
    <reaction name="rn:R03004" type="irreversible">
        <substrate name="cpd:C00857"/>
        <product name="cpd:C01185"/>
    </reaction>
    <reaction name="rn:R00481" type="irreversible">
        <substrate name="cpd:C00049"/>
        <product name="cpd:C05840"/>
    </reaction>
    <reaction name="rn:R04292" type="irreversible">
        <substrate name="cpd:C00111"/>
        <substrate name="cpd:C05840"/>
        <product name="cpd:C03722"/>
    </reaction>
    <reaction name="rn:R03348" type="irreversible">
        <substrate name="cpd:C03722"/>
        <product name="cpd:C01185"/>
    </reaction>
    <reaction name="rn:R01087" type="irreversible">
        <substrate name="cpd:C01384"/>
        <product name="cpd:C00122"/>
    </reaction>
    <reaction name="rn:R03540" type="irreversible">
        <substrate name="cpd:C01596"/>
        <product name="cpd:C01384"/>
    </reaction>
    <reaction name="rn:R03204" type="irreversible">
        <substrate name="cpd:C01059"/>
        <product name="cpd:C01596"/>
    </reaction>
    <reaction name="rn:R00047" type="irreversible">
        <substrate name="cpd:C01020"/>
        <product name="cpd:C01059"/>
    </reaction>
    <reaction name="rn:R01720" type="irreversible">
        <substrate name="cpd:C00253"/>
        <product name="cpd:C01020"/>
    </reaction>
    <reaction name="rn:R03346" type="reversible">
        <substrate name="cpd:C01185"/>
        <product name="cpd:C05841"/>
    </reaction>
    <reaction name="rn:R03347" type="irreversible">
        <substrate name="cpd:C05841"/>
        <product name="cpd:C01185"/>
    </reaction>
    <reaction name="rn:R02295" type="reversible">
        <substrate name="cpd:C05841"/>
        <product name="cpd:C00253"/>
    </reaction>
    <reaction name="rn:R01721" type="irreversible">
        <substrate name="cpd:C00253"/>
        <product name="cpd:C01004"/>
    </reaction>
    <reaction name="rn:R03005" type="reversible">
        <substrate name="cpd:C01185"/>
        <product name="cpd:C00857"/>
    </reaction>
    <reaction name="rn:R00257" type="irreversible">
        <substrate name="cpd:C00857"/>
        <product name="cpd:C00003"/>
    </reaction>
    <reaction name="rn:R00189" type="irreversible">
        <substrate name="cpd:C00857"/>
        <product name="cpd:C00003"/>
    </reaction>
    <reaction name="rn:R02322" type="irreversible">
        <substrate name="cpd:C00455"/>
        <product name="cpd:C01185"/>
    </reaction>
    <reaction name="rn:R01724" type="reversible">
        <substrate name="cpd:C01185"/>
        <product name="cpd:C00253"/>
    </reaction>
    <reaction name="rn:R01268" type="irreversible">
        <substrate name="cpd:C00153"/>
        <product name="cpd:C00253"/>
    </reaction>
    <reaction name="rn:R00118" type="irreversible">
        <substrate name="cpd:C00006"/>
        <product name="cpd:C00003"/>
    </reaction>
    <reaction name="rn:R00103" type="irreversible">
        <substrate name="cpd:C00003"/>
        <product name="cpd:C00455"/>
    </reaction>
    <reaction name="rn:R00137" type="reversible">
        <substrate name="cpd:C00455"/>
        <product name="cpd:C00003"/>
    </reaction>
    <reaction name="rn:R02323" type="irreversible">
        <substrate name="cpd:C00455"/>
        <product name="cpd:C03150"/>
    </reaction>
    <reaction name="rn:R02324" type="irreversible">
        <substrate name="cpd:C03150"/>
        <product name="cpd:C00455"/>
    </reaction>
    <reaction name="rn:R01273" type="irreversible">
        <substrate name="cpd:C03150"/>
        <product name="cpd:C00153"/>
    </reaction>
    <reaction name="rn:R02294" type="reversible">
        <substrate name="cpd:C03150"/>
        <product name="cpd:C00153"/>
    </reaction>
    <reaction name="rn:R01270" type="irreversible">
        <substrate name="cpd:C00455"/>
        <product name="cpd:C00153"/>
    </reaction>
    <reaction name="rn:R01271" type="reversible">
        <substrate name="cpd:C00455"/>
        <product name="cpd:C00153"/>
    </reaction>
    <reaction name="rn:R00102" type="irreversible">
        <substrate name="cpd:C00003"/>
        <product name="cpd:C00153"/>
    </reaction>
    <reaction name="rn:R01269" type="irreversible">
        <substrate name="cpd:C00153"/>
        <product name="cpd:C02918"/>
    </reaction>
    <reaction name="rn:R04085" type="irreversible">
        <substrate name="cpd:C02918"/>
        <product name="cpd:C05843"/>
    </reaction>
    <reaction name="rn:R00104" type="irreversible">
        <substrate name="cpd:C00003"/>
        <product name="cpd:C00006"/>
    </reaction>
    <reaction name="rn:R00112" type="reversible">
        <substrate name="cpd:C00003"/>
        <product name="cpd:C00006"/>
    </reaction>
    <reaction name="rn:R08408" type="irreversible">
        <substrate name="cpd:C02918"/>
        <product name="cpd:C05842"/>
    </reaction>
    <reaction name="rn:R02861" type="irreversible">
        <substrate name="cpd:C06178"/>
        <substrate name="cpd:C00253"/>
        <product name="cpd:C00745"/>
    </reaction>
    <reaction name="rn:R07948" type="irreversible">
        <substrate name="cpd:C03458"/>
        <product name="cpd:C16152"/>
    </reaction>
    <reaction name="rn:R07947" type="irreversible">
        <substrate name="cpd:C15986"/>
        <product name="cpd:C16151"/>
    </reaction>
</pathway>
