<?xml version="1.0"?>
<!DOCTYPE pathway SYSTEM "http://www.genome.jp/kegg/xml/KGML_v0.6.1_.dtd">
<!-- Creation date: Mar 21 2009 02:44:21 +0900 (JST) -->
<pathway name="path:map03020" org="map" number="03020"
         title="RNA polymerase"
         image="http://www.genome.jp/kegg/pathway/map/map03020.gif"
         link="http://www.genome.jp/dbget-bin/show_pathway?map03020">
    <entry id="1" name="path:map03020" type="map"
        link="http://www.genome.jp/dbget-bin/get_linkdb?pathway+map03020">
        <graphics name="TITLE:RNA polymerase" fgcolor="#000000" bgcolor="#FFFFFF"
             type="roundrectangle" x="133" y="68" width="146" height="27"/>
    </entry>
    <entry id="2" name="ko:K03043" type="ortholog"
        link="http://www.genome.jp/dbget-bin/www_bget?ko+K03043">
        <graphics name="K03043" fgcolor="#000000" bgcolor="#FFFFFF"
             type="rectangle" x="98" y="384" width="46" height="17"/>
    </entry>
    <entry id="3" name="ko:K03046" type="ortholog"
        link="http://www.genome.jp/dbget-bin/www_bget?ko+K03046">
        <graphics name="K03046" fgcolor="#000000" bgcolor="#FFFFFF"
             type="rectangle" x="98" y="401" width="46" height="17"/>
    </entry>
    <entry id="4" name="ko:K03040" type="ortholog"
        link="http://www.genome.jp/dbget-bin/www_bget?ko+K03040">
        <graphics name="K03040" fgcolor="#000000" bgcolor="#FFFFFF"
             type="rectangle" x="144" y="394" width="46" height="17"/>
    </entry>
    <entry id="5" name="ko:K03060" type="ortholog"
        link="http://www.genome.jp/dbget-bin/www_bget?ko+K03060">
        <graphics name="K03060" fgcolor="#000000" bgcolor="#FFFFFF"
             type="rectangle" x="190" y="394" width="46" height="17"/>
    </entry>
    <entry id="6" name="ko:K03010" type="ortholog"
        link="http://www.genome.jp/dbget-bin/www_bget?ko+K03010">
        <graphics name="K03010" fgcolor="#000000" bgcolor="#FFFFFF"
             type="rectangle" x="420" y="384" width="46" height="17"/>
    </entry>
    <entry id="7" name="ko:K03006" type="ortholog"
        link="http://www.genome.jp/dbget-bin/www_bget?ko+K03006">
        <graphics name="K03006" fgcolor="#000000" bgcolor="#FFFFFF"
             type="rectangle" x="420" y="401" width="46" height="17"/>
    </entry>
    <entry id="8" name="ko:K03011" type="ortholog"
        link="http://www.genome.jp/dbget-bin/www_bget?ko+K03011">
        <graphics name="K03011" fgcolor="#000000" bgcolor="#FFFFFF"
             type="rectangle" x="466" y="393" width="46" height="17"/>
    </entry>
    <entry id="9" name="ko:K03012" type="ortholog"
        link="http://www.genome.jp/dbget-bin/www_bget?ko+K03012">
        <graphics name="K03012" fgcolor="#000000" bgcolor="#FFFFFF"
             type="rectangle" x="512" y="393" width="46" height="17"/>
    </entry>
    <entry id="10" name="ko:K03013" type="ortholog"
        link="http://www.genome.jp/dbget-bin/www_bget?ko+K03013">
        <graphics name="K03013" fgcolor="#000000" bgcolor="#FFFFFF"
             type="rectangle" x="558" y="393" width="46" height="17"/>
    </entry>
    <entry id="11" name="ko:K03014" type="ortholog"
        link="http://www.genome.jp/dbget-bin/www_bget?ko+K03014">
        <graphics name="K03014" fgcolor="#000000" bgcolor="#FFFFFF"
             type="rectangle" x="604" y="393" width="46" height="17"/>
    </entry>
    <entry id="12" name="ko:K03015" type="ortholog"
        link="http://www.genome.jp/dbget-bin/www_bget?ko+K03015">
        <graphics name="K03015" fgcolor="#000000" bgcolor="#FFFFFF"
             type="rectangle" x="650" y="393" width="46" height="17"/>
    </entry>
    <entry id="13" name="ko:K03016" type="ortholog"
        link="http://www.genome.jp/dbget-bin/www_bget?ko+K03016">
        <graphics name="K03016" fgcolor="#000000" bgcolor="#FFFFFF"
             type="rectangle" x="466" y="410" width="46" height="17"/>
    </entry>
    <entry id="14" name="ko:K03017" type="ortholog"
        link="http://www.genome.jp/dbget-bin/www_bget?ko+K03017">
        <graphics name="K03017" fgcolor="#000000" bgcolor="#FFFFFF"
             type="rectangle" x="512" y="410" width="46" height="17"/>
    </entry>
    <entry id="15" name="ko:K03007" type="ortholog"
        link="http://www.genome.jp/dbget-bin/www_bget?ko+K03007">
        <graphics name="K03007" fgcolor="#000000" bgcolor="#FFFFFF"
             type="rectangle" x="558" y="410" width="46" height="17"/>
    </entry>
    <entry id="16" name="ko:K03008" type="ortholog"
        link="http://www.genome.jp/dbget-bin/www_bget?ko+K03008">
        <graphics name="K03008" fgcolor="#000000" bgcolor="#FFFFFF"
             type="rectangle" x="604" y="410" width="46" height="17"/>
    </entry>
    <entry id="17" name="ko:K03009" type="ortholog"
        link="http://www.genome.jp/dbget-bin/www_bget?ko+K03009">
        <graphics name="K03009" fgcolor="#000000" bgcolor="#FFFFFF"
             type="rectangle" x="650" y="410" width="46" height="17"/>
    </entry>
    <entry id="18" name="ko:K03021" type="ortholog"
        link="http://www.genome.jp/dbget-bin/www_bget?ko+K03021">
        <graphics name="K03021" fgcolor="#000000" bgcolor="#FFFFFF"
             type="rectangle" x="420" y="469" width="46" height="17"/>
    </entry>
    <entry id="19" name="ko:K03018" type="ortholog"
        link="http://www.genome.jp/dbget-bin/www_bget?ko+K03018">
        <graphics name="K03018" fgcolor="#000000" bgcolor="#FFFFFF"
             type="rectangle" x="420" y="486" width="46" height="17"/>
    </entry>
    <entry id="20" name="ko:K03023" type="ortholog"
        link="http://www.genome.jp/dbget-bin/www_bget?ko+K03023">
        <graphics name="K03023" fgcolor="#000000" bgcolor="#FFFFFF"
             type="rectangle" x="466" y="478" width="46" height="17"/>
    </entry>
    <entry id="21" name="ko:K03027" type="ortholog"
        link="http://www.genome.jp/dbget-bin/www_bget?ko+K03027">
        <graphics name="K03027" fgcolor="#000000" bgcolor="#FFFFFF"
             type="rectangle" x="558" y="478" width="46" height="17"/>
    </entry>
    <entry id="22" name="ko:K03019" type="ortholog"
        link="http://www.genome.jp/dbget-bin/www_bget?ko+K03019">
        <graphics name="K03019" fgcolor="#000000" bgcolor="#FFFFFF"
             type="rectangle" x="604" y="478" width="46" height="17"/>
    </entry>
    <entry id="23" name="ko:K03020" type="ortholog"
        link="http://www.genome.jp/dbget-bin/www_bget?ko+K03020">
        <graphics name="K03020" fgcolor="#000000" bgcolor="#FFFFFF"
             type="rectangle" x="466" y="495" width="46" height="17"/>
    </entry>
    <entry id="24" name="ko:K03022" type="ortholog"
        link="http://www.genome.jp/dbget-bin/www_bget?ko+K03022">
        <graphics name="K03022" fgcolor="#000000" bgcolor="#FFFFFF"
             type="rectangle" x="512" y="495" width="46" height="17"/>
    </entry>
    <entry id="25" name="ko:K03025" type="ortholog"
        link="http://www.genome.jp/dbget-bin/www_bget?ko+K03025">
        <graphics name="K03025" fgcolor="#000000" bgcolor="#FFFFFF"
             type="rectangle" x="604" y="495" width="46" height="17"/>
    </entry>
    <entry id="26" name="ko:K03002" type="ortholog"
        link="http://www.genome.jp/dbget-bin/www_bget?ko+K03002">
        <graphics name="K03002" fgcolor="#000000" bgcolor="#FFFFFF"
             type="rectangle" x="420" y="555" width="46" height="17"/>
    </entry>
    <entry id="27" name="ko:K02999" type="ortholog"
        link="http://www.genome.jp/dbget-bin/www_bget?ko+K02999">
        <graphics name="K02999" fgcolor="#000000" bgcolor="#FFFFFF"
             type="rectangle" x="420" y="572" width="46" height="17"/>
    </entry>
    <entry id="28" name="ko:K03000" type="ortholog"
        link="http://www.genome.jp/dbget-bin/www_bget?ko+K03000">
        <graphics name="K03000" fgcolor="#000000" bgcolor="#FFFFFF"
             type="rectangle" x="466" y="564" width="46" height="17"/>
    </entry>
    <entry id="29" name="ko:K03004" type="ortholog"
        link="http://www.genome.jp/dbget-bin/www_bget?ko+K03004">
        <graphics name="K03004" fgcolor="#000000" bgcolor="#FFFFFF"
             type="rectangle" x="604" y="564" width="46" height="17"/>
    </entry>
    <entry id="30" name="ko:K03005" type="ortholog"
        link="http://www.genome.jp/dbget-bin/www_bget?ko+K03005">
        <graphics name="K03005" fgcolor="#000000" bgcolor="#FFFFFF"
             type="rectangle" x="650" y="564" width="46" height="17"/>
    </entry>
    <entry id="31" name="ko:K03044" type="ortholog"
        link="http://www.genome.jp/dbget-bin/www_bget?ko+K03044">
        <graphics name="K03044" fgcolor="#000000" bgcolor="#FFFFFF"
             type="rectangle" x="98" y="469" width="46" height="17"/>
    </entry>
    <entry id="32" name="ko:K03045" type="ortholog"
        link="http://www.genome.jp/dbget-bin/www_bget?ko+K03045">
        <graphics name="K03045" fgcolor="#000000" bgcolor="#FFFFFF"
             type="rectangle" x="144" y="469" width="46" height="17"/>
    </entry>
    <entry id="33" name="ko:K03042" type="ortholog"
        link="http://www.genome.jp/dbget-bin/www_bget?ko+K03042">
        <graphics name="K03042" fgcolor="#000000" bgcolor="#FFFFFF"
             type="rectangle" x="98" y="486" width="46" height="17"/>
    </entry>
    <entry id="34" name="ko:K03041" type="ortholog"
        link="http://www.genome.jp/dbget-bin/www_bget?ko+K03041">
        <graphics name="K03041" fgcolor="#000000" bgcolor="#FFFFFF"
             type="rectangle" x="144" y="486" width="46" height="17"/>
    </entry>
    <entry id="35" name="ko:K03047" type="ortholog"
        link="http://www.genome.jp/dbget-bin/www_bget?ko+K03047">
        <graphics name="K03047" fgcolor="#000000" bgcolor="#FFFFFF"
             type="rectangle" x="190" y="478" width="46" height="17"/>
    </entry>
    <entry id="36" name="ko:K03055" type="ortholog"
        link="http://www.genome.jp/dbget-bin/www_bget?ko+K03055">
        <graphics name="K03055" fgcolor="#000000" bgcolor="#FFFFFF"
             type="rectangle" x="190" y="495" width="46" height="17"/>
    </entry>
    <entry id="37" name="ko:K03049" type="ortholog"
        link="http://www.genome.jp/dbget-bin/www_bget?ko+K03049">
        <graphics name="K03049" fgcolor="#000000" bgcolor="#FFFFFF"
             type="rectangle" x="236" y="478" width="46" height="17"/>
    </entry>
    <entry id="38" name="ko:K03050" type="ortholog"
        link="http://www.genome.jp/dbget-bin/www_bget?ko+K03050">
        <graphics name="K03050" fgcolor="#000000" bgcolor="#FFFFFF"
             type="rectangle" x="282" y="478" width="46" height="17"/>
    </entry>
    <entry id="39" name="ko:K03053" type="ortholog"
        link="http://www.genome.jp/dbget-bin/www_bget?ko+K03053">
        <graphics name="K03053" fgcolor="#000000" bgcolor="#FFFFFF"
             type="rectangle" x="328" y="478" width="46" height="17"/>
    </entry>
    <entry id="40" name="ko:K03056" type="ortholog"
        link="http://www.genome.jp/dbget-bin/www_bget?ko+K03056">
        <graphics name="K03056" fgcolor="#000000" bgcolor="#FFFFFF"
             type="rectangle" x="236" y="495" width="46" height="17"/>
    </entry>
    <entry id="41" name="ko:K03057" type="ortholog"
        link="http://www.genome.jp/dbget-bin/www_bget?ko+K03057">
        <graphics name="K03057" fgcolor="#000000" bgcolor="#FFFFFF"
             type="rectangle" x="282" y="495" width="46" height="17"/>
    </entry>
    <entry id="42" name="ko:K03058" type="ortholog"
        link="http://www.genome.jp/dbget-bin/www_bget?ko+K03058">
        <graphics name="K03058" fgcolor="#000000" bgcolor="#FFFFFF"
             type="rectangle" x="328" y="495" width="46" height="17"/>
    </entry>
    <entry id="43" name="ko:K03026" type="ortholog"
        link="http://www.genome.jp/dbget-bin/www_bget?ko+K03026">
        <graphics name="K03026" fgcolor="#000000" bgcolor="#FFFFFF"
             type="rectangle" x="512" y="478" width="46" height="17"/>
    </entry>
    <entry id="44" name="ko:K03024" type="ortholog"
        link="http://www.genome.jp/dbget-bin/www_bget?ko+K03024">
        <graphics name="K03024" fgcolor="#000000" bgcolor="#FFFFFF"
             type="rectangle" x="558" y="495" width="46" height="17"/>
    </entry>
    <entry id="45" name="ko:K03003" type="ortholog"
        link="http://www.genome.jp/dbget-bin/www_bget?ko+K03003">
        <graphics name="K03003" fgcolor="#000000" bgcolor="#FFFFFF"
             type="rectangle" x="558" y="564" width="46" height="17"/>
    </entry>
    <entry id="46" name="ko:K03048" type="ortholog"
        link="http://www.genome.jp/dbget-bin/www_bget?ko+K03048">
        <graphics name="K03048" fgcolor="#000000" bgcolor="#FFFFFF"
             type="rectangle" x="236" y="394" width="46" height="17"/>
    </entry>
    <entry id="47" name="ko:K03001" type="ortholog"
        link="http://www.genome.jp/dbget-bin/www_bget?ko+K03001">
        <graphics name="K03001" fgcolor="#000000" bgcolor="#FFFFFF"
             type="rectangle" x="512" y="564" width="46" height="17"/>
    </entry>
</pathway>
