<?xml version="1.0"?>
<!DOCTYPE pathway SYSTEM "http://www.genome.jp/kegg/xml/KGML_v0.6.1_.dtd">
<!-- Creation date: Jan 26 2009 18:10:08 +0900 (JST) -->
<pathway name="path:map05214" org="map" number="05214"
         title="Glioma"
         image="http://www.genome.jp/kegg/pathway/map/map05214.gif"
         link="http://www.genome.jp/dbget-bin/show_pathway?map05214">
    <entry id="1" name="ko:K04357" type="ortholog"
        link="http://www.genome.jp/dbget-bin/www_bget?ko+K04357">
        <graphics name="K04357" fgcolor="#000000" bgcolor="#FFFFFF"
             type="rectangle" x="215" y="205" width="46" height="17"/>
    </entry>
    <entry id="2" name="ko:K08774" type="ortholog"
        link="http://www.genome.jp/dbget-bin/www_bget?ko+K08774">
        <graphics name="K08774" fgcolor="#000000" bgcolor="#FFFFFF"
             type="rectangle" x="215" y="228" width="46" height="17"/>
    </entry>
    <entry id="3" name="ko:K04359" type="ortholog"
        link="http://www.genome.jp/dbget-bin/www_bget?ko+K04359">
        <graphics name="K04359" fgcolor="#000000" bgcolor="#FFFFFF"
             type="rectangle" x="215" y="255" width="46" height="17"/>
    </entry>
    <entry id="4" name="ko:K05459" type="ortholog"
        link="http://www.genome.jp/dbget-bin/www_bget?ko+K05459">
        <graphics name="K05459" fgcolor="#000000" bgcolor="#FFFFFF"
             type="rectangle" x="215" y="280" width="46" height="17"/>
    </entry>
    <entry id="5" name="ko:K04361" type="ortholog"
        link="http://www.genome.jp/dbget-bin/www_bget?ko+K04361">
        <graphics name="K04361" fgcolor="#000000" bgcolor="#FFFFFF"
             type="rectangle" x="299" y="226" width="46" height="17"/>
    </entry>
    <entry id="6" name="ko:K04363 ko:K05089" type="ortholog"
        link="http://www.genome.jp/dbget-bin/www_bget?ko+K04363+K05089">
        <graphics name="K04363..." fgcolor="#000000" bgcolor="#FFFFFF"
             type="rectangle" x="299" y="255" width="46" height="17"/>
    </entry>
    <entry id="7" name="ko:K05087" type="ortholog"
        link="http://www.genome.jp/dbget-bin/www_bget?ko+K05087">
        <graphics name="K05087" fgcolor="#000000" bgcolor="#FFFFFF"
             type="rectangle" x="299" y="280" width="46" height="17"/>
    </entry>
    <entry id="8" name="ko:K04357" type="ortholog"
        link="http://www.genome.jp/dbget-bin/www_bget?ko+K04357">
        <graphics name="K04357" fgcolor="#000000" bgcolor="#FFFFFF"
             type="rectangle" x="216" y="622" width="46" height="17"/>
    </entry>
    <entry id="9" name="ko:K08774" type="ortholog"
        link="http://www.genome.jp/dbget-bin/www_bget?ko+K08774">
        <graphics name="K08774" fgcolor="#000000" bgcolor="#FFFFFF"
             type="rectangle" x="216" y="645" width="46" height="17"/>
    </entry>
    <entry id="10" name="ko:K04359" type="ortholog"
        link="http://www.genome.jp/dbget-bin/www_bget?ko+K04359">
        <graphics name="K04359" fgcolor="#000000" bgcolor="#FFFFFF"
             type="rectangle" x="216" y="672" width="46" height="17"/>
    </entry>
    <entry id="11" name="ko:K05459" type="ortholog"
        link="http://www.genome.jp/dbget-bin/www_bget?ko+K05459">
        <graphics name="K05459" fgcolor="#000000" bgcolor="#FFFFFF"
             type="rectangle" x="216" y="697" width="46" height="17"/>
    </entry>
    <entry id="12" name="ko:K04361" type="ortholog"
        link="http://www.genome.jp/dbget-bin/www_bget?ko+K04361">
        <graphics name="K04361" fgcolor="#000000" bgcolor="#FFFFFF"
             type="rectangle" x="300" y="642" width="46" height="17"/>
    </entry>
    <entry id="13" name="ko:K04363 ko:K05089" type="ortholog"
        link="http://www.genome.jp/dbget-bin/www_bget?ko+K04363+K05089">
        <graphics name="K04363..." fgcolor="#000000" bgcolor="#FFFFFF"
             type="rectangle" x="300" y="672" width="46" height="17"/>
    </entry>
    <entry id="14" name="ko:K05087" type="ortholog"
        link="http://www.genome.jp/dbget-bin/www_bget?ko+K05087">
        <graphics name="K05087" fgcolor="#000000" bgcolor="#FFFFFF"
             type="rectangle" x="300" y="697" width="46" height="17"/>
    </entry>
    <entry id="15" name="ko:K02183" type="ortholog"
        link="http://www.genome.jp/dbget-bin/www_bget?ko+K02183">
        <graphics name="K02183" fgcolor="#000000" bgcolor="#FFFFFF"
             type="rectangle" x="535" y="171" width="46" height="17"/>
    </entry>
    <entry id="16" name="ko:K04515" type="ortholog"
        link="http://www.genome.jp/dbget-bin/www_bget?ko+K04515">
        <graphics name="K04515" fgcolor="#000000" bgcolor="#FFFFFF"
             type="rectangle" x="588" y="192" width="46" height="17"/>
    </entry>
    <entry id="17" name="ko:K02677" type="ortholog"
        link="http://www.genome.jp/dbget-bin/www_bget?ko+K02677">
        <graphics name="K02677" fgcolor="#000000" bgcolor="#FFFFFF"
             type="rectangle" x="513" y="216" width="46" height="17"/>
    </entry>
    <entry id="18" name="ko:K06279" type="ortholog"
        link="http://www.genome.jp/dbget-bin/www_bget?ko+K06279">
        <graphics name="K06279" fgcolor="#000000" bgcolor="#FFFFFF"
             type="rectangle" x="376" y="255" width="46" height="17"/>
    </entry>
    <entry id="19" name="ko:K04364" type="ortholog"
        link="http://www.genome.jp/dbget-bin/www_bget?ko+K04364">
        <graphics name="K04364" fgcolor="#000000" bgcolor="#FFFFFF"
             type="rectangle" x="448" y="255" width="46" height="17"/>
    </entry>
    <entry id="20" name="ko:K03099" type="ortholog"
        link="http://www.genome.jp/dbget-bin/www_bget?ko+K03099">
        <graphics name="K03099" fgcolor="#000000" bgcolor="#FFFFFF"
             type="rectangle" x="522" y="255" width="46" height="17"/>
    </entry>
    <entry id="21" name="ko:K04365 ko:K04366 ko:K08845" type="ortholog"
        link="http://www.genome.jp/dbget-bin/www_bget?ko+K04365+K04366+K08845">
        <graphics name="K04365..." fgcolor="#000000" bgcolor="#FFFFFF"
             type="rectangle" x="669" y="255" width="46" height="17"/>
    </entry>
    <entry id="22" name="ko:K04368 ko:K04369" type="ortholog"
        link="http://www.genome.jp/dbget-bin/www_bget?ko+K04368+K04369">
        <graphics name="K04368..." fgcolor="#000000" bgcolor="#FFFFFF"
             type="rectangle" x="742" y="255" width="46" height="17"/>
    </entry>
    <entry id="23" name="ko:K04371" type="ortholog"
        link="http://www.genome.jp/dbget-bin/www_bget?ko+K04371">
        <graphics name="K04371" fgcolor="#000000" bgcolor="#FFFFFF"
             type="rectangle" x="816" y="255" width="46" height="17"/>
    </entry>
    <entry id="24" name="ko:K00922 ko:K02649" type="ortholog"
        link="http://www.genome.jp/dbget-bin/www_bget?ko+K00922+K02649">
        <graphics name="K00922..." fgcolor="#000000" bgcolor="#FFFFFF"
             type="rectangle" x="566" y="303" width="46" height="17"/>
    </entry>
    <entry id="25" name="ko:K04456" type="ortholog"
        link="http://www.genome.jp/dbget-bin/www_bget?ko+K04456">
        <graphics name="K04456" fgcolor="#000000" bgcolor="#FFFFFF"
             type="rectangle" x="673" y="303" width="46" height="17"/>
    </entry>
    <entry id="26" name="ko:K01110" type="ortholog"
        link="http://www.genome.jp/dbget-bin/www_bget?ko+K01110">
        <graphics name="K01110" fgcolor="#000000" bgcolor="#FFFFFF"
             type="rectangle" x="590" y="347" width="46" height="17"/>
    </entry>
    <entry id="27" name="ko:K07203" type="ortholog"
        link="http://www.genome.jp/dbget-bin/www_bget?ko+K07203">
        <graphics name="K07203" fgcolor="#000000" bgcolor="#FFFFFF"
             type="rectangle" x="742" y="303" width="46" height="17"/>
    </entry>
    <entry id="28" name="ko:K06643" type="ortholog"
        link="http://www.genome.jp/dbget-bin/www_bget?ko+K06643">
        <graphics name="K06643" fgcolor="#000000" bgcolor="#FFFFFF"
             type="rectangle" x="963" y="297" width="44" height="18"/>
    </entry>
    <entry id="29" name="ko:K06621" type="ortholog"
        link="http://www.genome.jp/dbget-bin/www_bget?ko+K06621">
        <graphics name="K06621" fgcolor="#000000" bgcolor="#FFFFFF"
             type="rectangle" x="1046" y="296" width="46" height="17"/>
    </entry>
    <entry id="30" name="ko:K04451" type="ortholog"
        link="http://www.genome.jp/dbget-bin/www_bget?ko+K04451">
        <graphics name="K04451" fgcolor="#000000" bgcolor="#FFFFFF"
             type="rectangle" x="915" y="327" width="46" height="17"/>
    </entry>
    <entry id="31" name="ko:K04503" type="ortholog"
        link="http://www.genome.jp/dbget-bin/www_bget?ko+K04503">
        <graphics name="K04503" fgcolor="#000000" bgcolor="#FFFFFF"
             type="rectangle" x="979" y="419" width="46" height="17"/>
    </entry>
    <entry id="32" name="ko:K02089 ko:K02091" type="ortholog"
        link="http://www.genome.jp/dbget-bin/www_bget?ko+K02089+K02091">
        <graphics name="K02089..." fgcolor="#000000" bgcolor="#FFFFFF"
             type="rectangle" x="979" y="436" width="46" height="17"/>
    </entry>
    <entry id="33" name="ko:K06621" type="ortholog"
        link="http://www.genome.jp/dbget-bin/www_bget?ko+K06621">
        <graphics name="K06621" fgcolor="#000000" bgcolor="#FFFFFF"
             type="rectangle" x="916" y="461" width="46" height="17"/>
    </entry>
    <entry id="34" name="ko:K06618" type="ortholog"
        link="http://www.genome.jp/dbget-bin/www_bget?ko+K06618">
        <graphics name="K06618" fgcolor="#000000" bgcolor="#FFFFFF"
             type="rectangle" x="1062" y="429" width="46" height="17"/>
    </entry>
    <entry id="35" name="ko:K06620 ko:K09389" type="ortholog"
        link="http://www.genome.jp/dbget-bin/www_bget?ko+K06620+K09389">
        <graphics name="K06620..." fgcolor="#000000" bgcolor="#FFFFFF"
             type="rectangle" x="1062" y="466" width="46" height="17"/>
    </entry>
    <entry id="36" name="ko:K05859" type="ortholog"
        link="http://www.genome.jp/dbget-bin/www_bget?ko+K05859">
        <graphics name="K05859" fgcolor="#000000" bgcolor="#FFFFFF"
             type="rectangle" x="372" y="612" width="46" height="17"/>
    </entry>
    <entry id="37" name="ko:K02183" type="ortholog"
        link="http://www.genome.jp/dbget-bin/www_bget?ko+K02183">
        <graphics name="K02183" fgcolor="#000000" bgcolor="#FFFFFF"
             type="rectangle" x="534" y="588" width="46" height="17"/>
    </entry>
    <entry id="38" name="ko:K04515" type="ortholog"
        link="http://www.genome.jp/dbget-bin/www_bget?ko+K04515">
        <graphics name="K04515" fgcolor="#000000" bgcolor="#FFFFFF"
             type="rectangle" x="586" y="609" width="46" height="17"/>
    </entry>
    <entry id="39" name="ko:K02677" type="ortholog"
        link="http://www.genome.jp/dbget-bin/www_bget?ko+K02677">
        <graphics name="K02677" fgcolor="#000000" bgcolor="#FFFFFF"
             type="rectangle" x="511" y="633" width="46" height="17"/>
    </entry>
    <entry id="40" name="ko:K06279" type="ortholog"
        link="http://www.genome.jp/dbget-bin/www_bget?ko+K06279">
        <graphics name="K06279" fgcolor="#000000" bgcolor="#FFFFFF"
             type="rectangle" x="373" y="672" width="46" height="17"/>
    </entry>
    <entry id="41" name="ko:K04364" type="ortholog"
        link="http://www.genome.jp/dbget-bin/www_bget?ko+K04364">
        <graphics name="K04364" fgcolor="#000000" bgcolor="#FFFFFF"
             type="rectangle" x="446" y="672" width="46" height="17"/>
    </entry>
    <entry id="42" name="ko:K03099" type="ortholog"
        link="http://www.genome.jp/dbget-bin/www_bget?ko+K03099">
        <graphics name="K03099" fgcolor="#000000" bgcolor="#FFFFFF"
             type="rectangle" x="520" y="672" width="46" height="17"/>
    </entry>
    <entry id="43" name="ko:K02833 ko:K07827 ko:K07828" type="ortholog"
        link="http://www.genome.jp/dbget-bin/www_bget?ko+K02833+K07827+K07828">
        <graphics name="K02833..." fgcolor="#000000" bgcolor="#FFFFFF"
             type="rectangle" x="594" y="672" width="46" height="17"/>
    </entry>
    <entry id="44" name="ko:K04365 ko:K04366 ko:K08845" type="ortholog"
        link="http://www.genome.jp/dbget-bin/www_bget?ko+K04365+K04366+K08845">
        <graphics name="K04365..." fgcolor="#000000" bgcolor="#FFFFFF"
             type="rectangle" x="667" y="672" width="46" height="17"/>
    </entry>
    <entry id="45" name="ko:K04368 ko:K04369" type="ortholog"
        link="http://www.genome.jp/dbget-bin/www_bget?ko+K04368+K04369">
        <graphics name="K04368..." fgcolor="#000000" bgcolor="#FFFFFF"
             type="rectangle" x="740" y="672" width="46" height="17"/>
    </entry>
    <entry id="46" name="ko:K00922 ko:K02649" type="ortholog"
        link="http://www.genome.jp/dbget-bin/www_bget?ko+K00922+K02649">
        <graphics name="K00922..." fgcolor="#000000" bgcolor="#FFFFFF"
             type="rectangle" x="564" y="720" width="46" height="17"/>
    </entry>
    <entry id="47" name="ko:K04456" type="ortholog"
        link="http://www.genome.jp/dbget-bin/www_bget?ko+K04456">
        <graphics name="K04456" fgcolor="#000000" bgcolor="#FFFFFF"
             type="rectangle" x="670" y="720" width="46" height="17"/>
    </entry>
    <entry id="48" name="ko:K07203" type="ortholog"
        link="http://www.genome.jp/dbget-bin/www_bget?ko+K07203">
        <graphics name="K07203" fgcolor="#000000" bgcolor="#FFFFFF"
             type="rectangle" x="740" y="720" width="46" height="17"/>
    </entry>
    <entry id="49" name="ko:K04503" type="ortholog"
        link="http://www.genome.jp/dbget-bin/www_bget?ko+K04503">
        <graphics name="K04503" fgcolor="#000000" bgcolor="#FFFFFF"
             type="rectangle" x="925" y="768" width="46" height="17"/>
    </entry>
    <entry id="50" name="ko:K02089 ko:K02091" type="ortholog"
        link="http://www.genome.jp/dbget-bin/www_bget?ko+K02089+K02091">
        <graphics name="K02089..." fgcolor="#000000" bgcolor="#FFFFFF"
             type="rectangle" x="925" y="785" width="46" height="17"/>
    </entry>
    <entry id="51" name="ko:K06618" type="ortholog"
        link="http://www.genome.jp/dbget-bin/www_bget?ko+K06618">
        <graphics name="K06618" fgcolor="#000000" bgcolor="#FFFFFF"
             type="rectangle" x="1008" y="778" width="46" height="17"/>
    </entry>
    <entry id="52" name="ko:K06620 ko:K09389" type="ortholog"
        link="http://www.genome.jp/dbget-bin/www_bget?ko+K06620+K09389">
        <graphics name="K06620..." fgcolor="#000000" bgcolor="#FFFFFF"
             type="rectangle" x="1008" y="816" width="46" height="17"/>
    </entry>
    <entry id="53" name="ko:K05859" type="ortholog"
        link="http://www.genome.jp/dbget-bin/www_bget?ko+K05859">
        <graphics name="K05859" fgcolor="#000000" bgcolor="#FFFFFF"
             type="rectangle" x="374" y="195" width="46" height="17"/>
    </entry>
    <entry id="54" name="ko:K02833 ko:K07827 ko:K07828" type="ortholog"
        link="http://www.genome.jp/dbget-bin/www_bget?ko+K02833+K07827+K07828">
        <graphics name="K02833..." fgcolor="#000000" bgcolor="#FFFFFF"
             type="rectangle" x="595" y="255" width="46" height="17"/>
    </entry>
    <entry id="55" name="ko:K06625" type="ortholog"
        link="http://www.genome.jp/dbget-bin/www_bget?ko+K06625">
        <graphics name="K06625" fgcolor="#000000" bgcolor="#FFFFFF"
             type="rectangle" x="915" y="393" width="46" height="17"/>
    </entry>
    <entry id="56" name="ko:K00922 ko:K04371" type="ortholog"
        link="http://www.genome.jp/dbget-bin/www_bget?ko+K00922+K04371">
        <graphics name="K00922..." fgcolor="#000000" bgcolor="#FFFFFF"
             type="rectangle" x="813" y="672" width="46" height="17"/>
    </entry>
    <entry id="57" name="ko:K04451" type="ortholog"
        link="http://www.genome.jp/dbget-bin/www_bget?ko+K04451">
        <graphics name="K04451" fgcolor="#000000" bgcolor="#FFFFFF"
             type="rectangle" x="1015" y="600" width="46" height="17"/>
    </entry>
    <entry id="58" name="ko:K01110" type="ortholog"
        link="http://www.genome.jp/dbget-bin/www_bget?ko+K01110">
        <graphics name="K01110" fgcolor="#000000" bgcolor="#FFFFFF"
             type="rectangle" x="435" y="871" width="46" height="17"/>
    </entry>
    <entry id="59" name="path:map04060" type="map"
        link="http://www.genome.jp/kegg/pathway/map/map04060.html">
        <graphics name="Cytokine-cytokine receptor interaction" fgcolor="#000000" bgcolor="#FFFFFF"
             type="roundrectangle" x="219" y="325" width="104" height="34"/>
    </entry>
    <entry id="60" name="path:map04012" type="map"
        link="http://www.genome.jp/kegg/pathway/map/map04012.html">
        <graphics name="ErbB signaling pathway" fgcolor="#000000" bgcolor="#FFFFFF"
             type="roundrectangle" x="396" y="326" width="104" height="34"/>
    </entry>
    <entry id="61" name="path:map04020" type="map"
        link="http://www.genome.jp/kegg/pathway/map/map04020.html">
        <graphics name="Calcium signaling pathway" fgcolor="#000000" bgcolor="#FFFFFF"
             type="roundrectangle" x="683" y="177" width="104" height="34"/>
    </entry>
    <entry id="62" name="path:map04115" type="map"
        link="http://www.genome.jp/kegg/pathway/map/map04115.html">
        <graphics name="p53 signaling pathway" fgcolor="#000000" bgcolor="#FFFFFF"
             type="roundrectangle" x="1061" y="556" width="104" height="34"/>
    </entry>
    <entry id="63" name="path:map04020" type="map"
        link="http://www.genome.jp/kegg/pathway/map/map04020.html">
        <graphics name="Calcium signaling pathway" fgcolor="#000000" bgcolor="#FFFFFF"
             type="roundrectangle" x="682" y="595" width="104" height="34"/>
    </entry>
    <entry id="64" name="path:map04010" type="map"
        link="http://www.genome.jp/kegg/pathway/map/map04010.html">
        <graphics name="MAPK signaling pathway" fgcolor="#000000" bgcolor="#FFFFFF"
             type="roundrectangle" x="798" y="594" width="104" height="34"/>
    </entry>
    <entry id="65" name="path:map04150" type="map"
        link="http://www.genome.jp/kegg/pathway/map/map04150.html">
        <graphics name="mTOR signaling pathway" fgcolor="#000000" bgcolor="#FFFFFF"
             type="roundrectangle" x="769" y="763" width="104" height="34"/>
    </entry>
    <entry id="66" name="path:map04110" type="map"
        link="http://www.genome.jp/kegg/pathway/map/map04110.html">
        <graphics name="Cell cycle" fgcolor="#000000" bgcolor="#FFFFFF"
             type="roundrectangle" x="1094" y="758" width="104" height="25"/>
    </entry>
    <entry id="67" name="path:map04010" type="map"
        link="http://www.genome.jp/kegg/pathway/map/map04010.html">
        <graphics name="MAPK signaling pathway" fgcolor="#000000" bgcolor="#FFFFFF"
             type="roundrectangle" x="799" y="178" width="104" height="34"/>
    </entry>
    <entry id="68" name="path:map04150" type="map"
        link="http://www.genome.jp/kegg/pathway/map/map04150.html">
        <graphics name="mTOR signaling pathway" fgcolor="#000000" bgcolor="#FFFFFF"
             type="roundrectangle" x="769" y="345" width="104" height="34"/>
    </entry>
    <entry id="69" name="path:map04110" type="map"
        link="http://www.genome.jp/kegg/pathway/map/map04110.html">
        <graphics name="Cell cycle" fgcolor="#000000" bgcolor="#FFFFFF"
             type="roundrectangle" x="1060" y="361" width="104" height="25"/>
    </entry>
    <entry id="70" name="cpd:C01245" type="compound"
        link="http://www.genome.jp/dbget-bin/www_bget?compound+C01245">
        <graphics name="C01245" fgcolor="#000000" bgcolor="#FFFFFF"
             type="circle" x="431" y="170" width="8" height="8"/>
    </entry>
    <entry id="71" name="cpd:C00076" type="compound"
        link="http://www.genome.jp/dbget-bin/www_bget?compound+C00076">
        <graphics name="C00076" fgcolor="#000000" bgcolor="#FFFFFF"
             type="circle" x="475" y="170" width="8" height="8"/>
    </entry>
    <entry id="72" name="cpd:C00165" type="compound"
        link="http://www.genome.jp/dbget-bin/www_bget?compound+C00165">
        <graphics name="C00165" fgcolor="#000000" bgcolor="#FFFFFF"
             type="circle" x="433" y="215" width="8" height="8"/>
    </entry>
    <entry id="73" name="cpd:C05981" type="compound"
        link="http://www.genome.jp/dbget-bin/www_bget?compound+C05981">
        <graphics name="C05981" fgcolor="#000000" bgcolor="#FFFFFF"
             type="circle" x="620" y="302" width="8" height="8"/>
    </entry>
    <entry id="74" name="cpd:C01245" type="compound"
        link="http://www.genome.jp/dbget-bin/www_bget?compound+C01245">
        <graphics name="C01245" fgcolor="#000000" bgcolor="#FFFFFF"
             type="circle" x="429" y="587" width="8" height="8"/>
    </entry>
    <entry id="75" name="cpd:C00076" type="compound"
        link="http://www.genome.jp/dbget-bin/www_bget?compound+C00076">
        <graphics name="C00076" fgcolor="#000000" bgcolor="#FFFFFF"
             type="circle" x="470" y="587" width="8" height="8"/>
    </entry>
    <entry id="76" name="cpd:C00165" type="compound"
        link="http://www.genome.jp/dbget-bin/www_bget?compound+C00165">
        <graphics name="C00165" fgcolor="#000000" bgcolor="#FFFFFF"
             type="circle" x="430" y="632" width="8" height="8"/>
    </entry>
    <entry id="77" name="cpd:C05981" type="compound"
        link="http://www.genome.jp/dbget-bin/www_bget?compound+C05981">
        <graphics name="C05981" fgcolor="#000000" bgcolor="#FFFFFF"
             type="circle" x="619" y="719" width="8" height="8"/>
    </entry>
    <entry id="78" name="path:map05214" type="map"
        link="http://www.genome.jp/dbget-bin/get_linkdb?pathway+map05214">
        <graphics name="TITLE:Glioma" fgcolor="#000000" bgcolor="#FFFFFF"
             type="roundrectangle" x="106" y="67" width="92" height="25"/>
    </entry>
    <entry id="79" name="undefined" type="group">
        <graphics fgcolor="#000000" bgcolor="#FFFFFF"
             type="rectangle" x="979" y="428" width="66" height="54"/>
        <component id="31"/>
        <component id="32"/>
    </entry>
    <entry id="80" name="undefined" type="group">
        <graphics fgcolor="#000000" bgcolor="#FFFFFF"
             type="rectangle" x="925" y="777" width="66" height="54"/>
        <component id="49"/>
        <component id="50"/>
    </entry>
    <relation entry1="1" entry2="5" type="PPrel">
        <subtype name="activation" value="-->"/>
    </relation>
    <relation entry1="2" entry2="5" type="PPrel">
        <subtype name="activation" value="-->"/>
    </relation>
    <relation entry1="3" entry2="6" type="PPrel">
        <subtype name="activation" value="-->"/>
    </relation>
    <relation entry1="4" entry2="7" type="PPrel">
        <subtype name="activation" value="-->"/>
    </relation>
    <relation entry1="8" entry2="12" type="PPrel">
        <subtype name="activation" value="-->"/>
    </relation>
    <relation entry1="9" entry2="12" type="PPrel">
        <subtype name="activation" value="-->"/>
    </relation>
    <relation entry1="10" entry2="13" type="PPrel">
        <subtype name="activation" value="-->"/>
    </relation>
    <relation entry1="11" entry2="14" type="PPrel">
        <subtype name="activation" value="-->"/>
    </relation>
    <relation entry1="53" entry2="70" type="PCrel">
        <subtype name="activation" value="-->"/>
    </relation>
    <relation entry1="71" entry2="15" type="PCrel">
        <subtype name="activation" value="-->"/>
    </relation>
    <relation entry1="15" entry2="16" type="PPrel">
        <subtype name="activation" value="-->"/>
    </relation>
    <relation entry1="71" entry2="17" type="PCrel">
        <subtype name="activation" value="-->"/>
    </relation>
    <relation entry1="53" entry2="72" type="PCrel">
        <subtype name="activation" value="-->"/>
    </relation>
    <relation entry1="72" entry2="17" type="PCrel">
        <subtype name="activation" value="-->"/>
    </relation>
    <relation entry1="18" entry2="19" type="PPrel">
        <subtype name="activation" value="-->"/>
    </relation>
    <relation entry1="19" entry2="20" type="PPrel">
        <subtype name="activation" value="-->"/>
    </relation>
    <relation entry1="20" entry2="54" type="PPrel">
        <subtype name="activation" value="-->"/>
    </relation>
    <relation entry1="17" entry2="54" type="PPrel">
        <subtype name="activation" value="-->"/>
        <subtype name="indirect" value="..>"/>
    </relation>
    <relation entry1="54" entry2="21" type="PPrel">
        <subtype name="activation" value="-->"/>
    </relation>
    <relation entry1="54" entry2="24" type="PPrel">
        <subtype name="activation" value="-->"/>
    </relation>
    <relation entry1="24" entry2="73" type="PCrel">
        <subtype name="activation" value="-->"/>
    </relation>
    <relation entry1="73" entry2="25" type="PCrel">
        <subtype name="activation" value="-->"/>
    </relation>
    <relation entry1="74" entry2="36" type="PCrel">
        <subtype name="activation" value="-->"/>
    </relation>
    <relation entry1="75" entry2="37" type="PCrel">
        <subtype name="activation" value="-->"/>
    </relation>
    <relation entry1="37" entry2="38" type="PPrel">
        <subtype name="activation" value="-->"/>
    </relation>
    <relation entry1="75" entry2="39" type="PCrel">
        <subtype name="activation" value="-->"/>
    </relation>
    <relation entry1="36" entry2="76" type="PCrel">
        <subtype name="activation" value="-->"/>
    </relation>
    <relation entry1="76" entry2="39" type="PCrel">
        <subtype name="activation" value="-->"/>
    </relation>
    <relation entry1="40" entry2="41" type="PPrel">
        <subtype name="activation" value="-->"/>
    </relation>
    <relation entry1="41" entry2="42" type="PPrel">
        <subtype name="activation" value="-->"/>
    </relation>
    <relation entry1="42" entry2="43" type="PPrel">
        <subtype name="activation" value="-->"/>
    </relation>
    <relation entry1="43" entry2="44" type="PPrel">
        <subtype name="activation" value="-->"/>
    </relation>
    <relation entry1="43" entry2="46" type="PPrel">
        <subtype name="activation" value="-->"/>
    </relation>
    <relation entry1="39" entry2="43" type="PPrel">
        <subtype name="activation" value="-->"/>
        <subtype name="indirect" value="..>"/>
    </relation>
    <relation entry1="21" entry2="22" type="PPrel">
        <subtype name="activation" value="-->"/>
        <subtype name="phosphorylation" value="+p"/>
    </relation>
    <relation entry1="22" entry2="23" type="PPrel">
        <subtype name="activation" value="-->"/>
        <subtype name="phosphorylation" value="+p"/>
    </relation>
    <relation entry1="25" entry2="27" type="PPrel">
        <subtype name="activation" value="-->"/>
        <subtype name="phosphorylation" value="+p"/>
    </relation>
    <relation entry1="79" entry2="34" type="PPrel">
        <subtype name="activation" value="-->"/>
        <subtype name="phosphorylation" value="+p"/>
    </relation>
    <relation entry1="44" entry2="45" type="PPrel">
        <subtype name="activation" value="-->"/>
        <subtype name="phosphorylation" value="+p"/>
    </relation>
    <relation entry1="45" entry2="56" type="PPrel">
        <subtype name="activation" value="-->"/>
        <subtype name="phosphorylation" value="+p"/>
    </relation>
    <relation entry1="47" entry2="48" type="PPrel">
        <subtype name="activation" value="-->"/>
        <subtype name="phosphorylation" value="+p"/>
    </relation>
    <relation entry1="80" entry2="51" type="PPrel">
        <subtype name="activation" value="-->"/>
        <subtype name="phosphorylation" value="+p"/>
    </relation>
    <relation entry1="28" entry2="30" type="PPrel">
        <subtype name="inhibition" value="--|"/>
    </relation>
    <relation entry1="26" entry2="73" type="PCrel">
        <subtype name="missing" value="-/>"/>
    </relation>
    <relation entry1="29" entry2="28" type="PPrel">
        <subtype name="missing" value="-/>"/>
    </relation>
    <relation entry1="33" entry2="79" type="PPrel">
        <subtype name="missing" value="-/>"/>
    </relation>
    <relation entry1="58" entry2="77" type="PCrel">
        <subtype name="missing" value="-/>"/>
    </relation>
    <relation entry1="16" entry2="54" type="PPrel">
        <subtype name="activation" value="-->"/>
        <subtype name="indirect" value="..>"/>
    </relation>
    <relation entry1="38" entry2="43" type="PPrel">
        <subtype name="activation" value="-->"/>
        <subtype name="indirect" value="..>"/>
    </relation>
    <relation entry1="34" entry2="35" type="PPrel">
        <subtype name="dissociation" value="-+-"/>
    </relation>
    <relation entry1="51" entry2="52" type="PPrel">
        <subtype name="dissociation" value="-+-"/>
    </relation>
    <relation entry1="5" entry2="53" type="PPrel">
        <subtype name="activation" value="-->"/>
        <subtype name="phosphorylation" value="+p"/>
    </relation>
    <relation entry1="6" entry2="53" type="PPrel">
        <subtype name="activation" value="-->"/>
        <subtype name="phosphorylation" value="+p"/>
    </relation>
    <relation entry1="7" entry2="53" type="PPrel">
        <subtype name="activation" value="-->"/>
        <subtype name="phosphorylation" value="+p"/>
    </relation>
    <relation entry1="5" entry2="18" type="PPrel">
        <subtype name="activation" value="-->"/>
        <subtype name="phosphorylation" value="+p"/>
    </relation>
    <relation entry1="6" entry2="18" type="PPrel">
        <subtype name="activation" value="-->"/>
        <subtype name="phosphorylation" value="+p"/>
    </relation>
    <relation entry1="7" entry2="18" type="PPrel">
        <subtype name="activation" value="-->"/>
        <subtype name="phosphorylation" value="+p"/>
    </relation>
    <relation entry1="12" entry2="36" type="PPrel">
        <subtype name="activation" value="-->"/>
        <subtype name="phosphorylation" value="+p"/>
    </relation>
    <relation entry1="13" entry2="36" type="PPrel">
        <subtype name="activation" value="-->"/>
        <subtype name="phosphorylation" value="+p"/>
    </relation>
    <relation entry1="14" entry2="36" type="PPrel">
        <subtype name="activation" value="-->"/>
        <subtype name="phosphorylation" value="+p"/>
    </relation>
    <relation entry1="12" entry2="40" type="PPrel">
        <subtype name="activation" value="-->"/>
        <subtype name="phosphorylation" value="+p"/>
    </relation>
    <relation entry1="13" entry2="40" type="PPrel">
        <subtype name="activation" value="-->"/>
        <subtype name="phosphorylation" value="+p"/>
    </relation>
    <relation entry1="14" entry2="40" type="PPrel">
        <subtype name="activation" value="-->"/>
        <subtype name="phosphorylation" value="+p"/>
    </relation>
    <relation entry1="5" entry2="24" type="PPrel">
        <subtype name="activation" value="-->"/>
    </relation>
    <relation entry1="6" entry2="24" type="PPrel">
        <subtype name="activation" value="-->"/>
    </relation>
    <relation entry1="7" entry2="24" type="PPrel">
        <subtype name="activation" value="-->"/>
    </relation>
    <relation entry1="12" entry2="46" type="PPrel">
        <subtype name="activation" value="-->"/>
    </relation>
    <relation entry1="13" entry2="46" type="PPrel">
        <subtype name="activation" value="-->"/>
    </relation>
    <relation entry1="14" entry2="46" type="PPrel">
        <subtype name="activation" value="-->"/>
    </relation>
    <relation entry1="55" entry2="79" type="PPrel">
        <subtype name="inhibition" value="--|"/>
    </relation>
    <relation entry1="30" entry2="55" type="GErel">
        <subtype name="expression" value="-->"/>
    </relation>
</pathway>
