<?xml version="1.0"?>
<!DOCTYPE pathway SYSTEM "http://www.genome.jp/kegg/xml/KGML_v0.6.1_.dtd">
<!-- Creation date: Feb 21 2009 02:20:57 +0900 (JST) -->
<pathway name="path:map00730" org="map" number="00730"
         title="Thiamine metabolism"
         image="http://www.genome.jp/kegg/pathway/map/map00730.gif"
         link="http://www.genome.jp/dbget-bin/show_pathway?map00730">
    <entry id="1" name="cpd:C00037" type="compound"
        link="http://www.genome.jp/dbget-bin/www_bget?compound+C00037">
        <graphics name="C00037" fgcolor="#000000" bgcolor="#FFFFFF"
             type="circle" x="615" y="248" width="8" height="8"/>
    </entry>
    <entry id="2" name="cpd:C00082" type="compound"
        link="http://www.genome.jp/dbget-bin/www_bget?compound+C00082">
        <graphics name="C00082" fgcolor="#000000" bgcolor="#FFFFFF"
             type="circle" x="549" y="301" width="8" height="8"/>
    </entry>
    <entry id="3" name="cpd:C15809" type="compound"
        link="http://www.genome.jp/dbget-bin/www_bget?compound+C15809">
        <graphics name="C15809" fgcolor="#000000" bgcolor="#FFFFFF"
             type="circle" x="615" y="319" width="8" height="8"/>
    </entry>
    <entry id="4" name="cpd:C11437" type="compound"
        link="http://www.genome.jp/dbget-bin/www_bget?compound+C11437">
        <graphics name="C11437" fgcolor="#000000" bgcolor="#FFFFFF"
             type="circle" x="469" y="320" width="8" height="8"/>
    </entry>
    <entry id="5" name="cpd:C15815" type="compound"
        link="http://www.genome.jp/dbget-bin/www_bget?compound+C15815">
        <graphics name="C15815" fgcolor="#000000" bgcolor="#FFFFFF"
             type="circle" x="516" y="271" width="8" height="8"/>
    </entry>
    <entry id="6" name="cpd:C15814" type="compound"
        link="http://www.genome.jp/dbget-bin/www_bget?compound+C15814">
        <graphics name="C15814" fgcolor="#000000" bgcolor="#FFFFFF"
             type="circle" x="368" y="271" width="8" height="8"/>
    </entry>
    <entry id="7" name="cpd:C15813" type="compound"
        link="http://www.genome.jp/dbget-bin/www_bget?compound+C15813">
        <graphics name="C15813" fgcolor="#000000" bgcolor="#FFFFFF"
             type="circle" x="243" y="271" width="8" height="8"/>
    </entry>
    <entry id="8" name="cpd:C15812" type="compound"
        link="http://www.genome.jp/dbget-bin/www_bget?compound+C15812">
        <graphics name="C15812" fgcolor="#000000" bgcolor="#FFFFFF"
             type="circle" x="292" y="233" width="8" height="8"/>
    </entry>
    <entry id="9" name="cpd:C15811" type="compound"
        link="http://www.genome.jp/dbget-bin/www_bget?compound+C15811">
        <graphics name="C15811" fgcolor="#000000" bgcolor="#FFFFFF"
             type="circle" x="195" y="232" width="8" height="8"/>
    </entry>
    <entry id="10" name="cpd:C00097" type="compound"
        link="http://www.genome.jp/dbget-bin/www_bget?compound+C00097">
        <graphics name="C00097" fgcolor="#000000" bgcolor="#FFFFFF"
             type="circle" x="216" y="204" width="8" height="8"/>
    </entry>
    <entry id="11" name="cpd:C15810" type="compound"
        link="http://www.genome.jp/dbget-bin/www_bget?compound+C15810">
        <graphics name="C15810" fgcolor="#000000" bgcolor="#FFFFFF"
             type="circle" x="125" y="270" width="8" height="8"/>
    </entry>
    <entry id="12" name="path:map00260" type="map"
        link="http://www.genome.jp/kegg/pathway/map/map00260.html">
        <graphics name="Glycine, serine and threonine metabolism" fgcolor="#000000" bgcolor="#FFFFFF"
             type="roundrectangle" x="583" y="183" width="115" height="26"/>
    </entry>
    <entry id="13" name="path:map00400" type="map"
        link="http://www.genome.jp/kegg/pathway/map/map00400.html">
        <graphics name="Phenylalanine, tyrosine and tryptophan biosynthesis" fgcolor="#000000" bgcolor="#FFFFFF"
             type="roundrectangle" x="547" y="214" width="129" height="25"/>
    </entry>
    <entry id="14" name="path:map00100" type="map"
        link="http://www.genome.jp/kegg/pathway/map/map00100.html">
        <graphics name="Biosynthesis of steroids" fgcolor="#000000" bgcolor="#FFFFFF"
             type="roundrectangle" x="312" y="319" width="137" height="25"/>
    </entry>
    <entry id="15" name="path:map00272" type="map"
        link="http://www.genome.jp/kegg/pathway/map/map00272.html">
        <graphics name="Cysteine metabolism" fgcolor="#000000" bgcolor="#FFFFFF"
             type="roundrectangle" x="102" y="204" width="123" height="25"/>
    </entry>
    <entry id="16" name="ko:K03149" type="ortholog" reaction="rn:R07465"
        link="http://www.genome.jp/dbget-bin/www_bget?ko+K03149">
        <graphics name="K03149" fgcolor="#000000" bgcolor="#FFFFFF"
             type="rectangle" x="588" y="347" width="46" height="17"/>
    </entry>
    <entry id="17" name="ko:K03149" type="ortholog" reaction="rn:R07464"
        link="http://www.genome.jp/dbget-bin/www_bget?ko+K03149">
        <graphics name="K03149" fgcolor="#000000" bgcolor="#FFFFFF"
             type="rectangle" x="539" y="347" width="46" height="17"/>
    </entry>
    <entry id="18" name="ko:K03150" type="ortholog" reaction="rn:R07464"
        link="http://www.genome.jp/dbget-bin/www_bget?ko+K03150">
        <graphics name="K03150" fgcolor="#000000" bgcolor="#FFFFFF"
             type="rectangle" x="493" y="347" width="46" height="17"/>
    </entry>
    <entry id="19" name="ko:K03153" type="ortholog" reaction="rn:R07463"
        link="http://www.genome.jp/dbget-bin/www_bget?ko+K03153">
        <graphics name="K03153" fgcolor="#000000" bgcolor="#FFFFFF"
             type="rectangle" x="616" y="278" width="46" height="17"/>
    </entry>
    <entry id="20" name="ko:K03148" type="ortholog" reaction="rn:R07462"
        link="http://www.genome.jp/dbget-bin/www_bget?ko+K03148">
        <graphics name="K03148" fgcolor="#000000" bgcolor="#FFFFFF"
             type="rectangle" x="453" y="269" width="46" height="17"/>
    </entry>
    <entry id="21" name="ko:K03151" type="ortholog" reaction="rn:R07461"
        link="http://www.genome.jp/dbget-bin/www_bget?ko+K03151">
        <graphics name="K03151" fgcolor="#000000" bgcolor="#FFFFFF"
             type="rectangle" x="324" y="271" width="46" height="17"/>
    </entry>
    <entry id="22" name="ko:K04487 ko:K11717" type="ortholog" reaction="rn:R07460"
        link="http://www.genome.jp/dbget-bin/www_bget?ko+K04487+K11717">
        <graphics name="K04487..." fgcolor="#000000" bgcolor="#FFFFFF"
             type="rectangle" x="246" y="232" width="46" height="17"/>
    </entry>
    <entry id="23" name="ko:K03148" type="ortholog" reaction="rn:R07459"
        link="http://www.genome.jp/dbget-bin/www_bget?ko+K03148">
        <graphics name="K03148" fgcolor="#000000" bgcolor="#FFFFFF"
             type="rectangle" x="181" y="270" width="46" height="17"/>
    </entry>
    <entry id="24" name="ko:K03147" type="ortholog" reaction="rn:R03472"
        link="http://www.genome.jp/dbget-bin/www_bget?ko+K03147">
        <graphics name="K03147" fgcolor="#000000" bgcolor="#FFFFFF"
             type="rectangle" x="343" y="156" width="46" height="17"/>
    </entry>
    <entry id="25" name="path:map00730" type="map"
        link="http://www.genome.jp/dbget-bin/get_linkdb?pathway+map00730">
        <graphics name="TITLE:Thiamine metabolism" fgcolor="#000000" bgcolor="#FFFFFF"
             type="roundrectangle" x="512" y="68" width="188" height="27"/>
    </entry>
    <entry id="26" name="path:map00010" type="map"
        link="http://www.genome.jp/kegg/pathway/map/map00010.html">
        <graphics name="Glycolysis / Gluconeogenesis" fgcolor="#000000" bgcolor="#FFFFFF"
             type="roundrectangle" x="159" y="400" width="71" height="25"/>
    </entry>
    <entry id="27" name="path:map00230" type="map"
        link="http://www.genome.jp/kegg/pathway/map/map00230.html">
        <graphics name="Purine metabolism" fgcolor="#000000" bgcolor="#FFFFFF"
             type="roundrectangle" x="176" y="157" width="115" height="26"/>
    </entry>
    <entry id="28" name="ko:K10811" type="ortholog" reaction="rn:R02863"
        link="http://www.genome.jp/dbget-bin/www_bget?ko+K10811">
        <graphics name="K10811" fgcolor="#000000" bgcolor="#FFFFFF"
             type="rectangle" x="734" y="512" width="46" height="17"/>
    </entry>
    <entry id="29" name="ec:1.1.3.23" type="enzyme" reaction="rn:R00033"
        link="http://www.genome.jp/dbget-bin/www_bget?enzyme+1.1.3.23">
        <graphics name="1.1.3.23" fgcolor="#000000" bgcolor="#FFFFFF"
             type="rectangle" x="782" y="475" width="46" height="17"/>
    </entry>
    <entry id="30" name="ko:K00949" type="ortholog" reaction="rn:R00619"
        link="http://www.genome.jp/dbget-bin/www_bget?ko+K00949">
        <graphics name="K00949" fgcolor="#000000" bgcolor="#FFFFFF"
             type="rectangle" x="841" y="443" width="46" height="17"/>
    </entry>
    <entry id="31" name="ko:K07251" type="ortholog" reaction="rn:R02134"
        link="http://www.genome.jp/dbget-bin/www_bget?ko+K07251">
        <graphics name="K07251" fgcolor="#000000" bgcolor="#FFFFFF"
             type="rectangle" x="759" y="438" width="46" height="17"/>
    </entry>
    <entry id="32" name="ko:K01112" type="ortholog" reaction="rn:R02135"
        link="http://www.genome.jp/dbget-bin/www_bget?ko+K01112">
        <graphics name="K01112" fgcolor="#000000" bgcolor="#FFFFFF"
             type="rectangle" x="710" y="438" width="46" height="17"/>
    </entry>
    <entry id="33" name="ko:K05307" type="ortholog" reaction="rn:R00618"
        link="http://www.genome.jp/dbget-bin/www_bget?ko+K05307">
        <graphics name="K05307" fgcolor="#000000" bgcolor="#FFFFFF"
             type="rectangle" x="897" y="399" width="46" height="17"/>
    </entry>
    <entry id="34" name="ko:K00949" type="ortholog" reaction="rn:R00616"
        link="http://www.genome.jp/dbget-bin/www_bget?ko+K00949">
        <graphics name="K00949" fgcolor="#000000" bgcolor="#FFFFFF"
             type="rectangle" x="897" y="366" width="46" height="17"/>
    </entry>
    <entry id="35" name="ko:K01516" type="ortholog" reaction="rn:R00615"
        link="http://www.genome.jp/dbget-bin/www_bget?ko+K01516">
        <graphics name="K01516" fgcolor="#000000" bgcolor="#FFFFFF"
             type="rectangle" x="787" y="408" width="46" height="17"/>
    </entry>
    <entry id="36" name="ko:K00946" type="ortholog" reaction="rn:R00617"
        link="http://www.genome.jp/dbget-bin/www_bget?ko+K00946">
        <graphics name="K00946" fgcolor="#000000" bgcolor="#FFFFFF"
             type="rectangle" x="787" y="389" width="46" height="17"/>
    </entry>
    <entry id="37" name="ko:K03707" type="ortholog" reaction="rn:R02133"
        link="http://www.genome.jp/dbget-bin/www_bget?ko+K03707">
        <graphics name="K03707" fgcolor="#000000" bgcolor="#FFFFFF"
             type="rectangle" x="524" y="475" width="46" height="17"/>
    </entry>
    <entry id="38" name="ko:K00788" type="ortholog" reaction="rn:R03223"
        link="http://www.genome.jp/dbget-bin/www_bget?ko+K00788">
        <graphics name="K00788" fgcolor="#000000" bgcolor="#FFFFFF"
             type="rectangle" x="684" y="401" width="46" height="17"/>
    </entry>
    <entry id="39" name="ko:K00878" type="ortholog" reaction="rn:R04448"
        link="http://www.genome.jp/dbget-bin/www_bget?ko+K00878">
        <graphics name="K00878" fgcolor="#000000" bgcolor="#FFFFFF"
             type="rectangle" x="455" y="399" width="46" height="17"/>
    </entry>
    <entry id="40" name="ko:K00941" type="ortholog" reaction="rn:R04509"
        link="http://www.genome.jp/dbget-bin/www_bget?ko+K00941">
        <graphics name="K00941" fgcolor="#000000" bgcolor="#FFFFFF"
             type="rectangle" x="583" y="156" width="46" height="17"/>
    </entry>
    <entry id="41" name="ko:K00877" type="ortholog" reaction="rn:R03471"
        link="http://www.genome.jp/dbget-bin/www_bget?ko+K00877">
        <graphics name="K00877" fgcolor="#000000" bgcolor="#FFFFFF"
             type="rectangle" x="459" y="156" width="46" height="17"/>
    </entry>
    <entry id="42" name="ec:2.7.4.15" type="enzyme" reaction="rn:R00616"
        link="http://www.genome.jp/dbget-bin/www_bget?enzyme+2.7.4.15">
        <graphics name="2.7.4.15" fgcolor="#000000" bgcolor="#FFFFFF"
             type="rectangle" x="897" y="345" width="46" height="17"/>
    </entry>
    <entry id="43" name="ec:1.1.3.23" type="enzyme" reaction="rn:R00072"
        link="http://www.genome.jp/dbget-bin/www_bget?enzyme+1.1.3.23">
        <graphics name="1.1.3.23" fgcolor="#000000" bgcolor="#FFFFFF"
             type="rectangle" x="892" y="475" width="46" height="17"/>
    </entry>
    <entry id="44" name="cpd:C03373" type="compound"
        link="http://www.genome.jp/dbget-bin/www_bget?compound+C03373">
        <graphics name="C03373" fgcolor="#000000" bgcolor="#FFFFFF"
             type="circle" x="299" y="157" width="8" height="8"/>
    </entry>
    <entry id="45" name="cpd:C01279" type="compound"
        link="http://www.genome.jp/dbget-bin/www_bget?compound+C01279">
        <graphics name="C01279" fgcolor="#000000" bgcolor="#FFFFFF"
             type="circle" x="396" y="157" width="8" height="8"/>
    </entry>
    <entry id="46" name="cpd:C04556" type="compound"
        link="http://www.genome.jp/dbget-bin/www_bget?compound+C04556">
        <graphics name="C04556" fgcolor="#000000" bgcolor="#FFFFFF"
             type="circle" x="530" y="157" width="8" height="8"/>
    </entry>
    <entry id="47" name="cpd:C04752" type="compound"
        link="http://www.genome.jp/dbget-bin/www_bget?compound+C04752">
        <graphics name="C04752" fgcolor="#000000" bgcolor="#FFFFFF"
             type="circle" x="651" y="157" width="8" height="8"/>
    </entry>
    <entry id="48" name="cpd:C00118" type="compound"
        link="http://www.genome.jp/dbget-bin/www_bget?compound+C00118">
        <graphics name="C00118" fgcolor="#000000" bgcolor="#FFFFFF"
             type="circle" x="237" y="370" width="8" height="8"/>
    </entry>
    <entry id="49" name="cpd:C00022" type="compound"
        link="http://www.genome.jp/dbget-bin/www_bget?compound+C00022">
        <graphics name="C00022" fgcolor="#000000" bgcolor="#FFFFFF"
             type="circle" x="237" y="431" width="8" height="8"/>
    </entry>
    <entry id="50" name="cpd:C04294" type="compound"
        link="http://www.genome.jp/dbget-bin/www_bget?compound+C04294">
        <graphics name="C04294" fgcolor="#000000" bgcolor="#FFFFFF"
             type="circle" x="349" y="400" width="8" height="8"/>
    </entry>
    <entry id="51" name="cpd:C04327" type="compound"
        link="http://www.genome.jp/dbget-bin/www_bget?compound+C04327">
        <graphics name="C04327" fgcolor="#000000" bgcolor="#FFFFFF"
             type="circle" x="516" y="401" width="8" height="8"/>
    </entry>
    <entry id="52" name="cpd:C01081" type="compound"
        link="http://www.genome.jp/dbget-bin/www_bget?compound+C01081">
        <graphics name="C01081" fgcolor="#000000" bgcolor="#FFFFFF"
             type="circle" x="734" y="400" width="8" height="8"/>
    </entry>
    <entry id="53" name="cpd:C02691" type="compound"
        link="http://www.genome.jp/dbget-bin/www_bget?compound+C02691">
        <graphics name="C02691" fgcolor="#000000" bgcolor="#FFFFFF"
             type="circle" x="734" y="556" width="8" height="8"/>
    </entry>
    <entry id="54" name="cpd:C02892" type="compound"
        link="http://www.genome.jp/dbget-bin/www_bget?compound+C02892">
        <graphics name="C02892" fgcolor="#000000" bgcolor="#FFFFFF"
             type="circle" x="947" y="475" width="8" height="8"/>
    </entry>
    <entry id="55" name="cpd:C00068" type="compound"
        link="http://www.genome.jp/dbget-bin/www_bget?compound+C00068">
        <graphics name="C00068" fgcolor="#000000" bgcolor="#FFFFFF"
             type="circle" x="840" y="399" width="8" height="8"/>
    </entry>
    <entry id="56" name="cpd:C03028" type="compound"
        link="http://www.genome.jp/dbget-bin/www_bget?compound+C03028">
        <graphics name="C03028" fgcolor="#000000" bgcolor="#FFFFFF"
             type="circle" x="951" y="399" width="8" height="8"/>
    </entry>
    <entry id="57" name="cpd:C00378" type="compound"
        link="http://www.genome.jp/dbget-bin/www_bget?compound+C00378">
        <graphics name="C00378" fgcolor="#000000" bgcolor="#FFFFFF"
             type="circle" x="734" y="476" width="8" height="8"/>
    </entry>
    <entry id="58" name="cpd:C05856" type="compound"
        link="http://www.genome.jp/dbget-bin/www_bget?compound+C05856">
        <graphics name="C05856" fgcolor="#000000" bgcolor="#FFFFFF"
             type="circle" x="840" y="475" width="8" height="8"/>
    </entry>
    <relation entry1="24" entry2="41" type="ECrel">
        <subtype name="compound" value="45"/>
    </relation>
    <relation entry1="24" entry2="37" type="ECrel">
        <subtype name="compound" value="45"/>
    </relation>
    <relation entry1="37" entry2="41" type="ECrel">
        <subtype name="compound" value="45"/>
    </relation>
    <relation entry1="40" entry2="41" type="ECrel">
        <subtype name="compound" value="46"/>
    </relation>
    <relation entry1="38" entry2="40" type="ECrel">
        <subtype name="compound" value="47"/>
    </relation>
    <relation entry1="32" entry2="38" type="ECrel">
        <subtype name="compound" value="52"/>
    </relation>
    <relation entry1="31" entry2="38" type="ECrel">
        <subtype name="compound" value="52"/>
    </relation>
    <relation entry1="35" entry2="38" type="ECrel">
        <subtype name="compound" value="52"/>
    </relation>
    <relation entry1="36" entry2="38" type="ECrel">
        <subtype name="compound" value="52"/>
    </relation>
    <relation entry1="32" entry2="35" type="ECrel">
        <subtype name="compound" value="52"/>
    </relation>
    <relation entry1="32" entry2="36" type="ECrel">
        <subtype name="compound" value="52"/>
    </relation>
    <relation entry1="31" entry2="35" type="ECrel">
        <subtype name="compound" value="52"/>
    </relation>
    <relation entry1="31" entry2="36" type="ECrel">
        <subtype name="compound" value="52"/>
    </relation>
    <relation entry1="33" entry2="36" type="ECrel">
        <subtype name="compound" value="55"/>
    </relation>
    <relation entry1="34" entry2="36" type="ECrel">
        <subtype name="compound" value="55"/>
    </relation>
    <relation entry1="36" entry2="42" type="ECrel">
        <subtype name="compound" value="55"/>
    </relation>
    <relation entry1="30" entry2="36" type="ECrel">
        <subtype name="compound" value="55"/>
    </relation>
    <relation entry1="33" entry2="35" type="ECrel">
        <subtype name="compound" value="55"/>
    </relation>
    <relation entry1="34" entry2="35" type="ECrel">
        <subtype name="compound" value="55"/>
    </relation>
    <relation entry1="35" entry2="42" type="ECrel">
        <subtype name="compound" value="55"/>
    </relation>
    <relation entry1="30" entry2="35" type="ECrel">
        <subtype name="compound" value="55"/>
    </relation>
    <relation entry1="30" entry2="33" type="ECrel">
        <subtype name="compound" value="55"/>
    </relation>
    <relation entry1="30" entry2="34" type="ECrel">
        <subtype name="compound" value="55"/>
    </relation>
    <relation entry1="30" entry2="42" type="ECrel">
        <subtype name="compound" value="55"/>
    </relation>
    <relation entry1="28" entry2="29" type="ECrel">
        <subtype name="compound" value="57"/>
    </relation>
    <relation entry1="29" entry2="31" type="ECrel">
        <subtype name="compound" value="57"/>
    </relation>
    <relation entry1="29" entry2="32" type="ECrel">
        <subtype name="compound" value="57"/>
    </relation>
    <relation entry1="29" entry2="37" type="ECrel">
        <subtype name="compound" value="57"/>
    </relation>
    <relation entry1="28" entry2="31" type="ECrel">
        <subtype name="compound" value="57"/>
    </relation>
    <relation entry1="28" entry2="32" type="ECrel">
        <subtype name="compound" value="57"/>
    </relation>
    <relation entry1="31" entry2="37" type="ECrel">
        <subtype name="compound" value="57"/>
    </relation>
    <relation entry1="32" entry2="37" type="ECrel">
        <subtype name="compound" value="57"/>
    </relation>
    <relation entry1="28" entry2="30" type="ECrel">
        <subtype name="compound" value="57"/>
    </relation>
    <relation entry1="29" entry2="30" type="ECrel">
        <subtype name="compound" value="57"/>
    </relation>
    <relation entry1="30" entry2="31" type="ECrel">
        <subtype name="compound" value="57"/>
    </relation>
    <relation entry1="30" entry2="32" type="ECrel">
        <subtype name="compound" value="57"/>
    </relation>
    <relation entry1="30" entry2="37" type="ECrel">
        <subtype name="compound" value="57"/>
    </relation>
    <relation entry1="18" entry2="39" type="ECrel">
        <subtype name="compound" value="51"/>
    </relation>
    <relation entry1="17" entry2="39" type="ECrel">
        <subtype name="compound" value="51"/>
    </relation>
    <relation entry1="16" entry2="39" type="ECrel">
        <subtype name="compound" value="51"/>
    </relation>
    <relation entry1="38" entry2="39" type="ECrel">
        <subtype name="compound" value="51"/>
    </relation>
    <relation entry1="18" entry2="38" type="ECrel">
        <subtype name="compound" value="51"/>
    </relation>
    <relation entry1="17" entry2="38" type="ECrel">
        <subtype name="compound" value="51"/>
    </relation>
    <relation entry1="16" entry2="38" type="ECrel">
        <subtype name="compound" value="51"/>
    </relation>
    <relation entry1="16" entry2="20" type="ECrel">
        <subtype name="compound" value="5"/>
    </relation>
    <relation entry1="17" entry2="20" type="ECrel">
        <subtype name="compound" value="5"/>
    </relation>
    <relation entry1="18" entry2="20" type="ECrel">
        <subtype name="compound" value="5"/>
    </relation>
    <relation entry1="20" entry2="21" type="ECrel">
        <subtype name="compound" value="6"/>
    </relation>
    <relation entry1="21" entry2="23" type="ECrel">
        <subtype name="compound" value="7"/>
    </relation>
    <relation entry1="21" entry2="22" type="ECrel">
        <subtype name="compound" value="8"/>
    </relation>
    <relation entry1="37" entry2="39" type="ECrel">
        <subtype name="compound" value="50"/>
    </relation>
    <relation entry1="28" entry2="39" type="ECrel">
        <subtype name="compound" value="50"/>
    </relation>
    <relation entry1="19" entry2="12" type="maplink">
        <subtype name="compound" value="1"/>
    </relation>
    <relation entry1="18" entry2="13" type="maplink">
        <subtype name="compound" value="2"/>
    </relation>
    <relation entry1="17" entry2="13" type="maplink">
        <subtype name="compound" value="2"/>
    </relation>
    <relation entry1="16" entry2="13" type="maplink">
        <subtype name="compound" value="2"/>
    </relation>
    <relation entry1="18" entry2="14" type="maplink">
        <subtype name="compound" value="4"/>
    </relation>
    <relation entry1="17" entry2="14" type="maplink">
        <subtype name="compound" value="4"/>
    </relation>
    <relation entry1="22" entry2="15" type="maplink">
        <subtype name="compound" value="10"/>
    </relation>
    <relation entry1="24" entry2="27" type="maplink">
        <subtype name="compound" value="44"/>
    </relation>
    <reaction name="rn:R07465" type="irreversible">
        <substrate name="cpd:C00082"/>
        <substrate name="cpd:C15809"/>
        <substrate name="cpd:C15815"/>
        <product name="cpd:C04327"/>
    </reaction>
    <reaction name="rn:R07464" type="irreversible">
        <substrate name="cpd:C00082"/>
        <substrate name="cpd:C11437"/>
        <substrate name="cpd:C15815"/>
        <product name="cpd:C04327"/>
    </reaction>
    <reaction name="rn:R07463" type="irreversible">
        <substrate name="cpd:C00037"/>
        <product name="cpd:C15809"/>
    </reaction>
    <reaction name="rn:R07462" type="irreversible">
        <substrate name="cpd:C15814"/>
        <product name="cpd:C15815"/>
    </reaction>
    <reaction name="rn:R07461" type="irreversible">
        <substrate name="cpd:C15812"/>
        <substrate name="cpd:C15813"/>
        <product name="cpd:C15814"/>
    </reaction>
    <reaction name="rn:R07460" type="irreversible">
        <substrate name="cpd:C15811"/>
        <substrate name="cpd:C00097"/>
        <product name="cpd:C15812"/>
    </reaction>
    <reaction name="rn:R07459" type="irreversible">
        <substrate name="cpd:C15810"/>
        <product name="cpd:C15813"/>
    </reaction>
    <reaction name="rn:R03472" type="irreversible">
        <substrate name="cpd:C03373"/>
        <product name="cpd:C01279"/>
    </reaction>
    <reaction name="rn:R02863" type="irreversible">
        <substrate name="cpd:C00378"/>
        <product name="cpd:C02691"/>
        <product name="cpd:C04294"/>
    </reaction>
    <reaction name="rn:R00033" type="irreversible">
        <substrate name="cpd:C00378"/>
        <product name="cpd:C05856"/>
    </reaction>
    <reaction name="rn:R00619" type="irreversible">
        <substrate name="cpd:C00378"/>
        <product name="cpd:C00068"/>
    </reaction>
    <reaction name="rn:R02134" type="irreversible">
        <substrate name="cpd:C00378"/>
        <product name="cpd:C01081"/>
    </reaction>
    <reaction name="rn:R02135" type="irreversible">
        <substrate name="cpd:C01081"/>
        <product name="cpd:C00378"/>
    </reaction>
    <reaction name="rn:R00618" type="irreversible">
        <substrate name="cpd:C03028"/>
        <product name="cpd:C00068"/>
    </reaction>
    <reaction name="rn:R00616" type="irreversible">
        <substrate name="cpd:C00068"/>
        <product name="cpd:C03028"/>
    </reaction>
    <reaction name="rn:R00615" type="irreversible">
        <substrate name="cpd:C00068"/>
        <product name="cpd:C01081"/>
    </reaction>
    <reaction name="rn:R00617" type="irreversible">
        <substrate name="cpd:C01081"/>
        <product name="cpd:C00068"/>
    </reaction>
    <reaction name="rn:R02133" type="irreversible">
        <substrate name="cpd:C00378"/>
        <product name="cpd:C04294"/>
        <product name="cpd:C01279"/>
    </reaction>
    <reaction name="rn:R03223" type="irreversible">
        <substrate name="cpd:C04327"/>
        <substrate name="cpd:C04752"/>
        <product name="cpd:C01081"/>
    </reaction>
    <reaction name="rn:R04448" type="irreversible">
        <substrate name="cpd:C04294"/>
        <product name="cpd:C04327"/>
    </reaction>
    <reaction name="rn:R04509" type="irreversible">
        <substrate name="cpd:C04556"/>
        <product name="cpd:C04752"/>
    </reaction>
    <reaction name="rn:R03471" type="irreversible">
        <substrate name="cpd:C01279"/>
        <product name="cpd:C04556"/>
    </reaction>
    <reaction name="rn:R00072" type="irreversible">
        <substrate name="cpd:C05856"/>
        <product name="cpd:C02892"/>
    </reaction>
</pathway>
