<?xml version="1.0"?>
<!DOCTYPE pathway SYSTEM "http://www.genome.jp/kegg/xml/KGML_v0.6.1_.dtd">
<!-- Creation date: Feb 06 2009 02:06:11 +0900 (JST) -->
<pathway name="path:map01053" org="map" number="01053"
         title="Biosynthesis of siderophore group nonribosomal peptides"
         image="http://www.genome.jp/kegg/pathway/map/map01053.gif"
         link="http://www.genome.jp/dbget-bin/show_pathway?map01053">
    <entry id="1" name="ko:K04779" type="ortholog"
        link="http://www.genome.jp/dbget-bin/www_bget?ko+K04779">
        <graphics name="K04779" fgcolor="#000000" bgcolor="#FFFFFF"
             type="rectangle" x="868" y="670" width="46" height="17"/>
    </entry>
    <entry id="2" name="ko:K01252" type="ortholog"
        link="http://www.genome.jp/dbget-bin/www_bget?ko+K01252">
        <graphics name="K01252" fgcolor="#000000" bgcolor="#FFFFFF"
             type="rectangle" x="1246" y="505" width="46" height="17"/>
    </entry>
    <entry id="3" name="ko:K04777" type="ortholog"
        link="http://www.genome.jp/dbget-bin/www_bget?ko+K04777">
        <graphics name="K04777" fgcolor="#000000" bgcolor="#FFFFFF"
             type="rectangle" x="751" y="330" width="46" height="17"/>
    </entry>
    <entry id="4" name="ko:K04777" type="ortholog"
        link="http://www.genome.jp/dbget-bin/www_bget?ko+K04777">
        <graphics name="K04777" fgcolor="#000000" bgcolor="#FFFFFF"
             type="rectangle" x="909" y="387" width="46" height="17"/>
    </entry>
    <entry id="5" name="ko:K02312" type="ortholog"
        link="http://www.genome.jp/dbget-bin/www_bget?ko+K02312">
        <graphics name="K02312" fgcolor="#000000" bgcolor="#FFFFFF"
             type="rectangle" x="868" y="651" width="46" height="17"/>
    </entry>
    <entry id="6" name="ko:K04780" type="ortholog"
        link="http://www.genome.jp/dbget-bin/www_bget?ko+K04780">
        <graphics name="K04780" fgcolor="#000000" bgcolor="#FFFFFF"
             type="rectangle" x="796" y="662" width="46" height="17"/>
    </entry>
    <entry id="7" name="ko:K04792" type="ortholog"
        link="http://www.genome.jp/dbget-bin/www_bget?ko+K04792">
        <graphics name="K04792" fgcolor="#000000" bgcolor="#FFFFFF"
             type="rectangle" x="424" y="687" width="46" height="17"/>
    </entry>
    <entry id="8" name="ko:K04791" type="ortholog"
        link="http://www.genome.jp/dbget-bin/www_bget?ko+K04791">
        <graphics name="K04791" fgcolor="#000000" bgcolor="#FFFFFF"
             type="rectangle" x="360" y="683" width="46" height="17"/>
    </entry>
    <entry id="9" name="ko:K04790" type="ortholog"
        link="http://www.genome.jp/dbget-bin/www_bget?ko+K04790">
        <graphics name="K04790" fgcolor="#000000" bgcolor="#FFFFFF"
             type="rectangle" x="360" y="664" width="46" height="17"/>
    </entry>
    <entry id="10" name="ko:K04789" type="ortholog"
        link="http://www.genome.jp/dbget-bin/www_bget?ko+K04789">
        <graphics name="K04789" fgcolor="#000000" bgcolor="#FFFFFF"
             type="rectangle" x="306" y="680" width="46" height="17"/>
    </entry>
    <entry id="11" name="ko:K04784" type="ortholog"
        link="http://www.genome.jp/dbget-bin/www_bget?ko+K04784">
        <graphics name="K04784" fgcolor="#000000" bgcolor="#FFFFFF"
             type="rectangle" x="100" y="490" width="46" height="17"/>
    </entry>
    <entry id="12" name="ko:K00216" type="ortholog" reaction="rn:R01505"
        link="http://www.genome.jp/dbget-bin/www_bget?ko+K00216">
        <graphics name="K00216" fgcolor="#000000" bgcolor="#FFFFFF"
             type="rectangle" x="982" y="268" width="46" height="17"/>
    </entry>
    <entry id="13" name="ko:K04782" type="ortholog" reaction="rn:R06602"
        link="http://www.genome.jp/dbget-bin/www_bget?ko+K04782">
        <graphics name="K04782" fgcolor="#000000" bgcolor="#FFFFFF"
             type="rectangle" x="499" y="229" width="46" height="17"/>
    </entry>
    <entry id="14" name="ko:K01851 ko:K02361 ko:K02552" type="ortholog" reaction="rn:R01717"
        link="http://www.genome.jp/dbget-bin/www_bget?ko+K01851+K02361+K02552">
        <graphics name="K01851..." fgcolor="#000000" bgcolor="#FFFFFF"
             type="rectangle" x="692" y="189" width="46" height="17"/>
    </entry>
    <entry id="15" name="up:Q9F637" type="other"
        link="http://www.genome.jp/dbget-bin/www_bget?up+Q9F637">
        <graphics name="Q9F637" fgcolor="#000000" bgcolor="#FFFFFF"
             type="rectangle" x="1046" y="693" width="46" height="17"/>
    </entry>
    <entry id="16" name="ko:K04776" type="ortholog"
        link="http://www.genome.jp/dbget-bin/www_bget?ko+K04776">
        <graphics name="K04776" fgcolor="#000000" bgcolor="#FFFFFF"
             type="rectangle" x="909" y="368" width="46" height="17"/>
    </entry>
    <entry id="17" name="ko:K04778" type="ortholog"
        link="http://www.genome.jp/dbget-bin/www_bget?ko+K04778">
        <graphics name="K04778" fgcolor="#000000" bgcolor="#FFFFFF"
             type="rectangle" x="909" y="406" width="46" height="17"/>
    </entry>
    <entry id="18" name="ko:K02363" type="ortholog"
        link="http://www.genome.jp/dbget-bin/www_bget?ko+K02363">
        <graphics name="K02363" fgcolor="#000000" bgcolor="#FFFFFF"
             type="rectangle" x="1246" y="486" width="46" height="17"/>
    </entry>
    <entry id="19" name="up:Q9F638" type="other"
        link="http://www.genome.jp/dbget-bin/www_bget?up+Q9F638">
        <graphics name="Q9F638" fgcolor="#000000" bgcolor="#FFFFFF"
             type="rectangle" x="1046" y="674" width="46" height="17"/>
    </entry>
    <entry id="20" name="ko:K04776" type="ortholog"
        link="http://www.genome.jp/dbget-bin/www_bget?ko+K04776">
        <graphics name="K04776" fgcolor="#000000" bgcolor="#FFFFFF"
             type="rectangle" x="751" y="311" width="46" height="17"/>
    </entry>
    <entry id="21" name="ko:K02364" type="ortholog"
        link="http://www.genome.jp/dbget-bin/www_bget?ko+K02364">
        <graphics name="K02364" fgcolor="#000000" bgcolor="#FFFFFF"
             type="rectangle" x="1172" y="340" width="46" height="17"/>
    </entry>
    <entry id="22" name="vch:VC2209" type="other">
        <graphics name="vibF" fgcolor="#000000" bgcolor="#FFFFFF"
             type="rectangle" x="751" y="377" width="46" height="17"/>
    </entry>
    <entry id="23" name="up:Q9F642" type="other"
        link="http://www.genome.jp/dbget-bin/www_bget?up+Q9F642">
        <graphics name="Q9F642" fgcolor="#000000" bgcolor="#FFFFFF"
             type="rectangle" x="1211" y="615" width="46" height="17"/>
    </entry>
    <entry id="24" name="cpd:C12220" type="compound"
        link="http://www.genome.jp/dbget-bin/www_bget?compound+C12220">
        <graphics name="C12220" fgcolor="#000000" bgcolor="#FFFFFF"
             type="circle" x="1261" y="615" width="8" height="8"/>
    </entry>
    <entry id="25" name="cpd:C12221" type="compound"
        link="http://www.genome.jp/dbget-bin/www_bget?compound+C12221">
        <graphics name="C12221" fgcolor="#000000" bgcolor="#FFFFFF"
             type="circle" x="1261" y="671" width="8" height="8"/>
    </entry>
    <entry id="26" name="cpd:C12219" type="compound"
        link="http://www.genome.jp/dbget-bin/www_bget?compound+C12219">
        <graphics name="C12219" fgcolor="#000000" bgcolor="#FFFFFF"
             type="circle" x="913" y="530" width="8" height="8"/>
    </entry>
    <entry id="27" name="cpd:C04171" type="compound"
        link="http://www.genome.jp/dbget-bin/www_bget?compound+C04171">
        <graphics name="C04171" fgcolor="#000000" bgcolor="#FFFFFF"
             type="circle" x="981" y="230" width="8" height="8"/>
    </entry>
    <entry id="28" name="cpd:C00805" type="compound"
        link="http://www.genome.jp/dbget-bin/www_bget?compound+C00805">
        <graphics name="C00805" fgcolor="#000000" bgcolor="#FFFFFF"
             type="circle" x="333" y="315" width="8" height="8"/>
    </entry>
    <entry id="29" name="cpd:C12037" type="compound"
        link="http://www.genome.jp/dbget-bin/www_bget?compound+C12037">
        <graphics name="C12037" fgcolor="#000000" bgcolor="#FFFFFF"
             type="circle" x="401" y="414" width="8" height="8"/>
    </entry>
    <entry id="30" name="cpd:C05821" type="compound"
        link="http://www.genome.jp/dbget-bin/www_bget?compound+C05821">
        <graphics name="C05821" fgcolor="#000000" bgcolor="#FFFFFF"
             type="circle" x="1050" y="439" width="8" height="8"/>
    </entry>
    <entry id="31" name="cpd:C00196" type="compound"
        link="http://www.genome.jp/dbget-bin/www_bget?compound+C00196">
        <graphics name="C00196" fgcolor="#000000" bgcolor="#FFFFFF"
             type="circle" x="981" y="315" width="8" height="8"/>
    </entry>
    <entry id="32" name="cpd:C06769" type="compound"
        link="http://www.genome.jp/dbget-bin/www_bget?compound+C06769">
        <graphics name="C06769" fgcolor="#000000" bgcolor="#FFFFFF"
             type="circle" x="913" y="440" width="8" height="8"/>
    </entry>
    <entry id="33" name="cpd:C12038" type="compound"
        link="http://www.genome.jp/dbget-bin/www_bget?compound+C12038">
        <graphics name="C12038" fgcolor="#000000" bgcolor="#FFFFFF"
             type="circle" x="265" y="414" width="8" height="8"/>
    </entry>
    <entry id="34" name="cpd:C00885" type="compound"
        link="http://www.genome.jp/dbget-bin/www_bget?compound+C00885">
        <graphics name="C00885" fgcolor="#000000" bgcolor="#FFFFFF"
             type="circle" x="692" y="229" width="8" height="8"/>
    </entry>
    <entry id="35" name="ko:K04793" type="ortholog"
        link="http://www.genome.jp/dbget-bin/www_bget?ko+K04793">
        <graphics name="K04793" fgcolor="#000000" bgcolor="#FFFFFF"
             type="rectangle" x="453" y="565" width="46" height="17"/>
    </entry>
    <entry id="36" name="up:Q9F631" type="other"
        link="http://www.genome.jp/dbget-bin/www_bget?up+Q9F631">
        <graphics name="Q9F631" fgcolor="#000000" bgcolor="#FFFFFF"
             type="rectangle" x="1212" y="670" width="46" height="17"/>
    </entry>
    <entry id="37" name="ko:K04786" type="ortholog"
        link="http://www.genome.jp/dbget-bin/www_bget?ko+K04786">
        <graphics name="K04786" fgcolor="#000000" bgcolor="#FFFFFF"
             type="rectangle" x="205" y="386" width="46" height="17"/>
    </entry>
    <entry id="38" name="ko:K01252 ko:K04777 ko:K04779 ko:K05993" type="ortholog" reaction="rn:R03037"
        link="http://www.genome.jp/dbget-bin/www_bget?ko+K01252+K04777+K04779+K05993">
        <graphics name="K01252..." fgcolor="#000000" bgcolor="#FFFFFF"
             type="rectangle" x="833" y="228" width="46" height="17"/>
    </entry>
    <entry id="39" name="pae:PA4228" type="other">
        <graphics name="pchD" fgcolor="#000000" bgcolor="#FFFFFF"
             type="rectangle" x="427" y="463" width="46" height="17"/>
    </entry>
    <entry id="40" name="pae:PA4226" type="other">
        <graphics name="pchE" fgcolor="#000000" bgcolor="#FFFFFF"
             type="rectangle" x="427" y="482" width="46" height="17"/>
    </entry>
    <entry id="41" name="ko:K04785" type="ortholog"
        link="http://www.genome.jp/dbget-bin/www_bget?ko+K04785">
        <graphics name="K04785" fgcolor="#000000" bgcolor="#FFFFFF"
             type="rectangle" x="100" y="509" width="46" height="17"/>
    </entry>
    <entry id="42" name="path:map00400" type="map"
        link="http://www.genome.jp/kegg/pathway/map/map00400.html">
        <graphics name="Phenylalanine, tyrosine and tryptophan biosynthesis" fgcolor="#000000" bgcolor="#FFFFFF"
             type="roundrectangle" x="691" y="85" width="151" height="34"/>
    </entry>
    <entry id="43" name="path:map01053" type="map"
        link="http://www.genome.jp/dbget-bin/get_linkdb?pathway+map01053">
        <graphics name="TITLE:Biosynthesis of siderophore group nonribosomal peptides" fgcolor="#000000" bgcolor="#FFFFFF"
             type="roundrectangle" x="311" y="67" width="502" height="25"/>
    </entry>
    <entry id="44" name="cpd:C12216" type="compound"
        link="http://www.genome.jp/dbget-bin/www_bget?compound+C12216">
        <graphics name="C12216" fgcolor="#000000" bgcolor="#FFFFFF"
             type="circle" x="333" y="509" width="8" height="8"/>
    </entry>
    <entry id="45" name="cpd:C00251" type="compound"
        link="http://www.genome.jp/dbget-bin/www_bget?compound+C00251">
        <graphics name="C00251" fgcolor="#000000" bgcolor="#FFFFFF"
             type="circle" x="692" y="161" width="8" height="8"/>
    </entry>
    <entry id="46" name="ko:K04788" type="ortholog"
        link="http://www.genome.jp/dbget-bin/www_bget?ko+K04788">
        <graphics name="K04788" fgcolor="#000000" bgcolor="#FFFFFF"
             type="rectangle" x="231" y="699" width="46" height="17"/>
    </entry>
    <entry id="47" name="up:Q9F636" type="other"
        link="http://www.genome.jp/dbget-bin/www_bget?up+Q9F636">
        <graphics name="Q9F636" fgcolor="#000000" bgcolor="#FFFFFF"
             type="rectangle" x="1040" y="565" width="46" height="17"/>
    </entry>
    <entry id="48" name="ko:K04787" type="ortholog"
        link="http://www.genome.jp/dbget-bin/www_bget?ko+K04787">
        <graphics name="K04787" fgcolor="#000000" bgcolor="#FFFFFF"
             type="rectangle" x="231" y="680" width="46" height="17"/>
    </entry>
    <entry id="49" name="ko:K04781" type="ortholog" reaction="rn:R06603"
        link="http://www.genome.jp/dbget-bin/www_bget?ko+K04781">
        <graphics name="K04781" fgcolor="#000000" bgcolor="#FFFFFF"
             type="rectangle" x="499" y="160" width="46" height="17"/>
    </entry>
    <entry id="50" name="pae:PA4224" type="other">
        <graphics name="pchG" fgcolor="#000000" bgcolor="#FFFFFF"
             type="rectangle" x="571" y="428" width="46" height="17"/>
    </entry>
    <entry id="51" name="pae:PA4225" type="other">
        <graphics name="pchF" fgcolor="#000000" bgcolor="#FFFFFF"
             type="rectangle" x="571" y="409" width="46" height="17"/>
    </entry>
    <entry id="52" name="ko:K04783" type="ortholog"
        link="http://www.genome.jp/dbget-bin/www_bget?ko+K04783">
        <graphics name="K04783" fgcolor="#000000" bgcolor="#FFFFFF"
             type="rectangle" x="100" y="471" width="46" height="17"/>
    </entry>
    <relation entry1="14" entry2="49" type="ECrel">
        <subtype name="compound" value="45"/>
    </relation>
    <relation entry1="13" entry2="14" type="ECrel">
        <subtype name="compound" value="34"/>
    </relation>
    <relation entry1="13" entry2="38" type="ECrel">
        <subtype name="compound" value="34"/>
    </relation>
    <relation entry1="14" entry2="38" type="ECrel">
        <subtype name="compound" value="34"/>
    </relation>
    <relation entry1="12" entry2="38" type="ECrel">
        <subtype name="compound" value="27"/>
    </relation>
    <relation entry1="49" entry2="42" type="maplink">
        <subtype name="compound" value="45"/>
    </relation>
    <relation entry1="14" entry2="42" type="maplink">
        <subtype name="compound" value="45"/>
    </relation>
    <reaction name="rn:R01505" type="irreversible">
        <substrate name="cpd:C04171"/>
        <product name="cpd:C00196"/>
    </reaction>
    <reaction name="rn:R06602" type="irreversible">
        <substrate name="cpd:C00885"/>
        <product name="cpd:C00805"/>
    </reaction>
    <reaction name="rn:R01717" type="irreversible">
        <substrate name="cpd:C00251"/>
        <product name="cpd:C00885"/>
    </reaction>
    <reaction name="rn:R03037" type="irreversible">
        <substrate name="cpd:C00885"/>
        <product name="cpd:C04171"/>
    </reaction>
    <reaction name="rn:R06603" type="irreversible">
        <substrate name="cpd:C00251"/>
        <product name="cpd:C00805"/>
    </reaction>
</pathway>
