<?xml version="1.0"?>
<!DOCTYPE pathway SYSTEM "http://www.genome.jp/kegg/xml/KGML_v0.6.1_.dtd">
<!-- Creation date: Jan 26 2009 17:21:34 +0900 (JST) -->
<pathway name="path:map05211" org="map" number="05211"
         title="Renal cell carcinoma"
         image="http://www.genome.jp/kegg/pathway/map/map05211.gif"
         link="http://www.genome.jp/dbget-bin/show_pathway?map05211">
    <entry id="1" name="ko:K07293" type="ortholog"
        link="http://www.genome.jp/dbget-bin/www_bget?ko+K07293">
        <graphics name="K07293" fgcolor="#000000" bgcolor="#FFFFFF"
             type="rectangle" x="553" y="398" width="46" height="17"/>
    </entry>
    <entry id="2" name="ko:K04384" type="ortholog"
        link="http://www.genome.jp/dbget-bin/www_bget?ko+K04384">
        <graphics name="K04384" fgcolor="#000000" bgcolor="#FFFFFF"
             type="rectangle" x="820" y="585" width="46" height="17"/>
    </entry>
    <entry id="3" name="ko:K05448 ko:K05449" type="ortholog"
        link="http://www.genome.jp/dbget-bin/www_bget?ko+K05448+K05449">
        <graphics name="K05448..." fgcolor="#000000" bgcolor="#FFFFFF"
             type="rectangle" x="820" y="559" width="46" height="17"/>
    </entry>
    <entry id="4" name="ko:K07299" type="ortholog"
        link="http://www.genome.jp/dbget-bin/www_bget?ko+K07299">
        <graphics name="K07299" fgcolor="#000000" bgcolor="#FFFFFF"
             type="rectangle" x="820" y="532" width="46" height="17"/>
    </entry>
    <entry id="5" name="ko:K09097" type="ortholog"
        link="http://www.genome.jp/dbget-bin/www_bget?ko+K09097">
        <graphics name="K09097" fgcolor="#000000" bgcolor="#FFFFFF"
             type="rectangle" x="696" y="597" width="46" height="17"/>
    </entry>
    <entry id="6" name="ko:K04498" type="ortholog"
        link="http://www.genome.jp/dbget-bin/www_bget?ko+K04498">
        <graphics name="K04498" fgcolor="#000000" bgcolor="#FFFFFF"
             type="rectangle" x="719" y="536" width="46" height="17"/>
    </entry>
    <entry id="7" name="ko:K03870" type="ortholog"
        link="http://www.genome.jp/dbget-bin/www_bget?ko+K03870">
        <graphics name="K03870" fgcolor="#000000" bgcolor="#FFFFFF"
             type="rectangle" x="564" y="673" width="46" height="17"/>
    </entry>
    <entry id="8" name="ko:K03868" type="ortholog"
        link="http://www.genome.jp/dbget-bin/www_bget?ko+K03868">
        <graphics name="K03868" fgcolor="#000000" bgcolor="#FFFFFF"
             type="rectangle" x="564" y="656" width="46" height="17"/>
    </entry>
    <entry id="9" name="ko:K03873" type="ortholog"
        link="http://www.genome.jp/dbget-bin/www_bget?ko+K03873">
        <graphics name="K03873" fgcolor="#000000" bgcolor="#FFFFFF"
             type="rectangle" x="518" y="690" width="46" height="17"/>
    </entry>
    <entry id="10" name="ko:K03872" type="ortholog"
        link="http://www.genome.jp/dbget-bin/www_bget?ko+K03872">
        <graphics name="K03872" fgcolor="#000000" bgcolor="#FFFFFF"
             type="rectangle" x="518" y="673" width="46" height="17"/>
    </entry>
    <entry id="11" name="ko:K03871" type="ortholog"
        link="http://www.genome.jp/dbget-bin/www_bget?ko+K03871">
        <graphics name="K03871" fgcolor="#000000" bgcolor="#FFFFFF"
             type="rectangle" x="518" y="656" width="46" height="17"/>
    </entry>
    <entry id="12" name="ko:K09592" type="ortholog"
        link="http://www.genome.jp/dbget-bin/www_bget?ko+K09592">
        <graphics name="K09592" fgcolor="#000000" bgcolor="#FFFFFF"
             type="rectangle" x="436" y="665" width="46" height="17"/>
    </entry>
    <entry id="13" name="ko:K08268 ko:K09095" type="ortholog"
        link="http://www.genome.jp/dbget-bin/www_bget?ko+K08268+K09095">
        <graphics name="K08268..." fgcolor="#000000" bgcolor="#FFFFFF"
             type="rectangle" x="316" y="589" width="46" height="17"/>
    </entry>
    <entry id="14" name="cpd:C00007" type="compound"
        link="http://www.genome.jp/dbget-bin/www_bget?compound+C00007">
        <graphics name="C00007" fgcolor="#000000" bgcolor="#FFFFFF"
             type="circle" x="469" y="642" width="8" height="8"/>
    </entry>
    <entry id="15" name="cpd:C00149" type="compound"
        link="http://www.genome.jp/dbget-bin/www_bget?compound+C00149">
        <graphics name="C00149" fgcolor="#000000" bgcolor="#FFFFFF"
             type="circle" x="354" y="711" width="8" height="8"/>
    </entry>
    <entry id="16" name="cpd:C00122" type="compound"
        link="http://www.genome.jp/dbget-bin/www_bget?compound+C00122">
        <graphics name="C00122" fgcolor="#000000" bgcolor="#FFFFFF"
             type="circle" x="354" y="666" width="8" height="8"/>
    </entry>
    <entry id="17" name="ko:K03870" type="ortholog"
        link="http://www.genome.jp/dbget-bin/www_bget?ko+K03870">
        <graphics name="K03870" fgcolor="#000000" bgcolor="#FFFFFF"
             type="rectangle" x="500" y="247" width="46" height="17"/>
    </entry>
    <entry id="18" name="ko:K03868" type="ortholog"
        link="http://www.genome.jp/dbget-bin/www_bget?ko+K03868">
        <graphics name="K03868" fgcolor="#000000" bgcolor="#FFFFFF"
             type="rectangle" x="500" y="230" width="46" height="17"/>
    </entry>
    <entry id="19" name="ko:K03873" type="ortholog"
        link="http://www.genome.jp/dbget-bin/www_bget?ko+K03873">
        <graphics name="K03873" fgcolor="#000000" bgcolor="#FFFFFF"
             type="rectangle" x="454" y="264" width="46" height="17"/>
    </entry>
    <entry id="20" name="ko:K03872" type="ortholog"
        link="http://www.genome.jp/dbget-bin/www_bget?ko+K03872">
        <graphics name="K03872" fgcolor="#000000" bgcolor="#FFFFFF"
             type="rectangle" x="454" y="247" width="46" height="17"/>
    </entry>
    <entry id="21" name="ko:K04384" type="ortholog"
        link="http://www.genome.jp/dbget-bin/www_bget?ko+K04384">
        <graphics name="K04384" fgcolor="#000000" bgcolor="#FFFFFF"
             type="rectangle" x="820" y="145" width="46" height="17"/>
    </entry>
    <entry id="22" name="ko:K08774" type="ortholog"
        link="http://www.genome.jp/dbget-bin/www_bget?ko+K08774">
        <graphics name="K08774" fgcolor="#000000" bgcolor="#FFFFFF"
             type="rectangle" x="820" y="637" width="46" height="17"/>
    </entry>
    <entry id="23" name="hsa:5155 mmu:18590 mmu:18591 rno:24628 rno:25266" type="other">
        <graphics name="PDGFB..." fgcolor="#000000" bgcolor="#FFFFFF"
             type="rectangle" x="820" y="611" width="46" height="17"/>
    </entry>
    <entry id="24" name="cpd:C00007" type="compound"
        link="http://www.genome.jp/dbget-bin/www_bget?compound+C00007">
        <graphics name="C00007" fgcolor="#000000" bgcolor="#FFFFFF"
             type="circle" x="406" y="221" width="8" height="8"/>
    </entry>
    <entry id="25" name="ko:K09594" type="ortholog"
        link="http://www.genome.jp/dbget-bin/www_bget?ko+K09594">
        <graphics name="K09594" fgcolor="#000000" bgcolor="#FFFFFF"
             type="rectangle" x="346" y="818" width="46" height="17"/>
    </entry>
    <entry id="26" name="ko:K01679" type="ortholog"
        link="http://www.genome.jp/dbget-bin/www_bget?ko+K01679">
        <graphics name="K01679" fgcolor="#000000" bgcolor="#FFFFFF"
             type="rectangle" x="319" y="686" width="46" height="17"/>
    </entry>
    <entry id="27" name="ko:K05448 ko:K05449" type="ortholog"
        link="http://www.genome.jp/dbget-bin/www_bget?ko+K05448+K05449">
        <graphics name="K05448..." fgcolor="#000000" bgcolor="#FFFFFF"
             type="rectangle" x="820" y="119" width="46" height="17"/>
    </entry>
    <entry id="28" name="ko:K04392" type="ortholog"
        link="http://www.genome.jp/dbget-bin/www_bget?ko+K04392">
        <graphics name="K04392" fgcolor="#000000" bgcolor="#FFFFFF"
             type="rectangle" x="600" y="464" width="46" height="17"/>
    </entry>
    <entry id="29" name="ko:K04438" type="ortholog"
        link="http://www.genome.jp/dbget-bin/www_bget?ko+K04438">
        <graphics name="K04438" fgcolor="#000000" bgcolor="#FFFFFF"
             type="rectangle" x="555" y="368" width="46" height="17"/>
    </entry>
    <entry id="30" name="ko:K06277" type="ortholog"
        link="http://www.genome.jp/dbget-bin/www_bget?ko+K06277">
        <graphics name="K06277" fgcolor="#000000" bgcolor="#FFFFFF"
             type="rectangle" x="640" y="367" width="46" height="17"/>
    </entry>
    <entry id="31" name="ko:K03099" type="ortholog"
        link="http://www.genome.jp/dbget-bin/www_bget?ko+K03099">
        <graphics name="K03099" fgcolor="#000000" bgcolor="#FFFFFF"
             type="rectangle" x="433" y="433" width="46" height="17"/>
    </entry>
    <entry id="32" name="ko:K04364" type="ortholog"
        link="http://www.genome.jp/dbget-bin/www_bget?ko+K04364">
        <graphics name="K04364" fgcolor="#000000" bgcolor="#FFFFFF"
             type="rectangle" x="350" y="433" width="46" height="17"/>
    </entry>
    <entry id="33" name="ko:K09592" type="ortholog"
        link="http://www.genome.jp/dbget-bin/www_bget?ko+K09592">
        <graphics name="K09592" fgcolor="#000000" bgcolor="#FFFFFF"
             type="rectangle" x="374" y="241" width="46" height="17"/>
    </entry>
    <entry id="34" name="ko:K03871" type="ortholog"
        link="http://www.genome.jp/dbget-bin/www_bget?ko+K03871">
        <graphics name="K03871" fgcolor="#000000" bgcolor="#FFFFFF"
             type="rectangle" x="454" y="230" width="46" height="17"/>
    </entry>
    <entry id="35" name="ko:K09097" type="ortholog"
        link="http://www.genome.jp/dbget-bin/www_bget?ko+K09097">
        <graphics name="K09097" fgcolor="#000000" bgcolor="#FFFFFF"
             type="rectangle" x="696" y="169" width="46" height="17"/>
    </entry>
    <entry id="36" name="ko:K04498" type="ortholog"
        link="http://www.genome.jp/dbget-bin/www_bget?ko+K04498">
        <graphics name="K04498" fgcolor="#000000" bgcolor="#FFFFFF"
             type="rectangle" x="717" y="107" width="46" height="17"/>
    </entry>
    <entry id="37" name="ko:K08268 ko:K09095" type="ortholog"
        link="http://www.genome.jp/dbget-bin/www_bget?ko+K08268+K09095">
        <graphics name="K08268..." fgcolor="#000000" bgcolor="#FFFFFF"
             type="rectangle" x="304" y="163" width="46" height="17"/>
    </entry>
    <entry id="38" name="ko:K05099" type="ortholog"
        link="http://www.genome.jp/dbget-bin/www_bget?ko+K05099">
        <graphics name="K05099" fgcolor="#000000" bgcolor="#FFFFFF"
             type="rectangle" x="253" y="386" width="46" height="17"/>
    </entry>
    <entry id="39" name="ko:K09593" type="ortholog"
        link="http://www.genome.jp/dbget-bin/www_bget?ko+K09593">
        <graphics name="K09593" fgcolor="#000000" bgcolor="#FFFFFF"
             type="rectangle" x="350" y="339" width="46" height="17"/>
    </entry>
    <entry id="40" name="ko:K04409 ko:K04410 ko:K05733 ko:K05734 ko:K05735 ko:K05736" type="ortholog"
        link="http://www.genome.jp/dbget-bin/www_bget?ko+K04409+K04410+K05733+K05734+K05735+K05736">
        <graphics name="K04409..." fgcolor="#000000" bgcolor="#FFFFFF"
             type="rectangle" x="677" y="475" width="46" height="17"/>
    </entry>
    <entry id="41" name="hsa:5155 mmu:18590 mmu:18591 rno:24628 rno:25266" type="other">
        <graphics name="PDGFB..." fgcolor="#000000" bgcolor="#FFFFFF"
             type="rectangle" x="820" y="171" width="46" height="17"/>
    </entry>
    <entry id="42" name="ko:K07299" type="ortholog"
        link="http://www.genome.jp/dbget-bin/www_bget?ko+K07299">
        <graphics name="K07299" fgcolor="#000000" bgcolor="#FFFFFF"
             type="rectangle" x="820" y="92" width="46" height="17"/>
    </entry>
    <entry id="43" name="ko:K04353 ko:K07836" type="ortholog"
        link="http://www.genome.jp/dbget-bin/www_bget?ko+K04353+K07836">
        <graphics name="K04353..." fgcolor="#000000" bgcolor="#FFFFFF"
             type="rectangle" x="727" y="367" width="46" height="17"/>
    </entry>
    <entry id="44" name="ko:K04393" type="ortholog"
        link="http://www.genome.jp/dbget-bin/www_bget?ko+K04393">
        <graphics name="K04393" fgcolor="#000000" bgcolor="#FFFFFF"
             type="rectangle" x="600" y="487" width="46" height="17"/>
    </entry>
    <entry id="45" name="hsa:2113 mmu:23871 rno:24356" type="other">
        <graphics name="ETS1..." fgcolor="#000000" bgcolor="#FFFFFF"
             type="rectangle" x="908" y="422" width="46" height="17"/>
    </entry>
    <entry id="46" name="ko:K04456" type="ortholog"
        link="http://www.genome.jp/dbget-bin/www_bget?ko+K04456">
        <graphics name="K04456" fgcolor="#000000" bgcolor="#FFFFFF"
             type="rectangle" x="858" y="339" width="46" height="17"/>
    </entry>
    <entry id="47" name="ko:K00922 ko:K02649" type="ortholog"
        link="http://www.genome.jp/dbget-bin/www_bget?ko+K00922+K02649">
        <graphics name="K00922..." fgcolor="#000000" bgcolor="#FFFFFF"
             type="rectangle" x="727" y="339" width="46" height="17"/>
    </entry>
    <entry id="48" name="ko:K04448" type="ortholog"
        link="http://www.genome.jp/dbget-bin/www_bget?ko+K04448">
        <graphics name="K04448" fgcolor="#000000" bgcolor="#FFFFFF"
             type="rectangle" x="908" y="444" width="46" height="17"/>
    </entry>
    <entry id="49" name="ko:K08774" type="ortholog"
        link="http://www.genome.jp/dbget-bin/www_bget?ko+K08774">
        <graphics name="K08774" fgcolor="#000000" bgcolor="#FFFFFF"
             type="rectangle" x="820" y="197" width="46" height="17"/>
    </entry>
    <entry id="50" name="ko:K05460" type="ortholog"
        link="http://www.genome.jp/dbget-bin/www_bget?ko+K05460">
        <graphics name="K05460" fgcolor="#000000" bgcolor="#FFFFFF"
             type="rectangle" x="171" y="385" width="46" height="17"/>
    </entry>
    <entry id="51" name="path:map05211" type="map"
        link="http://www.genome.jp/dbget-bin/get_linkdb?pathway+map05211">
        <graphics name="TITLE:Renal cell carcinoma" fgcolor="#000000" bgcolor="#FFFFFF"
             type="roundrectangle" x="161" y="67" width="203" height="25"/>
    </entry>
    <entry id="52" name="ko:K04371" type="ortholog"
        link="http://www.genome.jp/dbget-bin/www_bget?ko+K04371">
        <graphics name="K04371" fgcolor="#000000" bgcolor="#FFFFFF"
             type="rectangle" x="763" y="433" width="46" height="17"/>
    </entry>
    <entry id="53" name="ko:K04368 ko:K04369" type="ortholog"
        link="http://www.genome.jp/dbget-bin/www_bget?ko+K04368+K04369">
        <graphics name="K04368..." fgcolor="#000000" bgcolor="#FFFFFF"
             type="rectangle" x="681" y="433" width="46" height="17"/>
    </entry>
    <entry id="54" name="ko:K04365 ko:K04366 ko:K08845" type="ortholog"
        link="http://www.genome.jp/dbget-bin/www_bget?ko+K04365+K04366+K08845">
        <graphics name="K04365..." fgcolor="#000000" bgcolor="#FFFFFF"
             type="rectangle" x="599" y="433" width="46" height="17"/>
    </entry>
    <entry id="55" name="ko:K02833 ko:K07827 ko:K07828" type="ortholog"
        link="http://www.genome.jp/dbget-bin/www_bget?ko+K02833+K07827+K07828">
        <graphics name="K02833..." fgcolor="#000000" bgcolor="#FFFFFF"
             type="rectangle" x="515" y="434" width="46" height="17"/>
    </entry>
    <entry id="56" name="path:map04010" type="map"
        link="http://www.genome.jp/kegg/pathway/map/map04010.html">
        <graphics name="MAPK signaling pathway" fgcolor="#000000" bgcolor="#FFFFFF"
             type="roundrectangle" x="435" y="472" width="100" height="34"/>
    </entry>
    <entry id="57" name="path:map04120" type="map"
        link="http://www.genome.jp/kegg/pathway/map/map04120.html">
        <graphics name="Ubiquitin mediated proteolysis" fgcolor="#000000" bgcolor="#FFFFFF"
             type="roundrectangle" x="587" y="234" width="100" height="34"/>
    </entry>
    <entry id="58" name="path:map00020" type="map"
        link="http://www.genome.jp/kegg/pathway/map/map00020.html">
        <graphics name="Citrate cycle (TCA cycle)" fgcolor="#000000" bgcolor="#FFFFFF"
             type="roundrectangle" x="437" y="703" width="100" height="34"/>
    </entry>
    <entry id="59" name="path:map04370" type="map"
        link="http://www.genome.jp/kegg/pathway/map/map04370.html">
        <graphics name="VEGF signaling pathway" fgcolor="#000000" bgcolor="#FFFFFF"
             type="roundrectangle" x="1035" y="597" width="100" height="34"/>
    </entry>
    <entry id="60" name="path:map04350" type="map"
        link="http://www.genome.jp/kegg/pathway/map/map04350.html">
        <graphics name="TGF-beta signaling pathway" fgcolor="#000000" bgcolor="#FFFFFF"
             type="roundrectangle" x="1036" y="640" width="100" height="34"/>
    </entry>
    <entry id="61" name="path:map04370" type="map"
        link="http://www.genome.jp/kegg/pathway/map/map04370.html">
        <graphics name="VEGF signaling pathway" fgcolor="#000000" bgcolor="#FFFFFF"
             type="roundrectangle" x="1034" y="156" width="100" height="34"/>
    </entry>
    <entry id="62" name="path:map04350" type="map"
        link="http://www.genome.jp/kegg/pathway/map/map04350.html">
        <graphics name="TGF-beta signaling pathway" fgcolor="#000000" bgcolor="#FFFFFF"
             type="roundrectangle" x="1035" y="201" width="100" height="34"/>
    </entry>
    <relation entry1="36" entry2="37" type="PPrel">
        <subtype name="binding/association" value="---"/>
    </relation>
    <relation entry1="35" entry2="37" type="PPrel">
        <subtype name="binding/association" value="---"/>
    </relation>
    <relation entry1="6" entry2="13" type="PPrel">
        <subtype name="binding/association" value="---"/>
    </relation>
    <relation entry1="5" entry2="13" type="PPrel">
        <subtype name="binding/association" value="---"/>
    </relation>
    <relation entry1="37" entry2="42" type="GErel">
        <subtype name="expression" value="-->"/>
    </relation>
    <relation entry1="37" entry2="27" type="GErel">
        <subtype name="expression" value="-->"/>
    </relation>
    <relation entry1="37" entry2="21" type="GErel">
        <subtype name="expression" value="-->"/>
    </relation>
    <relation entry1="37" entry2="41" type="GErel">
        <subtype name="expression" value="-->"/>
    </relation>
    <relation entry1="37" entry2="49" type="GErel">
        <subtype name="expression" value="-->"/>
    </relation>
    <relation entry1="13" entry2="4" type="GErel">
        <subtype name="expression" value="-->"/>
    </relation>
    <relation entry1="13" entry2="3" type="GErel">
        <subtype name="expression" value="-->"/>
    </relation>
    <relation entry1="13" entry2="2" type="GErel">
        <subtype name="expression" value="-->"/>
    </relation>
    <relation entry1="13" entry2="23" type="GErel">
        <subtype name="expression" value="-->"/>
    </relation>
    <relation entry1="13" entry2="22" type="GErel">
        <subtype name="expression" value="-->"/>
    </relation>
    <relation entry1="33" entry2="37" type="PPrel">
        <subtype name="activation" value="-->"/>
    </relation>
    <relation entry1="50" entry2="38" type="PPrel">
        <subtype name="activation" value="-->"/>
    </relation>
    <relation entry1="38" entry2="39" type="PPrel">
        <subtype name="activation" value="-->"/>
        <subtype name="phosphorylation" value="+p"/>
    </relation>
    <relation entry1="54" entry2="53" type="PPrel">
        <subtype name="activation" value="-->"/>
        <subtype name="phosphorylation" value="+p"/>
    </relation>
    <relation entry1="53" entry2="52" type="PPrel">
        <subtype name="activation" value="-->"/>
        <subtype name="phosphorylation" value="+p"/>
    </relation>
    <relation entry1="52" entry2="45" type="PPrel">
        <subtype name="activation" value="-->"/>
        <subtype name="phosphorylation" value="+p"/>
    </relation>
    <relation entry1="52" entry2="48" type="PPrel">
        <subtype name="activation" value="-->"/>
        <subtype name="phosphorylation" value="+p"/>
    </relation>
    <relation entry1="39" entry2="47" type="PPrel">
        <subtype name="activation" value="-->"/>
    </relation>
    <relation entry1="47" entry2="46" type="PPrel">
        <subtype name="indirect" value="..>"/>
    </relation>
    <relation entry1="39" entry2="29" type="PPrel">
        <subtype name="activation" value="-->"/>
    </relation>
    <relation entry1="29" entry2="30" type="PPrel">
        <subtype name="activation" value="-->"/>
    </relation>
    <relation entry1="30" entry2="43" type="PPrel">
        <subtype name="activation" value="-->"/>
    </relation>
    <relation entry1="39" entry2="1" type="PPrel">
        <subtype name="activation" value="-->"/>
    </relation>
    <relation entry1="1" entry2="52" type="PPrel">
        <subtype name="indirect" value="..>"/>
    </relation>
    <relation entry1="39" entry2="32" type="PPrel">
        <subtype name="activation" value="-->"/>
    </relation>
    <relation entry1="38" entry2="32" type="PPrel">
        <subtype name="activation" value="-->"/>
    </relation>
    <relation entry1="32" entry2="31" type="PPrel">
        <subtype name="activation" value="-->"/>
    </relation>
    <relation entry1="28" entry2="40" type="PPrel">
        <subtype name="activation" value="-->"/>
    </relation>
    <relation entry1="44" entry2="40" type="PPrel">
        <subtype name="activation" value="-->"/>
    </relation>
    <relation entry1="16" entry2="12" type="PCrel">
        <subtype name="inhibition" value="--|"/>
    </relation>
</pathway>
