<?xml version="1.0"?>
<!DOCTYPE pathway SYSTEM "http://www.genome.jp/kegg/xml/KGML_v0.6.1_.dtd">
<!-- Creation date: Feb 03 2009 01:31:39 +0900 (JST) -->
<pathway name="path:map00290" org="map" number="00290"
         title="Valine, leucine and isoleucine biosynthesis"
         image="http://www.genome.jp/kegg/pathway/map/map00290.gif"
         link="http://www.genome.jp/dbget-bin/show_pathway?map00290">
    <entry id="1" name="ec:4.2.1.35" type="enzyme" reaction="rn:R03896"
        link="http://www.genome.jp/dbget-bin/www_bget?enzyme+4.2.1.35">
        <graphics name="4.2.1.35" fgcolor="#000000" bgcolor="#FFFFFF"
             type="rectangle" x="393" y="179" width="46" height="17"/>
    </entry>
    <entry id="2" name="ko:K09011" type="ortholog" reaction="rn:R07399"
        link="http://www.genome.jp/dbget-bin/www_bget?ko+K09011">
        <graphics name="K09011" fgcolor="#000000" bgcolor="#FFFFFF"
             type="rectangle" x="457" y="225" width="46" height="17"/>
    </entry>
    <entry id="3" name="ko:K01703 ko:K01704" type="ortholog" reaction="rn:R03896"
        link="http://www.genome.jp/dbget-bin/www_bget?ko+K01703+K01704">
        <graphics name="K01703..." fgcolor="#000000" bgcolor="#FFFFFF"
             type="rectangle" x="393" y="200" width="46" height="17"/>
    </entry>
    <entry id="4" name="ko:K01703 ko:K01704" type="ortholog" reaction="rn:R03898"
        link="http://www.genome.jp/dbget-bin/www_bget?ko+K01703+K01704">
        <graphics name="K01703..." fgcolor="#000000" bgcolor="#FFFFFF"
             type="rectangle" x="271" y="190" width="46" height="17"/>
    </entry>
    <entry id="5" name="ko:K00052" type="ortholog" reaction="rn:R00994"
        link="http://www.genome.jp/dbget-bin/www_bget?ko+K00052">
        <graphics name="K00052" fgcolor="#000000" bgcolor="#FFFFFF"
             type="rectangle" x="180" y="215" width="46" height="17"/>
    </entry>
    <entry id="6" name="ko:K01754" type="ortholog" reaction="rn:R00996"
        link="http://www.genome.jp/dbget-bin/www_bget?ko+K01754">
        <graphics name="K01754" fgcolor="#000000" bgcolor="#FFFFFF"
             type="rectangle" x="130" y="247" width="46" height="17"/>
    </entry>
    <entry id="7" name="cpd:C00188" type="compound"
        link="http://www.genome.jp/dbget-bin/www_bget?compound+C00188">
        <graphics name="C00188" fgcolor="#000000" bgcolor="#FFFFFF"
             type="circle" x="94" y="248" width="8" height="8"/>
    </entry>
    <entry id="8" name="cpd:C06032" type="compound"
        link="http://www.genome.jp/dbget-bin/www_bget?compound+C06032">
        <graphics name="C06032" fgcolor="#000000" bgcolor="#FFFFFF"
             type="circle" x="209" y="190" width="8" height="8"/>
    </entry>
    <entry id="9" name="cpd:C02226" type="compound"
        link="http://www.genome.jp/dbget-bin/www_bget?compound+C02226">
        <graphics name="C02226" fgcolor="#000000" bgcolor="#FFFFFF"
             type="circle" x="322" y="190" width="8" height="8"/>
    </entry>
    <entry id="10" name="cpd:C02612" type="compound"
        link="http://www.genome.jp/dbget-bin/www_bget?compound+C02612">
        <graphics name="C02612" fgcolor="#000000" bgcolor="#FFFFFF"
             type="circle" x="456" y="190" width="8" height="8"/>
    </entry>
    <entry id="11" name="cpd:C00024" type="compound"
        link="http://www.genome.jp/dbget-bin/www_bget?compound+C00024">
        <graphics name="C00024" fgcolor="#000000" bgcolor="#FFFFFF"
             type="circle" x="513" y="248" width="8" height="8"/>
    </entry>
    <entry id="12" name="path:map00290" type="map"
        link="http://www.genome.jp/dbget-bin/get_linkdb?pathway+map00290">
        <graphics name="TITLE:Valine, leucine and isoleucine biosynthesis" fgcolor="#000000" bgcolor="#FFFFFF"
             type="roundrectangle" x="251" y="67" width="383" height="25"/>
    </entry>
    <entry id="13" name="path:map00260" type="map"
        link="http://www.genome.jp/kegg/pathway/map/map00260.html">
        <graphics name="Glycine, serine and threonine metabolism" fgcolor="#000000" bgcolor="#FFFFFF"
             type="roundrectangle" x="94" y="148" width="119" height="34"/>
    </entry>
    <entry id="14" name="ko:K00826" type="ortholog" reaction="rn:R02199"
        link="http://www.genome.jp/dbget-bin/www_bget?ko+K00826">
        <graphics name="K00826" fgcolor="#000000" bgcolor="#FFFFFF"
             type="rectangle" x="155" y="572" width="46" height="17"/>
    </entry>
    <entry id="15" name="ko:K01869" type="ortholog" reaction="rn:R03657"
        link="http://www.genome.jp/dbget-bin/www_bget?ko+K01869">
        <graphics name="K01869" fgcolor="#000000" bgcolor="#FFFFFF"
             type="rectangle" x="684" y="777" width="46" height="17"/>
    </entry>
    <entry id="16" name="ec:2.6.1.6" type="enzyme" reaction="rn:R01090"
        link="http://www.genome.jp/dbget-bin/www_bget?enzyme+2.6.1.6">
        <graphics name="2.6.1.6" fgcolor="#000000" bgcolor="#FFFFFF"
             type="rectangle" x="684" y="702" width="46" height="17"/>
    </entry>
    <entry id="17" name="ko:K00826" type="ortholog" reaction="rn:R01090"
        link="http://www.genome.jp/dbget-bin/www_bget?ko+K00826">
        <graphics name="K00826" fgcolor="#000000" bgcolor="#FFFFFF"
             type="rectangle" x="658" y="721" width="46" height="17"/>
    </entry>
    <entry id="18" name="ko:K00053" type="ortholog" reaction="rn:R05068"
        link="http://www.genome.jp/dbget-bin/www_bget?ko+K00053">
        <graphics name="K00053" fgcolor="#000000" bgcolor="#FFFFFF"
             type="rectangle" x="180" y="436" width="46" height="17"/>
    </entry>
    <entry id="19" name="ko:K01703 ko:K01704" type="ortholog" reaction="rn:R03968"
        link="http://www.genome.jp/dbget-bin/www_bget?ko+K01703+K01704">
        <graphics name="K01703..." fgcolor="#000000" bgcolor="#FFFFFF"
             type="rectangle" x="515" y="537" width="46" height="17"/>
    </entry>
    <entry id="20" name="ko:K00052" type="ortholog" reaction="rn:R04426"
        link="http://www.genome.jp/dbget-bin/www_bget?ko+K00052">
        <graphics name="K00052" fgcolor="#000000" bgcolor="#FFFFFF"
             type="rectangle" x="684" y="572" width="46" height="17"/>
    </entry>
    <entry id="21" name="ko:K01703 ko:K01704" type="ortholog" reaction="rn:R04001"
        link="http://www.genome.jp/dbget-bin/www_bget?ko+K01703+K01704">
        <graphics name="K01703..." fgcolor="#000000" bgcolor="#FFFFFF"
             type="rectangle" x="627" y="537" width="46" height="17"/>
    </entry>
    <entry id="22" name="ko:K01649" type="ortholog" reaction="rn:R01213"
        link="http://www.genome.jp/dbget-bin/www_bget?ko+K01649">
        <graphics name="K01649" fgcolor="#000000" bgcolor="#FFFFFF"
             type="rectangle" x="393" y="537" width="46" height="17"/>
    </entry>
    <entry id="23" name="ko:K01873" type="ortholog" reaction="rn:R03665"
        link="http://www.genome.jp/dbget-bin/www_bget?ko+K01873">
        <graphics name="K01873" fgcolor="#000000" bgcolor="#FFFFFF"
             type="rectangle" x="322" y="635" width="46" height="17"/>
    </entry>
    <entry id="24" name="ko:K00835" type="ortholog" reaction="rn:R01215"
        link="http://www.genome.jp/dbget-bin/www_bget?ko+K00835">
        <graphics name="K00835" fgcolor="#000000" bgcolor="#FFFFFF"
             type="rectangle" x="322" y="560" width="46" height="17"/>
    </entry>
    <entry id="25" name="ko:K00826" type="ortholog" reaction="rn:R01214"
        link="http://www.genome.jp/dbget-bin/www_bget?ko+K00826">
        <graphics name="K00826" fgcolor="#000000" bgcolor="#FFFFFF"
             type="rectangle" x="297" y="579" width="46" height="17"/>
    </entry>
    <entry id="26" name="ko:K01687" type="ortholog" reaction="rn:R04441"
        link="http://www.genome.jp/dbget-bin/www_bget?ko+K01687">
        <graphics name="K01687" fgcolor="#000000" bgcolor="#FFFFFF"
             type="rectangle" x="322" y="502" width="46" height="17"/>
    </entry>
    <entry id="27" name="ko:K00053" type="ortholog" reaction="rn:R05069"
        link="http://www.genome.jp/dbget-bin/www_bget?ko+K00053">
        <graphics name="K00053" fgcolor="#000000" bgcolor="#FFFFFF"
             type="rectangle" x="155" y="368" width="46" height="17"/>
    </entry>
    <entry id="28" name="ec:5.4.99.3" type="enzyme" reaction="rn:R05069"
        link="http://www.genome.jp/dbget-bin/www_bget?enzyme+5.4.99.3">
        <graphics name="5.4.99.3" fgcolor="#000000" bgcolor="#FFFFFF"
             type="rectangle" x="205" y="368" width="46" height="17"/>
    </entry>
    <entry id="29" name="ko:K00053" type="ortholog" reaction="rn:R05071"
        link="http://www.genome.jp/dbget-bin/www_bget?ko+K00053">
        <graphics name="K00053" fgcolor="#000000" bgcolor="#FFFFFF"
             type="rectangle" x="297" y="368" width="46" height="17"/>
    </entry>
    <entry id="30" name="ko:K01652 ko:K01653 ko:K11258" type="ortholog" reaction="rn:R04672"
        link="http://www.genome.jp/dbget-bin/www_bget?ko+K01652+K01653+K11258">
        <graphics name="K01652..." fgcolor="#000000" bgcolor="#FFFFFF"
             type="rectangle" x="322" y="300" width="46" height="17"/>
    </entry>
    <entry id="31" name="ko:K01870" type="ortholog" reaction="rn:R03656"
        link="http://www.genome.jp/dbget-bin/www_bget?ko+K01870">
        <graphics name="K01870" fgcolor="#000000" bgcolor="#FFFFFF"
             type="rectangle" x="180" y="635" width="46" height="17"/>
    </entry>
    <entry id="32" name="ko:K01687" type="ortholog" reaction="rn:R05070"
        link="http://www.genome.jp/dbget-bin/www_bget?ko+K01687">
        <graphics name="K01687" fgcolor="#000000" bgcolor="#FFFFFF"
             type="rectangle" x="180" y="502" width="46" height="17"/>
    </entry>
    <entry id="33" name="ko:K00053" type="ortholog" reaction="rn:R04440"
        link="http://www.genome.jp/dbget-bin/www_bget?ko+K00053">
        <graphics name="K00053" fgcolor="#000000" bgcolor="#FFFFFF"
             type="rectangle" x="322" y="436" width="46" height="17"/>
    </entry>
    <entry id="34" name="ko:K00161 ko:K00162 ko:K00163" type="ortholog" reaction="rn:R00014"
        link="http://www.genome.jp/dbget-bin/www_bget?ko+K00161+K00162+K00163">
        <graphics name="K00161..." fgcolor="#000000" bgcolor="#FFFFFF"
             type="rectangle" x="393" y="264" width="46" height="17"/>
    </entry>
    <entry id="35" name="ko:K01652 ko:K01653 ko:K11258" type="ortholog" reaction="rn:R04673"
        link="http://www.genome.jp/dbget-bin/www_bget?ko+K01652+K01653+K11258">
        <graphics name="K01652..." fgcolor="#000000" bgcolor="#FFFFFF"
             type="rectangle" x="180" y="300" width="46" height="17"/>
    </entry>
    <entry id="36" name="path:map00280" type="map"
        link="http://www.genome.jp/kegg/pathway/map/map00280.html">
        <graphics name="Valine, leucine and isoleucine degradation" fgcolor="#000000" bgcolor="#FFFFFF"
             type="roundrectangle" x="464" y="850" width="126" height="34"/>
    </entry>
    <entry id="37" name="path:map00620" type="map"
        link="http://www.genome.jp/kegg/pathway/map/map00620.html">
        <graphics name="Pyruvate metabolism" fgcolor="#000000" bgcolor="#FFFFFF"
             type="roundrectangle" x="457" y="400" width="74" height="34"/>
    </entry>
    <entry id="38" name="ec:5.4.99.3" type="enzyme" reaction="rn:R05071"
        link="http://www.genome.jp/dbget-bin/www_bget?enzyme+5.4.99.3">
        <graphics name="5.4.99.3" fgcolor="#000000" bgcolor="#FFFFFF"
             type="rectangle" x="347" y="368" width="46" height="17"/>
    </entry>
    <entry id="39" name="ko:K00263" type="ortholog" reaction="rn:R01088"
        link="http://www.genome.jp/dbget-bin/www_bget?ko+K00263">
        <graphics name="K00263" fgcolor="#000000" bgcolor="#FFFFFF"
             type="rectangle" x="708" y="721" width="46" height="17"/>
    </entry>
    <entry id="40" name="ko:K00263" type="ortholog" reaction="rn:R01434"
        link="http://www.genome.jp/dbget-bin/www_bget?ko+K00263">
        <graphics name="K00263" fgcolor="#000000" bgcolor="#FFFFFF"
             type="rectangle" x="347" y="579" width="46" height="17"/>
    </entry>
    <entry id="41" name="ko:K00263" type="ortholog" reaction="rn:R02196"
        link="http://www.genome.jp/dbget-bin/www_bget?ko+K00263">
        <graphics name="K00263" fgcolor="#000000" bgcolor="#FFFFFF"
             type="rectangle" x="205" y="572" width="46" height="17"/>
    </entry>
    <entry id="42" name="ko:K01652 ko:K01653 ko:K11258" type="ortholog" reaction="rn:R00014"
        link="http://www.genome.jp/dbget-bin/www_bget?ko+K01652+K01653+K11258">
        <graphics name="K01652..." fgcolor="#000000" bgcolor="#FFFFFF"
             type="rectangle" x="393" y="285" width="46" height="17"/>
    </entry>
    <entry id="43" name="cpd:C00022" type="compound"
        link="http://www.genome.jp/dbget-bin/www_bget?compound+C00022">
        <graphics name="C00022" fgcolor="#000000" bgcolor="#FFFFFF"
             type="circle" x="456" y="275" width="8" height="8"/>
    </entry>
    <entry id="44" name="cpd:C05125" type="compound"
        link="http://www.genome.jp/dbget-bin/www_bget?compound+C05125">
        <graphics name="C05125" fgcolor="#000000" bgcolor="#FFFFFF"
             type="circle" x="322" y="275" width="8" height="8"/>
    </entry>
    <entry id="45" name="cpd:C00109" type="compound"
        link="http://www.genome.jp/dbget-bin/www_bget?compound+C00109">
        <graphics name="C00109" fgcolor="#000000" bgcolor="#FFFFFF"
             type="circle" x="180" y="248" width="8" height="8"/>
    </entry>
    <entry id="46" name="cpd:C06006" type="compound"
        link="http://www.genome.jp/dbget-bin/www_bget?compound+C06006">
        <graphics name="C06006" fgcolor="#000000" bgcolor="#FFFFFF"
             type="circle" x="180" y="333" width="8" height="8"/>
    </entry>
    <entry id="47" name="cpd:C14463" type="compound"
        link="http://www.genome.jp/dbget-bin/www_bget?compound+C14463">
        <graphics name="C14463" fgcolor="#000000" bgcolor="#FFFFFF"
             type="circle" x="180" y="399" width="8" height="8"/>
    </entry>
    <entry id="48" name="cpd:C06007" type="compound"
        link="http://www.genome.jp/dbget-bin/www_bget?compound+C06007">
        <graphics name="C06007" fgcolor="#000000" bgcolor="#FFFFFF"
             type="circle" x="180" y="472" width="8" height="8"/>
    </entry>
    <entry id="49" name="cpd:C00671" type="compound"
        link="http://www.genome.jp/dbget-bin/www_bget?compound+C00671">
        <graphics name="C00671" fgcolor="#000000" bgcolor="#FFFFFF"
             type="circle" x="180" y="537" width="8" height="8"/>
    </entry>
    <entry id="50" name="cpd:C00407" type="compound"
        link="http://www.genome.jp/dbget-bin/www_bget?compound+C00407">
        <graphics name="C00407" fgcolor="#000000" bgcolor="#FFFFFF"
             type="circle" x="180" y="607" width="8" height="8"/>
    </entry>
    <entry id="51" name="cpd:C03127" type="compound"
        link="http://www.genome.jp/dbget-bin/www_bget?compound+C03127">
        <graphics name="C03127" fgcolor="#000000" bgcolor="#FFFFFF"
             type="circle" x="180" y="672" width="8" height="8"/>
    </entry>
    <entry id="52" name="cpd:C00017" type="compound"
        link="http://www.genome.jp/dbget-bin/www_bget?compound+C00017">
        <graphics name="C00017" fgcolor="#000000" bgcolor="#FFFFFF"
             type="circle" x="180" y="730" width="8" height="8"/>
    </entry>
    <entry id="53" name="cpd:C00017" type="compound"
        link="http://www.genome.jp/dbget-bin/www_bget?compound+C00017">
        <graphics name="C00017" fgcolor="#000000" bgcolor="#FFFFFF"
             type="circle" x="322" y="730" width="8" height="8"/>
    </entry>
    <entry id="54" name="cpd:C02554" type="compound"
        link="http://www.genome.jp/dbget-bin/www_bget?compound+C02554">
        <graphics name="C02554" fgcolor="#000000" bgcolor="#FFFFFF"
             type="circle" x="322" y="672" width="8" height="8"/>
    </entry>
    <entry id="55" name="cpd:C00183" type="compound"
        link="http://www.genome.jp/dbget-bin/www_bget?compound+C00183">
        <graphics name="C00183" fgcolor="#000000" bgcolor="#FFFFFF"
             type="circle" x="322" y="607" width="8" height="8"/>
    </entry>
    <entry id="56" name="cpd:C00141" type="compound"
        link="http://www.genome.jp/dbget-bin/www_bget?compound+C00141">
        <graphics name="C00141" fgcolor="#000000" bgcolor="#FFFFFF"
             type="circle" x="322" y="537" width="8" height="8"/>
    </entry>
    <entry id="57" name="cpd:C04272" type="compound"
        link="http://www.genome.jp/dbget-bin/www_bget?compound+C04272">
        <graphics name="C04272" fgcolor="#000000" bgcolor="#FFFFFF"
             type="circle" x="322" y="472" width="8" height="8"/>
    </entry>
    <entry id="58" name="cpd:C04181" type="compound"
        link="http://www.genome.jp/dbget-bin/www_bget?compound+C04181">
        <graphics name="C04181" fgcolor="#000000" bgcolor="#FFFFFF"
             type="circle" x="322" y="399" width="8" height="8"/>
    </entry>
    <entry id="59" name="cpd:C06010" type="compound"
        link="http://www.genome.jp/dbget-bin/www_bget?compound+C06010">
        <graphics name="C06010" fgcolor="#000000" bgcolor="#FFFFFF"
             type="circle" x="322" y="333" width="8" height="8"/>
    </entry>
    <entry id="60" name="cpd:C02504" type="compound"
        link="http://www.genome.jp/dbget-bin/www_bget?compound+C02504">
        <graphics name="C02504" fgcolor="#000000" bgcolor="#FFFFFF"
             type="circle" x="456" y="537" width="8" height="8"/>
    </entry>
    <entry id="61" name="cpd:C02631" type="compound"
        link="http://www.genome.jp/dbget-bin/www_bget?compound+C02631">
        <graphics name="C02631" fgcolor="#000000" bgcolor="#FFFFFF"
             type="circle" x="570" y="537" width="8" height="8"/>
    </entry>
    <entry id="62" name="cpd:C04411" type="compound"
        link="http://www.genome.jp/dbget-bin/www_bget?compound+C04411">
        <graphics name="C04411" fgcolor="#000000" bgcolor="#FFFFFF"
             type="circle" x="683" y="537" width="8" height="8"/>
    </entry>
    <entry id="63" name="cpd:C04236" type="compound"
        link="http://www.genome.jp/dbget-bin/www_bget?compound+C04236">
        <graphics name="C04236" fgcolor="#000000" bgcolor="#FFFFFF"
             type="circle" x="683" y="607" width="8" height="8"/>
    </entry>
    <entry id="64" name="cpd:C00233" type="compound"
        link="http://www.genome.jp/dbget-bin/www_bget?compound+C00233">
        <graphics name="C00233" fgcolor="#000000" bgcolor="#FFFFFF"
             type="circle" x="683" y="672" width="8" height="8"/>
    </entry>
    <entry id="65" name="cpd:C00123" type="compound"
        link="http://www.genome.jp/dbget-bin/www_bget?compound+C00123">
        <graphics name="C00123" fgcolor="#000000" bgcolor="#FFFFFF"
             type="circle" x="683" y="749" width="8" height="8"/>
    </entry>
    <entry id="66" name="cpd:C02047" type="compound"
        link="http://www.genome.jp/dbget-bin/www_bget?compound+C02047">
        <graphics name="C02047" fgcolor="#000000" bgcolor="#FFFFFF"
             type="circle" x="683" y="813" width="8" height="8"/>
    </entry>
    <entry id="67" name="cpd:C00017" type="compound"
        link="http://www.genome.jp/dbget-bin/www_bget?compound+C00017">
        <graphics name="C00017" fgcolor="#000000" bgcolor="#FFFFFF"
             type="circle" x="683" y="872" width="8" height="8"/>
    </entry>
    <entry id="98" name="" type="other" reaction="rn:R01652">
        <graphics fgcolor="#000000" bgcolor="#FFFFFF"
             type="rectangle" x="684" y="636" width="64" height="12"/>
    </entry>
    <relation entry1="5" entry2="6" type="ECrel">
        <subtype name="compound" value="45"/>
    </relation>
    <relation entry1="5" entry2="35" type="ECrel">
        <subtype name="compound" value="45"/>
    </relation>
    <relation entry1="6" entry2="35" type="ECrel">
        <subtype name="compound" value="45"/>
    </relation>
    <relation entry1="4" entry2="5" type="ECrel">
        <subtype name="compound" value="8"/>
    </relation>
    <relation entry1="1" entry2="4" type="ECrel">
        <subtype name="compound" value="9"/>
    </relation>
    <relation entry1="1" entry2="2" type="ECrel">
        <subtype name="compound" value="10"/>
    </relation>
    <relation entry1="2" entry2="3" type="ECrel">
        <subtype name="compound" value="10"/>
    </relation>
    <relation entry1="2" entry2="34" type="ECrel">
        <subtype name="compound" value="43"/>
    </relation>
    <relation entry1="2" entry2="42" type="ECrel">
        <subtype name="compound" value="43"/>
    </relation>
    <relation entry1="34" entry2="35" type="ECrel">
        <subtype name="compound" value="44"/>
    </relation>
    <relation entry1="30" entry2="34" type="ECrel">
        <subtype name="compound" value="44"/>
    </relation>
    <relation entry1="27" entry2="35" type="ECrel">
        <subtype name="compound" value="46"/>
    </relation>
    <relation entry1="28" entry2="35" type="ECrel">
        <subtype name="compound" value="46"/>
    </relation>
    <relation entry1="18" entry2="28" type="ECrel">
        <subtype name="compound" value="47"/>
    </relation>
    <relation entry1="18" entry2="32" type="ECrel">
        <subtype name="compound" value="48"/>
    </relation>
    <relation entry1="14" entry2="32" type="ECrel">
        <subtype name="compound" value="49"/>
    </relation>
    <relation entry1="32" entry2="41" type="ECrel">
        <subtype name="compound" value="49"/>
    </relation>
    <relation entry1="14" entry2="31" type="ECrel">
        <subtype name="compound" value="50"/>
    </relation>
    <relation entry1="31" entry2="41" type="ECrel">
        <subtype name="compound" value="50"/>
    </relation>
    <relation entry1="29" entry2="30" type="ECrel">
        <subtype name="compound" value="59"/>
    </relation>
    <relation entry1="30" entry2="38" type="ECrel">
        <subtype name="compound" value="59"/>
    </relation>
    <relation entry1="33" entry2="38" type="ECrel">
        <subtype name="compound" value="58"/>
    </relation>
    <relation entry1="26" entry2="33" type="ECrel">
        <subtype name="compound" value="57"/>
    </relation>
    <relation entry1="24" entry2="26" type="ECrel">
        <subtype name="compound" value="56"/>
    </relation>
    <relation entry1="25" entry2="26" type="ECrel">
        <subtype name="compound" value="56"/>
    </relation>
    <relation entry1="26" entry2="40" type="ECrel">
        <subtype name="compound" value="56"/>
    </relation>
    <relation entry1="22" entry2="26" type="ECrel">
        <subtype name="compound" value="56"/>
    </relation>
    <relation entry1="22" entry2="24" type="ECrel">
        <subtype name="compound" value="56"/>
    </relation>
    <relation entry1="22" entry2="25" type="ECrel">
        <subtype name="compound" value="56"/>
    </relation>
    <relation entry1="22" entry2="40" type="ECrel">
        <subtype name="compound" value="56"/>
    </relation>
    <relation entry1="23" entry2="24" type="ECrel">
        <subtype name="compound" value="55"/>
    </relation>
    <relation entry1="23" entry2="25" type="ECrel">
        <subtype name="compound" value="55"/>
    </relation>
    <relation entry1="23" entry2="40" type="ECrel">
        <subtype name="compound" value="55"/>
    </relation>
    <relation entry1="19" entry2="22" type="ECrel">
        <subtype name="compound" value="60"/>
    </relation>
    <relation entry1="20" entry2="21" type="ECrel">
        <subtype name="compound" value="62"/>
    </relation>
    <relation entry1="15" entry2="16" type="ECrel">
        <subtype name="compound" value="65"/>
    </relation>
    <relation entry1="15" entry2="17" type="ECrel">
        <subtype name="compound" value="65"/>
    </relation>
    <relation entry1="15" entry2="39" type="ECrel">
        <subtype name="compound" value="65"/>
    </relation>
    <relation entry1="6" entry2="13" type="maplink">
        <subtype name="compound" value="7"/>
    </relation>
    <relation entry1="34" entry2="37" type="maplink">
        <subtype name="compound" value="43"/>
    </relation>
    <relation entry1="42" entry2="37" type="maplink">
        <subtype name="compound" value="43"/>
    </relation>
    <relation entry1="2" entry2="37" type="maplink">
        <subtype name="compound" value="43"/>
    </relation>
    <relation entry1="14" entry2="36" type="maplink">
        <subtype name="compound" value="50"/>
    </relation>
    <relation entry1="41" entry2="36" type="maplink">
        <subtype name="compound" value="50"/>
    </relation>
    <relation entry1="31" entry2="36" type="maplink">
        <subtype name="compound" value="50"/>
    </relation>
    <relation entry1="24" entry2="36" type="maplink">
        <subtype name="compound" value="55"/>
    </relation>
    <relation entry1="25" entry2="36" type="maplink">
        <subtype name="compound" value="55"/>
    </relation>
    <relation entry1="40" entry2="36" type="maplink">
        <subtype name="compound" value="55"/>
    </relation>
    <relation entry1="23" entry2="36" type="maplink">
        <subtype name="compound" value="55"/>
    </relation>
    <relation entry1="22" entry2="37" type="maplink">
        <subtype name="compound" value="60"/>
    </relation>
    <relation entry1="19" entry2="37" type="maplink">
        <subtype name="compound" value="60"/>
    </relation>
    <relation entry1="16" entry2="36" type="maplink">
        <subtype name="compound" value="65"/>
    </relation>
    <relation entry1="17" entry2="36" type="maplink">
        <subtype name="compound" value="65"/>
    </relation>
    <relation entry1="39" entry2="36" type="maplink">
        <subtype name="compound" value="65"/>
    </relation>
    <relation entry1="15" entry2="36" type="maplink">
        <subtype name="compound" value="65"/>
    </relation>
    <reaction name="rn:R03896" type="irreversible">
        <substrate name="cpd:C02612"/>
        <product name="cpd:C02226"/>
    </reaction>
    <reaction name="rn:R07399" type="irreversible">
        <substrate name="cpd:C00024"/>
        <substrate name="cpd:C00022"/>
        <product name="cpd:C02612"/>
    </reaction>
    <reaction name="rn:R03898" type="irreversible">
        <substrate name="cpd:C02226"/>
        <product name="cpd:C06032"/>
    </reaction>
    <reaction name="rn:R00994" type="irreversible">
        <substrate name="cpd:C06032"/>
        <product name="cpd:C00109"/>
    </reaction>
    <reaction name="rn:R00996" type="irreversible">
        <substrate name="cpd:C00188"/>
        <product name="cpd:C00109"/>
    </reaction>
    <reaction name="rn:R02199" type="irreversible">
        <substrate name="cpd:C00671"/>
        <product name="cpd:C00407"/>
    </reaction>
    <reaction name="rn:R03657" type="irreversible">
        <substrate name="cpd:C00123"/>
        <product name="cpd:C02047"/>
    </reaction>
    <reaction name="rn:R01090" type="reversible">
        <substrate name="cpd:C00123"/>
        <product name="cpd:C00233"/>
    </reaction>
    <reaction name="rn:R05068" type="reversible">
        <substrate name="cpd:C06007"/>
        <product name="cpd:C14463"/>
    </reaction>
    <reaction name="rn:R03968" type="reversible">
        <substrate name="cpd:C02504"/>
        <product name="cpd:C02631"/>
    </reaction>
    <reaction name="rn:R04426" type="reversible">
        <substrate name="cpd:C04411"/>
        <product name="cpd:C04236"/>
    </reaction>
    <reaction name="rn:R04001" type="reversible">
        <substrate name="cpd:C04411"/>
        <product name="cpd:C02631"/>
    </reaction>
    <reaction name="rn:R01213" type="irreversible">
        <substrate name="cpd:C00141"/>
        <product name="cpd:C02504"/>
    </reaction>
    <reaction name="rn:R03665" type="irreversible">
        <substrate name="cpd:C00183"/>
        <product name="cpd:C02554"/>
    </reaction>
    <reaction name="rn:R01215" type="irreversible">
        <substrate name="cpd:C00141"/>
        <product name="cpd:C00183"/>
    </reaction>
    <reaction name="rn:R01214" type="irreversible">
        <substrate name="cpd:C00141"/>
        <product name="cpd:C00183"/>
    </reaction>
    <reaction name="rn:R04441" type="irreversible">
        <substrate name="cpd:C04272"/>
        <product name="cpd:C00141"/>
    </reaction>
    <reaction name="rn:R05069" type="reversible">
        <substrate name="cpd:C06006"/>
        <product name="cpd:C14463"/>
    </reaction>
    <reaction name="rn:R05071" type="reversible">
        <substrate name="cpd:C06010"/>
        <product name="cpd:C04181"/>
    </reaction>
    <reaction name="rn:R04672" type="irreversible">
        <substrate name="cpd:C05125"/>
        <product name="cpd:C06010"/>
    </reaction>
    <reaction name="rn:R03656" type="irreversible">
        <substrate name="cpd:C00407"/>
        <product name="cpd:C03127"/>
    </reaction>
    <reaction name="rn:R05070" type="irreversible">
        <substrate name="cpd:C06007"/>
        <product name="cpd:C00671"/>
    </reaction>
    <reaction name="rn:R04440" type="reversible">
        <substrate name="cpd:C04272"/>
        <product name="cpd:C04181"/>
    </reaction>
    <reaction name="rn:R00014" type="irreversible">
        <substrate name="cpd:C00022"/>
        <product name="cpd:C05125"/>
    </reaction>
    <reaction name="rn:R04673" type="irreversible">
        <substrate name="cpd:C00109"/>
        <substrate name="cpd:C05125"/>
        <product name="cpd:C06006"/>
    </reaction>
    <reaction name="rn:R01088" type="reversible">
        <substrate name="cpd:C00123"/>
        <product name="cpd:C00233"/>
    </reaction>
    <reaction name="rn:R01434" type="irreversible">
        <substrate name="cpd:C00141"/>
        <product name="cpd:C00183"/>
    </reaction>
    <reaction name="rn:R02196" type="irreversible">
        <substrate name="cpd:C00671"/>
        <product name="cpd:C00407"/>
    </reaction>
    <reaction name="rn:R01652" type="irreversible">
        <substrate name="cpd:C04236"/>
        <product name="cpd:C00233"/>
    </reaction>
</pathway>
