<?xml version="1.0"?>
<!DOCTYPE pathway SYSTEM "http://www.genome.jp/kegg/xml/KGML_v0.6.1_.dtd">
<!-- Creation date: Jan 31 2009 02:51:42 +0900 (JST) -->
<pathway name="path:map04530" org="map" number="04530"
         title="Tight junction"
         image="http://www.genome.jp/kegg/pathway/map/map04530.gif"
         link="http://www.genome.jp/dbget-bin/show_pathway?map04530">
    <entry id="1" name="ko:K06089 ko:K06735 ko:K06785 ko:K06786" type="ortholog"
        link="http://www.genome.jp/dbget-bin/www_bget?ko+K06089+K06735+K06785+K06786">
        <graphics name="K06089..." fgcolor="#000000" bgcolor="#FFFFFF"
             type="rectangle" x="123" y="677" width="46" height="17"/>
    </entry>
    <entry id="2" name="ko:K02677 ko:K06068" type="ortholog"
        link="http://www.genome.jp/dbget-bin/www_bget?ko+K02677+K06068">
        <graphics name="K02677..." fgcolor="#000000" bgcolor="#FFFFFF"
             type="rectangle" x="764" y="562" width="46" height="17"/>
    </entry>
    <entry id="3" name="ko:K03456 ko:K04382" type="ortholog"
        link="http://www.genome.jp/dbget-bin/www_bget?ko+K03456+K04382">
        <graphics name="K03456..." fgcolor="#000000" bgcolor="#FFFFFF"
             type="rectangle" x="316" y="664" width="46" height="17"/>
    </entry>
    <entry id="4" name="ko:K06088" type="ortholog"
        link="http://www.genome.jp/dbget-bin/www_bget?ko+K06088">
        <graphics name="K06088" fgcolor="#000000" bgcolor="#FFFFFF"
             type="rectangle" x="168" y="588" width="46" height="17"/>
    </entry>
    <entry id="5" name="ko:K06089 ko:K06735 ko:K06785 ko:K06786" type="ortholog"
        link="http://www.genome.jp/dbget-bin/www_bget?ko+K06089+K06735+K06785+K06786">
        <graphics name="K06089..." fgcolor="#000000" bgcolor="#FFFFFF"
             type="rectangle" x="168" y="677" width="46" height="17"/>
    </entry>
    <entry id="6" name="ko:K06087" type="ortholog"
        link="http://www.genome.jp/dbget-bin/www_bget?ko+K06087">
        <graphics name="K06087" fgcolor="#000000" bgcolor="#FFFFFF"
             type="rectangle" x="168" y="400" width="46" height="17"/>
    </entry>
    <entry id="7" name="ko:K06093" type="ortholog"
        link="http://www.genome.jp/dbget-bin/www_bget?ko+K06093">
        <graphics name="K06093" fgcolor="#000000" bgcolor="#FFFFFF"
             type="rectangle" x="501" y="266" width="46" height="17"/>
    </entry>
    <entry id="8" name="ko:K06094" type="ortholog"
        link="http://www.genome.jp/dbget-bin/www_bget?ko+K06094">
        <graphics name="K06094" fgcolor="#000000" bgcolor="#FFFFFF"
             type="rectangle" x="501" y="347" width="46" height="17"/>
    </entry>
    <entry id="9" name="ko:K04237" type="ortholog"
        link="http://www.genome.jp/dbget-bin/www_bget?ko+K04237">
        <graphics name="K04237" fgcolor="#000000" bgcolor="#FFFFFF"
             type="rectangle" x="393" y="299" width="46" height="17"/>
    </entry>
    <entry id="10" name="ko:K05631" type="ortholog"
        link="http://www.genome.jp/dbget-bin/www_bget?ko+K05631">
        <graphics name="K05631" fgcolor="#000000" bgcolor="#FFFFFF"
             type="rectangle" x="316" y="703" width="46" height="17"/>
    </entry>
    <entry id="11" name="ko:K05701" type="ortholog"
        link="http://www.genome.jp/dbget-bin/www_bget?ko+K05701">
        <graphics name="K05701" fgcolor="#000000" bgcolor="#FFFFFF"
             type="rectangle" x="371" y="509" width="46" height="17"/>
    </entry>
    <entry id="12" name="ko:K02677 ko:K06068" type="ortholog"
        link="http://www.genome.jp/dbget-bin/www_bget?ko+K02677+K06068">
        <graphics name="K02677..." fgcolor="#000000" bgcolor="#FFFFFF"
             type="rectangle" x="267" y="351" width="46" height="17"/>
    </entry>
    <entry id="13" name="ko:K06107" type="ortholog"
        link="http://www.genome.jp/dbget-bin/www_bget?ko+K06107">
        <graphics name="K06107" fgcolor="#000000" bgcolor="#FFFFFF"
             type="rectangle" x="501" y="585" width="46" height="17"/>
    </entry>
    <entry id="14" name="ko:K05691" type="ortholog"
        link="http://www.genome.jp/dbget-bin/www_bget?ko+K05691">
        <graphics name="K05691" fgcolor="#000000" bgcolor="#FFFFFF"
             type="rectangle" x="501" y="562" width="46" height="17"/>
    </entry>
    <entry id="15" name="ko:K06095" type="ortholog"
        link="http://www.genome.jp/dbget-bin/www_bget?ko+K06095">
        <graphics name="K06095" fgcolor="#000000" bgcolor="#FFFFFF"
             type="rectangle" x="250" y="485" width="46" height="17"/>
    </entry>
    <entry id="16" name="ko:K06106" type="ortholog"
        link="http://www.genome.jp/dbget-bin/www_bget?ko+K06106">
        <graphics name="K06106" fgcolor="#000000" bgcolor="#FFFFFF"
             type="rectangle" x="501" y="539" width="46" height="17"/>
    </entry>
    <entry id="17" name="ko:K06096" type="ortholog"
        link="http://www.genome.jp/dbget-bin/www_bget?ko+K06096">
        <graphics name="K06096" fgcolor="#000000" bgcolor="#FFFFFF"
             type="rectangle" x="213" y="509" width="46" height="17"/>
    </entry>
    <entry id="18" name="ko:K03097 ko:K03115" type="ortholog"
        link="http://www.genome.jp/dbget-bin/www_bget?ko+K03097+K03115">
        <graphics name="K03097..." fgcolor="#000000" bgcolor="#FFFFFF"
             type="rectangle" x="267" y="375" width="46" height="17"/>
    </entry>
    <entry id="19" name="ko:K06108" type="ortholog"
        link="http://www.genome.jp/dbget-bin/www_bget?ko+K06108">
        <graphics name="K06108" fgcolor="#000000" bgcolor="#FFFFFF"
             type="rectangle" x="650" y="562" width="46" height="17"/>
    </entry>
    <entry id="20" name="ko:K05692" type="ortholog"
        link="http://www.genome.jp/dbget-bin/www_bget?ko+K05692">
        <graphics name="K05692" fgcolor="#000000" bgcolor="#FFFFFF"
             type="rectangle" x="669" y="509" width="46" height="17"/>
    </entry>
    <entry id="21" name="hsa:6709 mmu:20742 rno:64159" type="other">
        <graphics name="SPTAN1..." fgcolor="#000000" bgcolor="#FFFFFF"
             type="rectangle" x="428" y="595" width="46" height="17"/>
    </entry>
    <entry id="22" name="ko:K10351 ko:K10352" type="ortholog"
        link="http://www.genome.jp/dbget-bin/www_bget?ko+K10351+K10352">
        <graphics name="K10351..." fgcolor="#000000" bgcolor="#FFFFFF"
             type="rectangle" x="764" y="509" width="46" height="17"/>
    </entry>
    <entry id="23" name="ko:K02089" type="ortholog"
        link="http://www.genome.jp/dbget-bin/www_bget?ko+K02089">
        <graphics name="K02089" fgcolor="#000000" bgcolor="#FFFFFF"
             type="rectangle" x="670" y="400" width="46" height="17"/>
    </entry>
    <entry id="24" name="ko:K06099" type="ortholog"
        link="http://www.genome.jp/dbget-bin/www_bget?ko+K06099">
        <graphics name="K06099" fgcolor="#000000" bgcolor="#FFFFFF"
             type="rectangle" x="583" y="400" width="46" height="17"/>
    </entry>
    <entry id="25" name="ko:K04513" type="ortholog"
        link="http://www.genome.jp/dbget-bin/www_bget?ko+K04513">
        <graphics name="K04513" fgcolor="#000000" bgcolor="#FFFFFF"
             type="rectangle" x="859" y="509" width="46" height="17"/>
    </entry>
    <entry id="26" name="ko:K06101" type="ortholog"
        link="http://www.genome.jp/dbget-bin/www_bget?ko+K06101">
        <graphics name="K06101" fgcolor="#000000" bgcolor="#FFFFFF"
             type="rectangle" x="670" y="362" width="46" height="17"/>
    </entry>
    <entry id="27" name="ko:K06111" type="ortholog"
        link="http://www.genome.jp/dbget-bin/www_bget?ko+K06111">
        <graphics name="K06111" fgcolor="#000000" bgcolor="#FFFFFF"
             type="rectangle" x="705" y="608" width="46" height="17"/>
    </entry>
    <entry id="28" name="ko:K06069" type="ortholog"
        link="http://www.genome.jp/dbget-bin/www_bget?ko+K06069">
        <graphics name="K06069" fgcolor="#000000" bgcolor="#FFFFFF"
             type="rectangle" x="501" y="299" width="46" height="17"/>
    </entry>
    <entry id="29" name="ko:K02833 ko:K07827 ko:K07828 ko:K07829 ko:K07830 ko:K07831" type="ortholog"
        link="http://www.genome.jp/dbget-bin/www_bget?ko+K02833+K07827+K07828+K07829+K07830+K07831">
        <graphics name="K02833..." fgcolor="#000000" bgcolor="#FFFFFF"
             type="rectangle" x="371" y="641" width="46" height="17"/>
    </entry>
    <entry id="30" name="ko:K04456" type="ortholog"
        link="http://www.genome.jp/dbget-bin/www_bget?ko+K04456">
        <graphics name="K04456" fgcolor="#000000" bgcolor="#FFFFFF"
             type="rectangle" x="730" y="703" width="46" height="17"/>
    </entry>
    <entry id="31" name="ko:K05702" type="ortholog"
        link="http://www.genome.jp/dbget-bin/www_bget?ko+K05702">
        <graphics name="K05702" fgcolor="#000000" bgcolor="#FFFFFF"
             type="rectangle" x="316" y="599" width="46" height="17"/>
    </entry>
    <entry id="32" name="ko:K04630" type="ortholog"
        link="http://www.genome.jp/dbget-bin/www_bget?ko+K04630">
        <graphics name="K04630" fgcolor="#000000" bgcolor="#FFFFFF"
             type="rectangle" x="267" y="400" width="46" height="17"/>
    </entry>
    <entry id="33" name="ko:K06102" type="ortholog"
        link="http://www.genome.jp/dbget-bin/www_bget?ko+K06102">
        <graphics name="K06102" fgcolor="#000000" bgcolor="#FFFFFF"
             type="rectangle" x="583" y="449" width="46" height="17"/>
    </entry>
    <entry id="34" name="ko:K04424" type="ortholog"
        link="http://www.genome.jp/dbget-bin/www_bget?ko+K04424">
        <graphics name="K04424" fgcolor="#000000" bgcolor="#FFFFFF"
             type="rectangle" x="430" y="436" width="46" height="17"/>
    </entry>
    <entry id="35" name="ko:K06110" type="ortholog"
        link="http://www.genome.jp/dbget-bin/www_bget?ko+K06110">
        <graphics name="K06110" fgcolor="#000000" bgcolor="#FFFFFF"
             type="rectangle" x="705" y="585" width="46" height="17"/>
    </entry>
    <entry id="36" name="ko:K02105" type="ortholog"
        link="http://www.genome.jp/dbget-bin/www_bget?ko+K02105">
        <graphics name="K02105" fgcolor="#000000" bgcolor="#FFFFFF"
             type="rectangle" x="501" y="400" width="46" height="17"/>
    </entry>
    <entry id="37" name="ko:K06097" type="ortholog"
        link="http://www.genome.jp/dbget-bin/www_bget?ko+K06097">
        <graphics name="K06097" fgcolor="#000000" bgcolor="#FFFFFF"
             type="rectangle" x="371" y="472" width="46" height="17"/>
    </entry>
    <entry id="38" name="ko:K06092" type="ortholog"
        link="http://www.genome.jp/dbget-bin/www_bget?ko+K06092">
        <graphics name="K06092" fgcolor="#000000" bgcolor="#FFFFFF"
             type="rectangle" x="267" y="268" width="46" height="17"/>
    </entry>
    <entry id="39" name="ko:K04393" type="ortholog"
        link="http://www.genome.jp/dbget-bin/www_bget?ko+K04393">
        <graphics name="K04393" fgcolor="#000000" bgcolor="#FFFFFF"
             type="rectangle" x="598" y="266" width="46" height="17"/>
    </entry>
    <entry id="40" name="ko:K05704" type="ortholog"
        link="http://www.genome.jp/dbget-bin/www_bget?ko+K05704">
        <graphics name="K05704" fgcolor="#000000" bgcolor="#FFFFFF"
             type="rectangle" x="594" y="585" width="46" height="17"/>
    </entry>
    <entry id="41" name="ko:K03456 ko:K04354 ko:K04382" type="ortholog"
        link="http://www.genome.jp/dbget-bin/www_bget?ko+K03456+K04354+K04382">
        <graphics name="K03456..." fgcolor="#000000" bgcolor="#FFFFFF"
             type="rectangle" x="599" y="334" width="46" height="17"/>
    </entry>
    <entry id="42" name="ko:K06109" type="ortholog"
        link="http://www.genome.jp/dbget-bin/www_bget?ko+K06109">
        <graphics name="K06109" fgcolor="#000000" bgcolor="#FFFFFF"
             type="rectangle" x="650" y="585" width="46" height="17"/>
    </entry>
    <entry id="43" name="ko:K05699" type="ortholog"
        link="http://www.genome.jp/dbget-bin/www_bget?ko+K05699">
        <graphics name="K05699" fgcolor="#000000" bgcolor="#FFFFFF"
             type="rectangle" x="501" y="608" width="46" height="17"/>
    </entry>
    <entry id="44" name="ko:K06103" type="ortholog"
        link="http://www.genome.jp/dbget-bin/www_bget?ko+K06103">
        <graphics name="K06103" fgcolor="#000000" bgcolor="#FFFFFF"
             type="rectangle" x="371" y="664" width="46" height="17"/>
    </entry>
    <entry id="45" name="ko:K06098" type="ortholog"
        link="http://www.genome.jp/dbget-bin/www_bget?ko+K06098">
        <graphics name="K06098" fgcolor="#000000" bgcolor="#FFFFFF"
             type="rectangle" x="371" y="547" width="46" height="17"/>
    </entry>
    <entry id="46" name="ko:K05705" type="ortholog"
        link="http://www.genome.jp/dbget-bin/www_bget?ko+K05705">
        <graphics name="K05705" fgcolor="#000000" bgcolor="#FFFFFF"
             type="rectangle" x="594" y="608" width="46" height="17"/>
    </entry>
    <entry id="47" name="ko:K05629 ko:K06112" type="ortholog"
        link="http://www.genome.jp/dbget-bin/www_bget?ko+K05629+K06112">
        <graphics name="K05629..." fgcolor="#000000" bgcolor="#FFFFFF"
             type="rectangle" x="428" y="703" width="46" height="17"/>
    </entry>
    <entry id="48" name="ko:K01110" type="ortholog"
        link="http://www.genome.jp/dbget-bin/www_bget?ko+K01110">
        <graphics name="K01110" fgcolor="#000000" bgcolor="#FFFFFF"
             type="rectangle" x="543" y="703" width="46" height="17"/>
    </entry>
    <entry id="49" name="ko:K06087" type="ortholog"
        link="http://www.genome.jp/dbget-bin/www_bget?ko+K06087">
        <graphics name="K06087" fgcolor="#000000" bgcolor="#FFFFFF"
             type="rectangle" x="123" y="400" width="46" height="17"/>
    </entry>
    <entry id="50" name="ko:K06105" type="ortholog"
        link="http://www.genome.jp/dbget-bin/www_bget?ko+K06105">
        <graphics name="K06105" fgcolor="#000000" bgcolor="#FFFFFF"
             type="rectangle" x="428" y="664" width="46" height="17"/>
    </entry>
    <entry id="51" name="ko:K06104" type="ortholog"
        link="http://www.genome.jp/dbget-bin/www_bget?ko+K06104">
        <graphics name="K06104" fgcolor="#000000" bgcolor="#FFFFFF"
             type="rectangle" x="428" y="641" width="46" height="17"/>
    </entry>
    <entry id="52" name="ko:K06091" type="ortholog"
        link="http://www.genome.jp/dbget-bin/www_bget?ko+K06091">
        <graphics name="K06091" fgcolor="#000000" bgcolor="#FFFFFF"
             type="rectangle" x="267" y="229" width="46" height="17"/>
    </entry>
    <entry id="53" name="ko:K06088" type="ortholog"
        link="http://www.genome.jp/dbget-bin/www_bget?ko+K06088">
        <graphics name="K06088" fgcolor="#000000" bgcolor="#FFFFFF"
             type="rectangle" x="123" y="588" width="46" height="17"/>
    </entry>
    <entry id="54" name="ko:K06090" type="ortholog"
        link="http://www.genome.jp/dbget-bin/www_bget?ko+K06090">
        <graphics name="K06090" fgcolor="#000000" bgcolor="#FFFFFF"
             type="rectangle" x="267" y="191" width="46" height="17"/>
    </entry>
    <entry id="55" name="ko:K06100" type="ortholog"
        link="http://www.genome.jp/dbget-bin/www_bget?ko+K06100">
        <graphics name="K06100" fgcolor="#000000" bgcolor="#FFFFFF"
             type="rectangle" x="670" y="334" width="46" height="17"/>
    </entry>
    <entry id="56" name="path:map04530" type="map"
        link="http://www.genome.jp/dbget-bin/get_linkdb?pathway+map04530">
        <graphics name="TITLE:Tight junction" fgcolor="#000000" bgcolor="#FFFFFF"
             type="roundrectangle" x="137" y="67" width="155" height="25"/>
    </entry>
    <entry id="57" name="path:map04520" type="map"
        link="http://www.genome.jp/kegg/pathway/map/map04520.html">
        <graphics name="Adherens junction" fgcolor="#000000" bgcolor="#FFFFFF"
             type="roundrectangle" x="859" y="266" width="120" height="25"/>
    </entry>
    <entry id="58" name="path:map04810" type="map"
        link="http://www.genome.jp/kegg/pathway/map/map04810.html">
        <graphics name="Regulation of actin cytoskeleton" fgcolor="#000000" bgcolor="#FFFFFF"
             type="roundrectangle" x="859" y="476" width="119" height="34"/>
    </entry>
    <entry id="59" name="path:map04070" type="map"
        link="http://www.genome.jp/kegg/pathway/map/map04070.html">
        <graphics name="Phosphatidylinositol signaling system" fgcolor="#000000" bgcolor="#FFFFFF"
             type="roundrectangle" x="671" y="664" width="119" height="34"/>
    </entry>
    <entry id="61" name="cpd:C05981" type="compound"
        link="http://www.genome.jp/dbget-bin/www_bget?compound+C05981">
        <graphics name="C05981" fgcolor="#000000" bgcolor="#FFFFFF"
             type="circle" x="637" y="704" width="8" height="8"/>
    </entry>
    <relation entry1="6" entry2="49" type="PPrel">
        <subtype name="binding/association" value="---"/>
    </relation>
    <relation entry1="4" entry2="53" type="PPrel">
        <subtype name="binding/association" value="---"/>
    </relation>
    <relation entry1="5" entry2="1" type="PPrel">
        <subtype name="binding/association" value="---"/>
    </relation>
    <relation entry1="52" entry2="54" type="PPrel">
        <subtype name="binding/association" value="---"/>
    </relation>
    <relation entry1="38" entry2="52" type="PPrel">
        <subtype name="binding/association" value="---"/>
    </relation>
    <relation entry1="6" entry2="38" type="PPrel">
        <subtype name="binding/association" value="---"/>
    </relation>
    <relation entry1="37" entry2="38" type="PPrel">
        <subtype name="binding/association" value="---"/>
    </relation>
    <relation entry1="7" entry2="52" type="PPrel">
        <subtype name="binding/association" value="---"/>
    </relation>
    <relation entry1="7" entry2="28" type="PPrel">
        <subtype name="binding/association" value="---"/>
    </relation>
    <relation entry1="11" entry2="37" type="PPrel">
        <subtype name="binding/association" value="---"/>
    </relation>
    <relation entry1="11" entry2="45" type="PPrel">
        <subtype name="binding/association" value="---"/>
    </relation>
    <relation entry1="11" entry2="36" type="PPrel">
        <subtype name="binding/association" value="---"/>
    </relation>
    <relation entry1="11" entry2="24" type="PPrel">
        <subtype name="binding/association" value="---"/>
    </relation>
    <relation entry1="23" entry2="24" type="PPrel">
        <subtype name="binding/association" value="---"/>
    </relation>
    <relation entry1="20" entry2="22" type="PPrel">
        <subtype name="binding/association" value="---"/>
    </relation>
    <relation entry1="11" entry2="31" type="PPrel">
        <subtype name="binding/association" value="---"/>
    </relation>
    <relation entry1="5" entry2="11" type="PPrel">
        <subtype name="binding/association" value="---"/>
    </relation>
    <relation entry1="5" entry2="10" type="PPrel">
        <subtype name="binding/association" value="---"/>
    </relation>
    <relation entry1="9" entry2="5" type="PPrel">
        <subtype name="activation" value="-->"/>
    </relation>
    <relation entry1="29" entry2="31" type="PPrel">
        <subtype name="activation" value="-->"/>
    </relation>
    <relation entry1="47" entry2="48" type="PPrel">
        <subtype name="activation" value="-->"/>
    </relation>
    <relation entry1="2" entry2="20" type="PPrel">
        <subtype name="activation" value="-->"/>
    </relation>
    <relation entry1="2" entry2="25" type="PPrel">
        <subtype name="activation" value="-->"/>
    </relation>
    <relation entry1="28" entry2="9" type="PPrel">
        <subtype name="activation" value="-->"/>
        <subtype name="phosphorylation" value="+p"/>
    </relation>
    <relation entry1="34" entry2="11" type="PPrel">
        <subtype name="activation" value="-->"/>
        <subtype name="phosphorylation" value="+p"/>
    </relation>
    <relation entry1="28" entry2="8" type="PPrel">
        <subtype name="phosphorylation" value="+p"/>
        <subtype name="dissociation" value="-+-"/>
    </relation>
    <relation entry1="41" entry2="28" type="PPrel">
        <subtype name="inhibition" value="--|"/>
        <subtype name="dephosphorylation" value="-p"/>
    </relation>
    <relation entry1="3" entry2="5" type="PPrel">
        <subtype name="inhibition" value="--|"/>
        <subtype name="dephosphorylation" value="-p"/>
    </relation>
    <relation entry1="48" entry2="30" type="PPrel">
        <subtype name="inhibition" value="--|"/>
    </relation>
    <relation entry1="6" entry2="37" type="PPrel">
        <subtype name="binding/association" value="---"/>
    </relation>
    <relation entry1="6" entry2="15" type="PPrel">
        <subtype name="binding/association" value="---"/>
    </relation>
    <relation entry1="5" entry2="15" type="PPrel">
        <subtype name="binding/association" value="---"/>
    </relation>
    <relation entry1="6" entry2="11" type="PPrel">
        <subtype name="binding/association" value="---"/>
    </relation>
    <relation entry1="6" entry2="45" type="PPrel">
        <subtype name="binding/association" value="---"/>
    </relation>
    <relation entry1="4" entry2="37" type="PPrel">
        <subtype name="binding/association" value="---"/>
    </relation>
    <relation entry1="4" entry2="11" type="PPrel">
        <subtype name="binding/association" value="---"/>
    </relation>
    <relation entry1="4" entry2="45" type="PPrel">
        <subtype name="binding/association" value="---"/>
    </relation>
    <relation entry1="5" entry2="31" type="PPrel">
        <subtype name="binding/association" value="---"/>
    </relation>
    <relation entry1="33" entry2="37" type="PPrel">
        <subtype name="binding/association" value="---"/>
    </relation>
    <relation entry1="11" entry2="33" type="PPrel">
        <subtype name="binding/association" value="---"/>
    </relation>
    <relation entry1="33" entry2="45" type="PPrel">
        <subtype name="binding/association" value="---"/>
    </relation>
    <relation entry1="22" entry2="33" type="PPrel">
        <subtype name="binding/association" value="---"/>
    </relation>
    <relation entry1="20" entry2="37" type="PPrel">
        <subtype name="binding/association" value="---"/>
    </relation>
    <relation entry1="11" entry2="20" type="PPrel">
        <subtype name="binding/association" value="---"/>
    </relation>
    <relation entry1="20" entry2="45" type="PPrel">
        <subtype name="binding/association" value="---"/>
    </relation>
    <relation entry1="11" entry2="16" type="PPrel">
        <subtype name="binding/association" value="---"/>
    </relation>
    <relation entry1="11" entry2="14" type="PPrel">
        <subtype name="binding/association" value="---"/>
    </relation>
    <relation entry1="14" entry2="45" type="PPrel">
        <subtype name="binding/association" value="---"/>
    </relation>
    <relation entry1="21" entry2="45" type="PPrel">
        <subtype name="binding/association" value="---"/>
    </relation>
    <relation entry1="13" entry2="45" type="PPrel">
        <subtype name="binding/association" value="---"/>
    </relation>
    <relation entry1="13" entry2="44" type="PPrel">
        <subtype name="binding/association" value="---"/>
    </relation>
    <relation entry1="10" entry2="43" type="PPrel">
        <subtype name="binding/association" value="---"/>
    </relation>
    <relation entry1="43" entry2="47" type="PPrel">
        <subtype name="binding/association" value="---"/>
    </relation>
    <relation entry1="20" entry2="31" type="PPrel">
        <subtype name="binding/association" value="---"/>
    </relation>
    <relation entry1="39" entry2="7" type="PPrel">
        <subtype name="activation" value="-->"/>
    </relation>
    <relation entry1="12" entry2="5" type="PPrel">
        <subtype name="phosphorylation" value="+p"/>
    </relation>
    <relation entry1="12" entry2="11" type="PPrel">
        <subtype name="phosphorylation" value="+p"/>
    </relation>
    <relation entry1="18" entry2="4" type="PPrel">
        <subtype name="phosphorylation" value="+p"/>
    </relation>
    <relation entry1="25" entry2="22" type="PPrel">
        <subtype name="indirect" value="..>"/>
    </relation>
</pathway>
