<?xml version="1.0"?>
<!DOCTYPE pathway SYSTEM "http://www.genome.jp/kegg/xml/KGML_v0.6.1_.dtd">
<!-- Creation date: Mar 18 2009 02:36:28 +0900 (JST) -->
<pathway name="path:map00360" org="map" number="00360"
         title="Phenylalanine metabolism"
         image="http://www.genome.jp/kegg/pathway/map/map00360.gif"
         link="http://www.genome.jp/dbget-bin/show_pathway?map00360">
    <entry id="1" name="ko:K01666" type="ortholog" reaction="rn:R00750"
        link="http://www.genome.jp/dbget-bin/www_bget?ko+K01666">
        <graphics name="K01666" fgcolor="#000000" bgcolor="#FFFFFF"
             type="rectangle" x="825" y="660" width="46" height="17"/>
    </entry>
    <entry id="2" name="ec:4.3.1.25" type="enzyme" reaction="rn:R00697"
        link="http://www.genome.jp/dbget-bin/www_bget?enzyme+4.3.1.25">
        <graphics name="4.3.1.25" fgcolor="#000000" bgcolor="#FFFFFF"
             type="rectangle" x="497" y="362" width="46" height="17"/>
    </entry>
    <entry id="3" name="path:map00960" type="map"
        link="http://www.genome.jp/kegg/pathway/map/map00960.html">
        <graphics name="Alkaloid biosynthesis II" fgcolor="#000000" bgcolor="#FFFFFF"
             type="roundrectangle" x="443" y="266" width="130" height="25"/>
    </entry>
    <entry id="4" name="ko:K00129" type="ortholog" reaction="rn:R02536 rn:R02537"
        link="http://www.genome.jp/dbget-bin/www_bget?ko+K00129">
        <graphics name="K00129" fgcolor="#000000" bgcolor="#FFFFFF"
             type="rectangle" x="919" y="361" width="46" height="17"/>
    </entry>
    <entry id="5" name="ko:K01912" type="ortholog" reaction="rn:R02539"
        link="http://www.genome.jp/dbget-bin/www_bget?ko+K01912">
        <graphics name="K01912" fgcolor="#000000" bgcolor="#FFFFFF"
             type="rectangle" x="965" y="403" width="46" height="17"/>
    </entry>
    <entry id="6" name="ec:2.3.1.14" type="enzyme" reaction="rn:R02576"
        link="http://www.genome.jp/dbget-bin/www_bget?enzyme+2.3.1.14">
        <graphics name="2.3.1.14" fgcolor="#000000" bgcolor="#FFFFFF"
             type="rectangle" x="966" y="481" width="46" height="17"/>
    </entry>
    <entry id="7" name="ko:K00680" type="ortholog" reaction="rn:R05841"
        link="http://www.genome.jp/dbget-bin/www_bget?ko+K00680">
        <graphics name="K00680" fgcolor="#000000" bgcolor="#FFFFFF"
             type="rectangle" x="918" y="481" width="46" height="17"/>
    </entry>
    <entry id="8" name="ko:K02554" type="ortholog" reaction="rn:R02601"
        link="http://www.genome.jp/dbget-bin/www_bget?ko+K02554">
        <graphics name="K02554" fgcolor="#000000" bgcolor="#FFFFFF"
             type="rectangle" x="721" y="660" width="46" height="17"/>
    </entry>
    <entry id="9" name="ko:K05714" type="ortholog" reaction="rn:R02603"
        link="http://www.genome.jp/dbget-bin/www_bget?ko+K05714">
        <graphics name="K05714" fgcolor="#000000" bgcolor="#FFFFFF"
             type="rectangle" x="608" y="660" width="46" height="17"/>
    </entry>
    <entry id="10" name="ko:K05714" type="ortholog" reaction="rn:R06789"
        link="http://www.genome.jp/dbget-bin/www_bget?ko+K05714">
        <graphics name="K05714" fgcolor="#000000" bgcolor="#FFFFFF"
             type="rectangle" x="608" y="606" width="46" height="17"/>
    </entry>
    <entry id="11" name="ko:K05713" type="ortholog" reaction="rn:R04376"
        link="http://www.genome.jp/dbget-bin/www_bget?ko+K05713">
        <graphics name="K05713" fgcolor="#000000" bgcolor="#FFFFFF"
             type="rectangle" x="511" y="660" width="46" height="17"/>
    </entry>
    <entry id="12" name="ko:K05713" type="ortholog" reaction="rn:R06788"
        link="http://www.genome.jp/dbget-bin/www_bget?ko+K05713">
        <graphics name="K05713" fgcolor="#000000" bgcolor="#FFFFFF"
             type="rectangle" x="511" y="606" width="46" height="17"/>
    </entry>
    <entry id="13" name="ko:K10775" type="ortholog" reaction="rn:R00697"
        link="http://www.genome.jp/dbget-bin/www_bget?ko+K10775">
        <graphics name="K10775" fgcolor="#000000" bgcolor="#FFFFFF"
             type="rectangle" x="497" y="341" width="46" height="17"/>
    </entry>
    <entry id="14" name="ko:K05712" type="ortholog" reaction="rn:R06787"
        link="http://www.genome.jp/dbget-bin/www_bget?ko+K05712">
        <graphics name="K05712" fgcolor="#000000" bgcolor="#FFFFFF"
             type="rectangle" x="471" y="447" width="46" height="17"/>
    </entry>
    <entry id="15" name="ko:K01593" type="ortholog" reaction="rn:R00699"
        link="http://www.genome.jp/dbget-bin/www_bget?ko+K01593">
        <graphics name="K01593" fgcolor="#000000" bgcolor="#FFFFFF"
             type="rectangle" x="514" y="475" width="46" height="17"/>
    </entry>
    <entry id="16" name="ec:4.1.1.53" type="enzyme" reaction="rn:R00699"
        link="http://www.genome.jp/dbget-bin/www_bget?enzyme+4.1.1.53">
        <graphics name="4.1.1.53" fgcolor="#000000" bgcolor="#FFFFFF"
             type="rectangle" x="564" y="475" width="46" height="17"/>
    </entry>
    <entry id="17" name="ec:1.4.99.4" type="enzyme" reaction="rn:R02612"
        link="http://www.genome.jp/dbget-bin/www_bget?enzyme+1.4.99.4">
        <graphics name="1.4.99.4" fgcolor="#000000" bgcolor="#FFFFFF"
             type="rectangle" x="691" y="543" width="46" height="17"/>
    </entry>
    <entry id="18" name="ko:K00276" type="ortholog" reaction="rn:R02613"
        link="http://www.genome.jp/dbget-bin/www_bget?ko+K00276">
        <graphics name="K00276" fgcolor="#000000" bgcolor="#FFFFFF"
             type="rectangle" x="691" y="524" width="46" height="17"/>
    </entry>
    <entry id="19" name="ko:K00274" type="ortholog" reaction="rn:R02613"
        link="http://www.genome.jp/dbget-bin/www_bget?ko+K00274">
        <graphics name="K00274" fgcolor="#000000" bgcolor="#FFFFFF"
             type="rectangle" x="691" y="505" width="46" height="17"/>
    </entry>
    <entry id="20" name="ko:K00492" type="ortholog" reaction="rn:R05001"
        link="http://www.genome.jp/dbget-bin/www_bget?ko+K00492">
        <graphics name="K00492" fgcolor="#000000" bgcolor="#FFFFFF"
             type="rectangle" x="782" y="456" width="46" height="17"/>
    </entry>
    <entry id="21" name="ko:K00457" type="ortholog" reaction="rn:R01372"
        link="http://www.genome.jp/dbget-bin/www_bget?ko+K00457">
        <graphics name="K00457" fgcolor="#000000" bgcolor="#FFFFFF"
             type="rectangle" x="783" y="389" width="46" height="17"/>
    </entry>
    <entry id="22" name="ec:4.1.1.43" type="enzyme" reaction="rn:R01377"
        link="http://www.genome.jp/dbget-bin/www_bget?enzyme+4.1.1.43">
        <graphics name="4.1.1.43" fgcolor="#000000" bgcolor="#FFFFFF"
             type="rectangle" x="826" y="350" width="46" height="17"/>
    </entry>
    <entry id="23" name="ec:1.1.1.237" type="enzyme" reaction="rn:R01370"
        link="http://www.genome.jp/dbget-bin/www_bget?enzyme+1.1.1.237">
        <graphics name="1.1.1.237" fgcolor="#000000" bgcolor="#FFFFFF"
             type="rectangle" x="736" y="416" width="46" height="17"/>
    </entry>
    <entry id="24" name="ec:1.1.1.222" type="enzyme" reaction="rn:R01370 rn:R01371"
        link="http://www.genome.jp/dbget-bin/www_bget?enzyme+1.1.1.222">
        <graphics name="1.1.1.222" fgcolor="#000000" bgcolor="#FFFFFF"
             type="rectangle" x="686" y="416" width="46" height="17"/>
    </entry>
    <entry id="25" name="ko:K00832" type="ortholog" reaction="rn:R00694"
        link="http://www.genome.jp/dbget-bin/www_bget?ko+K00832">
        <graphics name="K00832" fgcolor="#000000" bgcolor="#FFFFFF"
             type="rectangle" x="679" y="362" width="46" height="17"/>
    </entry>
    <entry id="26" name="ko:K00817" type="ortholog" reaction="rn:R00694"
        link="http://www.genome.jp/dbget-bin/www_bget?ko+K00817">
        <graphics name="K00817" fgcolor="#000000" bgcolor="#FFFFFF"
             type="rectangle" x="631" y="362" width="46" height="17"/>
    </entry>
    <entry id="27" name="ko:K00815" type="ortholog" reaction="rn:R00694"
        link="http://www.genome.jp/dbget-bin/www_bget?ko+K00815">
        <graphics name="K00815" fgcolor="#000000" bgcolor="#FFFFFF"
             type="rectangle" x="701" y="341" width="46" height="17"/>
    </entry>
    <entry id="28" name="ko:K00811 ko:K00812 ko:K00813 ko:K11358" type="ortholog" reaction="rn:R00694"
        link="http://www.genome.jp/dbget-bin/www_bget?ko+K00811+K00812+K00813+K11358">
        <graphics name="K00811..." fgcolor="#000000" bgcolor="#FFFFFF"
             type="rectangle" x="653" y="341" width="46" height="17"/>
    </entry>
    <entry id="29" name="ko:K00270" type="ortholog" reaction="rn:R00688"
        link="http://www.genome.jp/dbget-bin/www_bget?ko+K00270">
        <graphics name="K00270" fgcolor="#000000" bgcolor="#FFFFFF"
             type="rectangle" x="605" y="341" width="46" height="17"/>
    </entry>
    <entry id="30" name="ko:K07253" type="ortholog" reaction="rn:R01378"
        link="http://www.genome.jp/dbget-bin/www_bget?ko+K07253">
        <graphics name="K07253" fgcolor="#000000" bgcolor="#FFFFFF"
             type="rectangle" x="740" y="275" width="46" height="17"/>
    </entry>
    <entry id="31" name="ko:K00824" type="ortholog" reaction="rn:R01582"
        link="http://www.genome.jp/dbget-bin/www_bget?ko+K00824">
        <graphics name="K00824" fgcolor="#000000" bgcolor="#FFFFFF"
             type="rectangle" x="766" y="254" width="46" height="17"/>
    </entry>
    <entry id="32" name="ko:K00285" type="ortholog" reaction="rn:R01374"
        link="http://www.genome.jp/dbget-bin/www_bget?ko+K00285">
        <graphics name="K00285" fgcolor="#000000" bgcolor="#FFFFFF"
             type="rectangle" x="809" y="273" width="46" height="17"/>
    </entry>
    <entry id="33" name="ko:K00055" type="ortholog" reaction="rn:R02611"
        link="http://www.genome.jp/dbget-bin/www_bget?ko+K00055">
        <graphics name="K00055" fgcolor="#000000" bgcolor="#FFFFFF"
             type="rectangle" x="875" y="313" width="46" height="17"/>
    </entry>
    <entry id="34" name="ko:K00146" type="ortholog" reaction="rn:R02536"
        link="http://www.genome.jp/dbget-bin/www_bget?ko+K00146">
        <graphics name="K00146" fgcolor="#000000" bgcolor="#FFFFFF"
             type="rectangle" x="919" y="342" width="46" height="17"/>
    </entry>
    <entry id="35" name="ko:K01426" type="ortholog" reaction="rn:R02540"
        link="http://www.genome.jp/dbget-bin/www_bget?ko+K01426">
        <graphics name="K01426" fgcolor="#000000" bgcolor="#FFFFFF"
             type="rectangle" x="967" y="264" width="46" height="17"/>
    </entry>
    <entry id="36" name="ec:2.3.1.36" type="enzyme" reaction="rn:R03903"
        link="http://www.genome.jp/dbget-bin/www_bget?enzyme+2.3.1.36">
        <graphics name="2.3.1.36" fgcolor="#000000" bgcolor="#FFFFFF"
             type="rectangle" x="832" y="215" width="46" height="17"/>
    </entry>
    <entry id="37" name="ko:K03334" type="ortholog" reaction="rn:R00689"
        link="http://www.genome.jp/dbget-bin/www_bget?ko+K03334">
        <graphics name="K03334" fgcolor="#000000" bgcolor="#FFFFFF"
             type="rectangle" x="654" y="307" width="46" height="17"/>
    </entry>
    <entry id="38" name="ec:1.13.12.9" type="enzyme" reaction="rn:R00690"
        link="http://www.genome.jp/dbget-bin/www_bget?enzyme+1.13.12.9">
        <graphics name="1.13.12.9" fgcolor="#000000" bgcolor="#FFFFFF"
             type="rectangle" x="734" y="166" width="46" height="17"/>
    </entry>
    <entry id="39" name="ec:5.1.1.11" type="enzyme" reaction="rn:R00686"
        link="http://www.genome.jp/dbget-bin/www_bget?enzyme+5.1.1.11">
        <graphics name="5.1.1.11" fgcolor="#000000" bgcolor="#FFFFFF"
             type="rectangle" x="646" y="215" width="46" height="17"/>
    </entry>
    <entry id="40" name="ko:K00430" type="ortholog" reaction="rn:R00698"
        link="http://www.genome.jp/dbget-bin/www_bget?ko+K00430">
        <graphics name="K00430" fgcolor="#000000" bgcolor="#FFFFFF"
             type="rectangle" x="734" y="187" width="46" height="17"/>
    </entry>
    <entry id="41" name="ec:2.3.1.53" type="enzyme" reaction="rn:R00693"
        link="http://www.genome.jp/dbget-bin/www_bget?enzyme+2.3.1.53">
        <graphics name="2.3.1.53" fgcolor="#000000" bgcolor="#FFFFFF"
             type="rectangle" x="582" y="405" width="46" height="17"/>
    </entry>
    <entry id="42" name="ko:K05708 ko:K05709 ko:K05710 ko:K00529" type="ortholog" reaction="rn:R06783"
        link="http://www.genome.jp/dbget-bin/www_bget?ko+K05708+K05709+K05710+K00529">
        <graphics name="K05708..." fgcolor="#000000" bgcolor="#FFFFFF"
             type="rectangle" x="428" y="504" width="46" height="17"/>
    </entry>
    <entry id="43" name="ko:K05711" type="ortholog" reaction="rn:R06785"
        link="http://www.genome.jp/dbget-bin/www_bget?ko+K05711">
        <graphics name="K05711" fgcolor="#000000" bgcolor="#FFFFFF"
             type="rectangle" x="428" y="583" width="46" height="17"/>
    </entry>
    <entry id="44" name="ec:1.14.13.4" type="enzyme" reaction="rn:R03369"
        link="http://www.genome.jp/dbget-bin/www_bget?enzyme+1.14.13.4">
        <graphics name="1.14.13.4" fgcolor="#000000" bgcolor="#FFFFFF"
             type="rectangle" x="149" y="605" width="46" height="17"/>
    </entry>
    <entry id="45" name="ko:K05712" type="ortholog" reaction="rn:R06786"
        link="http://www.genome.jp/dbget-bin/www_bget?ko+K05712">
        <graphics name="K05712" fgcolor="#000000" bgcolor="#FFFFFF"
             type="rectangle" x="210" y="605" width="46" height="17"/>
    </entry>
    <entry id="46" name="ko:K05711" type="ortholog" reaction="rn:R06784"
        link="http://www.genome.jp/dbget-bin/www_bget?ko+K05711">
        <graphics name="K05711" fgcolor="#000000" bgcolor="#FFFFFF"
             type="rectangle" x="309" y="583" width="46" height="17"/>
    </entry>
    <entry id="47" name="ko:K05708 ko:K05709 ko:K05710 ko:K00529" type="ortholog" reaction="rn:R06782"
        link="http://www.genome.jp/dbget-bin/www_bget?ko+K05708+K05709+K05710+K00529">
        <graphics name="K05708..." fgcolor="#000000" bgcolor="#FFFFFF"
             type="rectangle" x="307" y="504" width="46" height="17"/>
    </entry>
    <entry id="48" name="ko:K10797" type="ortholog" reaction="rn:R02252"
        link="http://www.genome.jp/dbget-bin/www_bget?ko+K10797">
        <graphics name="K10797" fgcolor="#000000" bgcolor="#FFFFFF"
             type="rectangle" x="309" y="435" width="46" height="17"/>
    </entry>
    <entry id="49" name="ko:K00487" type="ortholog" reaction="rn:R02253"
        link="http://www.genome.jp/dbget-bin/www_bget?ko+K00487">
        <graphics name="K00487" fgcolor="#000000" bgcolor="#FFFFFF"
             type="rectangle" x="270" y="356" width="46" height="17"/>
    </entry>
    <entry id="50" name="ko:K01451" type="ortholog" reaction="rn:R01424"
        link="http://www.genome.jp/dbget-bin/www_bget?ko+K01451">
        <graphics name="K01451" fgcolor="#000000" bgcolor="#FFFFFF"
             type="rectangle" x="306" y="241" width="46" height="17"/>
    </entry>
    <entry id="51" name="ec:2.3.1.71" type="enzyme" reaction="rn:R02452"
        link="http://www.genome.jp/dbget-bin/www_bget?enzyme+2.3.1.71">
        <graphics name="2.3.1.71" fgcolor="#000000" bgcolor="#FFFFFF"
             type="rectangle" x="306" y="169" width="46" height="17"/>
    </entry>
    <entry id="52" name="cpd:C12621" type="compound"
        link="http://www.genome.jp/dbget-bin/www_bget?compound+C12621">
        <graphics name="C12621" fgcolor="#000000" bgcolor="#FFFFFF"
             type="circle" x="470" y="414" width="8" height="8"/>
    </entry>
    <entry id="53" name="path:map00620" type="map"
        link="http://www.genome.jp/kegg/pathway/map/map00620.html">
        <graphics name="Pyruvate metabolism" fgcolor="#000000" bgcolor="#FFFFFF"
             type="roundrectangle" x="1007" y="712" width="115" height="26"/>
    </entry>
    <entry id="54" name="path:map00010" type="map"
        link="http://www.genome.jp/kegg/pathway/map/map00010.html">
        <graphics name="Glycolysis / Gluconeogenesis" fgcolor="#000000" bgcolor="#FFFFFF"
             type="roundrectangle" x="984" y="660" width="68" height="26"/>
    </entry>
    <entry id="55" name="path:map00020" type="map"
        link="http://www.genome.jp/kegg/pathway/map/map00020.html">
        <graphics name="Citrate cycle (TCA cycle)" fgcolor="#000000" bgcolor="#FFFFFF"
             type="roundrectangle" x="744" y="714" width="73" height="25"/>
    </entry>
    <entry id="56" name="cpd:C00084" type="compound"
        link="http://www.genome.jp/dbget-bin/www_bget?compound+C00084">
        <graphics name="C00084" fgcolor="#000000" bgcolor="#FFFFFF"
             type="circle" x="862" y="712" width="8" height="8"/>
    </entry>
    <entry id="57" name="cpd:C00022" type="compound"
        link="http://www.genome.jp/dbget-bin/www_bget?compound+C00022">
        <graphics name="C00022" fgcolor="#000000" bgcolor="#FFFFFF"
             type="circle" x="886" y="659" width="8" height="8"/>
    </entry>
    <entry id="58" name="cpd:C03589" type="compound"
        link="http://www.genome.jp/dbget-bin/www_bget?compound+C03589">
        <graphics name="C03589" fgcolor="#000000" bgcolor="#FFFFFF"
             type="circle" x="779" y="660" width="8" height="8"/>
    </entry>
    <entry id="59" name="cpd:C00596" type="compound"
        link="http://www.genome.jp/dbget-bin/www_bget?compound+C00596">
        <graphics name="C00596" fgcolor="#000000" bgcolor="#FFFFFF"
             type="circle" x="670" y="660" width="8" height="8"/>
    </entry>
    <entry id="60" name="cpd:C00122" type="compound"
        link="http://www.genome.jp/dbget-bin/www_bget?compound+C00122">
        <graphics name="C00122" fgcolor="#000000" bgcolor="#FFFFFF"
             type="circle" x="704" y="605" width="8" height="8"/>
    </entry>
    <entry id="61" name="cpd:C12624" type="compound"
        link="http://www.genome.jp/dbget-bin/www_bget?compound+C12624">
        <graphics name="C12624" fgcolor="#000000" bgcolor="#FFFFFF"
             type="circle" x="565" y="605" width="8" height="8"/>
    </entry>
    <entry id="62" name="cpd:C12623" type="compound"
        link="http://www.genome.jp/dbget-bin/www_bget?compound+C12623">
        <graphics name="C12623" fgcolor="#000000" bgcolor="#FFFFFF"
             type="circle" x="470" y="605" width="8" height="8"/>
    </entry>
    <entry id="63" name="cpd:C12622" type="compound"
        link="http://www.genome.jp/dbget-bin/www_bget?compound+C12622">
        <graphics name="C12622" fgcolor="#000000" bgcolor="#FFFFFF"
             type="circle" x="428" y="554" width="8" height="8"/>
    </entry>
    <entry id="64" name="cpd:C11457" type="compound"
        link="http://www.genome.jp/dbget-bin/www_bget?compound+C11457">
        <graphics name="C11457" fgcolor="#000000" bgcolor="#FFFFFF"
             type="circle" x="210" y="481" width="8" height="8"/>
    </entry>
    <entry id="65" name="cpd:C11588" type="compound"
        link="http://www.genome.jp/dbget-bin/www_bget?compound+C11588">
        <graphics name="C11588" fgcolor="#000000" bgcolor="#FFFFFF"
             type="circle" x="308" y="538" width="8" height="8"/>
    </entry>
    <entry id="66" name="ec:1.14.13.14" type="enzyme" reaction="rn:R02254"
        link="http://www.genome.jp/dbget-bin/www_bget?enzyme+1.14.13.14">
        <graphics name="1.14.13.14" fgcolor="#000000" bgcolor="#FFFFFF"
             type="rectangle" x="229" y="409" width="46" height="17"/>
    </entry>
    <entry id="67" name="cpd:C00601" type="compound"
        link="http://www.genome.jp/dbget-bin/www_bget?compound+C00601">
        <graphics name="C00601" fgcolor="#000000" bgcolor="#FFFFFF"
             type="circle" x="874" y="352" width="8" height="8"/>
    </entry>
    <entry id="68" name="cpd:C05853" type="compound"
        link="http://www.genome.jp/dbget-bin/www_bget?compound+C05853">
        <graphics name="C05853" fgcolor="#000000" bgcolor="#FFFFFF"
             type="circle" x="874" y="276" width="8" height="8"/>
    </entry>
    <entry id="69" name="cpd:C02265" type="compound"
        link="http://www.genome.jp/dbget-bin/www_bget?compound+C02265">
        <graphics name="C02265" fgcolor="#000000" bgcolor="#FFFFFF"
             type="circle" x="787" y="215" width="8" height="8"/>
    </entry>
    <entry id="70" name="cpd:C05620" type="compound"
        link="http://www.genome.jp/dbget-bin/www_bget?compound+C05620">
        <graphics name="C05620" fgcolor="#000000" bgcolor="#FFFFFF"
             type="circle" x="880" y="215" width="8" height="8"/>
    </entry>
    <entry id="71" name="cpd:C02763" type="compound"
        link="http://www.genome.jp/dbget-bin/www_bget?compound+C02763">
        <graphics name="C02763" fgcolor="#000000" bgcolor="#FFFFFF"
             type="circle" x="689" y="275" width="8" height="8"/>
    </entry>
    <entry id="72" name="cpd:C00166" type="compound"
        link="http://www.genome.jp/dbget-bin/www_bget?compound+C00166">
        <graphics name="C00166" fgcolor="#000000" bgcolor="#FFFFFF"
             type="circle" x="783" y="352" width="8" height="8"/>
    </entry>
    <entry id="73" name="path:map00360" type="map"
        link="http://www.genome.jp/dbget-bin/get_linkdb?pathway+map00360">
        <graphics name="TITLE:Phenylalanine metabolism" fgcolor="#000000" bgcolor="#FFFFFF"
             type="roundrectangle" x="178" y="67" width="236" height="25"/>
    </entry>
    <entry id="74" name="path:map00400" type="map"
        link="http://www.genome.jp/kegg/pathway/map/map00400.html">
        <graphics name="Phenylalanine, tyrosine and tryptophan biosynthesis" fgcolor="#000000" bgcolor="#FFFFFF"
             type="roundrectangle" x="431" y="306" width="154" height="34"/>
    </entry>
    <entry id="75" name="path:map00362" type="map"
        link="http://www.genome.jp/kegg/pathway/map/map00362.html">
        <graphics name="Benzoate degradation via hydroxylation" fgcolor="#000000" bgcolor="#FFFFFF"
             type="roundrectangle" x="134" y="251" width="125" height="34"/>
    </entry>
    <entry id="76" name="path:map00350" type="map"
        link="http://www.genome.jp/kegg/pathway/map/map00350.html">
        <graphics name="Tyrosine metabolism" fgcolor="#000000" bgcolor="#FFFFFF"
             type="roundrectangle" x="1117" y="338" width="72" height="34"/>
    </entry>
    <entry id="77" name="ec:1.3.1.11" type="enzyme" reaction="rn:R03709"
        link="http://www.genome.jp/dbget-bin/www_bget?enzyme+1.3.1.11">
        <graphics name="1.3.1.11" fgcolor="#000000" bgcolor="#FFFFFF"
             type="rectangle" x="148" y="435" width="46" height="17"/>
    </entry>
    <entry id="78" name="path:map00020" type="map"
        link="http://www.genome.jp/kegg/pathway/map/map00020.html">
        <graphics name="Citrate cycle (TCA cycle)" fgcolor="#000000" bgcolor="#FFFFFF"
             type="roundrectangle" x="803" y="604" width="73" height="25"/>
    </entry>
    <entry id="79" name="path:map00632" type="map"
        link="http://www.genome.jp/kegg/pathway/map/map00632.html">
        <graphics name="Benzoate degradation via CoA ligation" fgcolor="#000000" bgcolor="#FFFFFF"
             type="roundrectangle" x="155" y="127" width="201" height="25"/>
    </entry>
    <entry id="80" name="cpd:C00156" type="compound"
        link="http://www.genome.jp/dbget-bin/www_bget?compound+C00156">
        <graphics name="C00156" fgcolor="#000000" bgcolor="#FFFFFF"
             type="circle" x="131" y="356" width="8" height="8"/>
    </entry>
    <entry id="81" name="cpd:C00811" type="compound"
        link="http://www.genome.jp/dbget-bin/www_bget?compound+C00811">
        <graphics name="C00811" fgcolor="#000000" bgcolor="#FFFFFF"
             type="circle" x="218" y="356" width="8" height="8"/>
    </entry>
    <entry id="82" name="cpd:C01772" type="compound"
        link="http://www.genome.jp/dbget-bin/www_bget?compound+C01772">
        <graphics name="C01772" fgcolor="#000000" bgcolor="#FFFFFF"
             type="circle" x="148" y="409" width="8" height="8"/>
    </entry>
    <entry id="83" name="cpd:C01586" type="compound"
        link="http://www.genome.jp/dbget-bin/www_bget?compound+C01586">
        <graphics name="C01586" fgcolor="#000000" bgcolor="#FFFFFF"
             type="circle" x="306" y="200" width="8" height="8"/>
    </entry>
    <entry id="84" name="cpd:C04044" type="compound"
        link="http://www.genome.jp/dbget-bin/www_bget?compound+C04044">
        <graphics name="C04044" fgcolor="#000000" bgcolor="#FFFFFF"
             type="circle" x="308" y="660" width="8" height="8"/>
    </entry>
    <entry id="85" name="cpd:C00512" type="compound"
        link="http://www.genome.jp/dbget-bin/www_bget?compound+C00512">
        <graphics name="C00512" fgcolor="#000000" bgcolor="#FFFFFF"
             type="circle" x="306" y="127" width="8" height="8"/>
    </entry>
    <entry id="86" name="cpd:C03519" type="compound"
        link="http://www.genome.jp/dbget-bin/www_bget?compound+C03519">
        <graphics name="C03519" fgcolor="#000000" bgcolor="#FFFFFF"
             type="circle" x="581" y="439" width="8" height="8"/>
    </entry>
    <entry id="87" name="cpd:C01198" type="compound"
        link="http://www.genome.jp/dbget-bin/www_bget?compound+C01198">
        <graphics name="C01198" fgcolor="#000000" bgcolor="#FFFFFF"
             type="circle" x="148" y="473" width="8" height="8"/>
    </entry>
    <entry id="88" name="cpd:C05629" type="compound"
        link="http://www.genome.jp/dbget-bin/www_bget?compound+C05629">
        <graphics name="C05629" fgcolor="#000000" bgcolor="#FFFFFF"
             type="circle" x="308" y="478" width="8" height="8"/>
    </entry>
    <entry id="89" name="cpd:C00423" type="compound"
        link="http://www.genome.jp/dbget-bin/www_bget?compound+C00423">
        <graphics name="C00423" fgcolor="#000000" bgcolor="#FFFFFF"
             type="circle" x="306" y="356" width="8" height="8"/>
    </entry>
    <entry id="90" name="cpd:C00180" type="compound"
        link="http://www.genome.jp/dbget-bin/www_bget?compound+C00180">
        <graphics name="C00180" fgcolor="#000000" bgcolor="#FFFFFF"
             type="circle" x="306" y="274" width="8" height="8"/>
    </entry>
    <entry id="91" name="cpd:C00079" type="compound"
        link="http://www.genome.jp/dbget-bin/www_bget?compound+C00079">
        <graphics name="C00079" fgcolor="#000000" bgcolor="#FFFFFF"
             type="circle" x="539" y="352" width="8" height="8"/>
    </entry>
    <entry id="92" name="cpd:C05607" type="compound"
        link="http://www.genome.jp/dbget-bin/www_bget?compound+C05607">
        <graphics name="C05607" fgcolor="#000000" bgcolor="#FFFFFF"
             type="circle" x="711" y="452" width="8" height="8"/>
    </entry>
    <entry id="93" name="cpd:C06207" type="compound"
        link="http://www.genome.jp/dbget-bin/www_bget?compound+C06207">
        <graphics name="C06207" fgcolor="#000000" bgcolor="#FFFFFF"
             type="circle" x="783" y="495" width="8" height="8"/>
    </entry>
    <entry id="94" name="cpd:C05852" type="compound"
        link="http://www.genome.jp/dbget-bin/www_bget?compound+C05852">
        <graphics name="C05852" fgcolor="#000000" bgcolor="#FFFFFF"
             type="circle" x="783" y="429" width="8" height="8"/>
    </entry>
    <entry id="95" name="cpd:C04148" type="compound"
        link="http://www.genome.jp/dbget-bin/www_bget?compound+C04148">
        <graphics name="C04148" fgcolor="#000000" bgcolor="#FFFFFF"
             type="circle" x="966" y="518" width="8" height="8"/>
    </entry>
    <entry id="96" name="cpd:C04479" type="compound"
        link="http://www.genome.jp/dbget-bin/www_bget?compound+C04479">
        <graphics name="C04479" fgcolor="#000000" bgcolor="#FFFFFF"
             type="circle" x="565" y="660" width="8" height="8"/>
    </entry>
    <entry id="97" name="cpd:C00042" type="compound"
        link="http://www.genome.jp/dbget-bin/www_bget?compound+C00042">
        <graphics name="C00042" fgcolor="#000000" bgcolor="#FFFFFF"
             type="circle" x="646" y="715" width="8" height="8"/>
    </entry>
    <entry id="98" name="cpd:C00582" type="compound"
        link="http://www.genome.jp/dbget-bin/www_bget?compound+C00582">
        <graphics name="C00582" fgcolor="#000000" bgcolor="#FFFFFF"
             type="circle" x="966" y="457" width="8" height="8"/>
    </entry>
    <entry id="99" name="cpd:C05593" type="compound"
        link="http://www.genome.jp/dbget-bin/www_bget?compound+C05593">
        <graphics name="C05593" fgcolor="#000000" bgcolor="#FFFFFF"
             type="circle" x="1041" y="352" width="8" height="8"/>
    </entry>
    <entry id="100" name="cpd:C02505" type="compound"
        link="http://www.genome.jp/dbget-bin/www_bget?compound+C02505">
        <graphics name="C02505" fgcolor="#000000" bgcolor="#FFFFFF"
             type="circle" x="966" y="177" width="8" height="8"/>
    </entry>
    <entry id="101" name="cpd:C00642" type="compound"
        link="http://www.genome.jp/dbget-bin/www_bget?compound+C00642">
        <graphics name="C00642" fgcolor="#000000" bgcolor="#FFFFFF"
             type="circle" x="1041" y="326" width="8" height="8"/>
    </entry>
    <entry id="102" name="cpd:C07086" type="compound"
        link="http://www.genome.jp/dbget-bin/www_bget?compound+C07086">
        <graphics name="C07086" fgcolor="#000000" bgcolor="#FFFFFF"
             type="circle" x="966" y="351" width="8" height="8"/>
    </entry>
    <entry id="103" name="cpd:C05598" type="compound"
        link="http://www.genome.jp/dbget-bin/www_bget?compound+C05598">
        <graphics name="C05598" fgcolor="#000000" bgcolor="#FFFFFF"
             type="circle" x="917" y="518" width="8" height="8"/>
    </entry>
    <entry id="104" name="cpd:C05332" type="compound"
        link="http://www.genome.jp/dbget-bin/www_bget?compound+C05332">
        <graphics name="C05332" fgcolor="#000000" bgcolor="#FFFFFF"
             type="circle" x="539" y="525" width="8" height="8"/>
    </entry>
    <entry id="114" name="" type="other" reaction="rn:R04899">
        <graphics fgcolor="#000000" bgcolor="#FFFFFF"
             type="rectangle" x="227" y="473" width="147" height="1"/>
    </entry>
    <entry id="115" name="" type="other" reaction="rn:R06780">
        <graphics fgcolor="#000000" bgcolor="#FFFFFF"
             type="rectangle" x="259" y="479" width="81" height="1"/>
    </entry>
    <entry id="116" name="" type="other" reaction="rn:R01308">
        <graphics fgcolor="#000000" bgcolor="#FFFFFF"
             type="rectangle" x="177" y="356" width="81" height="1"/>
    </entry>
    <entry id="133" name="" type="other" reaction="rn:R01426">
        <graphics fgcolor="#000000" bgcolor="#FFFFFF"
             type="rectangle" x="306" y="314" width="1" height="69"/>
    </entry>
    <entry id="152" name="" type="other" reaction="rn:R06791">
        <graphics fgcolor="#000000" bgcolor="#FFFFFF"
             type="rectangle" x="1004" y="351" width="63" height="1"/>
    </entry>
    <relation entry1="50" entry2="51" type="ECrel">
        <subtype name="compound" value="83"/>
    </relation>
    <relation entry1="49" entry2="66" type="ECrel">
        <subtype name="compound" value="89"/>
    </relation>
    <relation entry1="48" entry2="49" type="ECrel">
        <subtype name="compound" value="89"/>
    </relation>
    <relation entry1="42" entry2="49" type="ECrel">
        <subtype name="compound" value="89"/>
    </relation>
    <relation entry1="2" entry2="49" type="ECrel">
        <subtype name="compound" value="89"/>
    </relation>
    <relation entry1="13" entry2="49" type="ECrel">
        <subtype name="compound" value="89"/>
    </relation>
    <relation entry1="48" entry2="66" type="ECrel">
        <subtype name="compound" value="89"/>
    </relation>
    <relation entry1="42" entry2="66" type="ECrel">
        <subtype name="compound" value="89"/>
    </relation>
    <relation entry1="2" entry2="66" type="ECrel">
        <subtype name="compound" value="89"/>
    </relation>
    <relation entry1="13" entry2="66" type="ECrel">
        <subtype name="compound" value="89"/>
    </relation>
    <relation entry1="42" entry2="48" type="ECrel">
        <subtype name="compound" value="89"/>
    </relation>
    <relation entry1="2" entry2="48" type="ECrel">
        <subtype name="compound" value="89"/>
    </relation>
    <relation entry1="13" entry2="48" type="ECrel">
        <subtype name="compound" value="89"/>
    </relation>
    <relation entry1="2" entry2="42" type="ECrel">
        <subtype name="compound" value="89"/>
    </relation>
    <relation entry1="13" entry2="42" type="ECrel">
        <subtype name="compound" value="89"/>
    </relation>
    <relation entry1="66" entry2="77" type="ECrel">
        <subtype name="compound" value="82"/>
    </relation>
    <relation entry1="47" entry2="48" type="ECrel">
        <subtype name="compound" value="88"/>
    </relation>
    <relation entry1="46" entry2="47" type="ECrel">
        <subtype name="compound" value="65"/>
    </relation>
    <relation entry1="45" entry2="46" type="ECrel">
        <subtype name="compound" value="84"/>
    </relation>
    <relation entry1="44" entry2="46" type="ECrel">
        <subtype name="compound" value="84"/>
    </relation>
    <relation entry1="11" entry2="46" type="ECrel">
        <subtype name="compound" value="84"/>
    </relation>
    <relation entry1="44" entry2="45" type="ECrel">
        <subtype name="compound" value="84"/>
    </relation>
    <relation entry1="11" entry2="45" type="ECrel">
        <subtype name="compound" value="84"/>
    </relation>
    <relation entry1="11" entry2="44" type="ECrel">
        <subtype name="compound" value="84"/>
    </relation>
    <relation entry1="42" entry2="43" type="ECrel">
        <subtype name="compound" value="63"/>
    </relation>
    <relation entry1="14" entry2="43" type="ECrel">
        <subtype name="compound" value="62"/>
    </relation>
    <relation entry1="12" entry2="14" type="ECrel">
        <subtype name="compound" value="62"/>
    </relation>
    <relation entry1="12" entry2="43" type="ECrel">
        <subtype name="compound" value="62"/>
    </relation>
    <relation entry1="10" entry2="12" type="ECrel">
        <subtype name="compound" value="61"/>
    </relation>
    <relation entry1="9" entry2="11" type="ECrel">
        <subtype name="compound" value="96"/>
    </relation>
    <relation entry1="8" entry2="10" type="ECrel">
        <subtype name="compound" value="59"/>
    </relation>
    <relation entry1="8" entry2="9" type="ECrel">
        <subtype name="compound" value="59"/>
    </relation>
    <relation entry1="1" entry2="8" type="ECrel">
        <subtype name="compound" value="58"/>
    </relation>
    <relation entry1="13" entry2="15" type="ECrel">
        <subtype name="compound" value="91"/>
    </relation>
    <relation entry1="13" entry2="16" type="ECrel">
        <subtype name="compound" value="91"/>
    </relation>
    <relation entry1="13" entry2="41" type="ECrel">
        <subtype name="compound" value="91"/>
    </relation>
    <relation entry1="13" entry2="26" type="ECrel">
        <subtype name="compound" value="91"/>
    </relation>
    <relation entry1="13" entry2="25" type="ECrel">
        <subtype name="compound" value="91"/>
    </relation>
    <relation entry1="13" entry2="27" type="ECrel">
        <subtype name="compound" value="91"/>
    </relation>
    <relation entry1="13" entry2="28" type="ECrel">
        <subtype name="compound" value="91"/>
    </relation>
    <relation entry1="13" entry2="29" type="ECrel">
        <subtype name="compound" value="91"/>
    </relation>
    <relation entry1="13" entry2="37" type="ECrel">
        <subtype name="compound" value="91"/>
    </relation>
    <relation entry1="13" entry2="39" type="ECrel">
        <subtype name="compound" value="91"/>
    </relation>
    <relation entry1="13" entry2="40" type="ECrel">
        <subtype name="compound" value="91"/>
    </relation>
    <relation entry1="13" entry2="38" type="ECrel">
        <subtype name="compound" value="91"/>
    </relation>
    <relation entry1="2" entry2="15" type="ECrel">
        <subtype name="compound" value="91"/>
    </relation>
    <relation entry1="2" entry2="16" type="ECrel">
        <subtype name="compound" value="91"/>
    </relation>
    <relation entry1="2" entry2="41" type="ECrel">
        <subtype name="compound" value="91"/>
    </relation>
    <relation entry1="2" entry2="26" type="ECrel">
        <subtype name="compound" value="91"/>
    </relation>
    <relation entry1="2" entry2="25" type="ECrel">
        <subtype name="compound" value="91"/>
    </relation>
    <relation entry1="2" entry2="27" type="ECrel">
        <subtype name="compound" value="91"/>
    </relation>
    <relation entry1="2" entry2="28" type="ECrel">
        <subtype name="compound" value="91"/>
    </relation>
    <relation entry1="2" entry2="29" type="ECrel">
        <subtype name="compound" value="91"/>
    </relation>
    <relation entry1="2" entry2="37" type="ECrel">
        <subtype name="compound" value="91"/>
    </relation>
    <relation entry1="2" entry2="39" type="ECrel">
        <subtype name="compound" value="91"/>
    </relation>
    <relation entry1="2" entry2="40" type="ECrel">
        <subtype name="compound" value="91"/>
    </relation>
    <relation entry1="2" entry2="38" type="ECrel">
        <subtype name="compound" value="91"/>
    </relation>
    <relation entry1="15" entry2="41" type="ECrel">
        <subtype name="compound" value="91"/>
    </relation>
    <relation entry1="15" entry2="26" type="ECrel">
        <subtype name="compound" value="91"/>
    </relation>
    <relation entry1="15" entry2="25" type="ECrel">
        <subtype name="compound" value="91"/>
    </relation>
    <relation entry1="15" entry2="27" type="ECrel">
        <subtype name="compound" value="91"/>
    </relation>
    <relation entry1="15" entry2="28" type="ECrel">
        <subtype name="compound" value="91"/>
    </relation>
    <relation entry1="15" entry2="29" type="ECrel">
        <subtype name="compound" value="91"/>
    </relation>
    <relation entry1="15" entry2="37" type="ECrel">
        <subtype name="compound" value="91"/>
    </relation>
    <relation entry1="15" entry2="39" type="ECrel">
        <subtype name="compound" value="91"/>
    </relation>
    <relation entry1="15" entry2="40" type="ECrel">
        <subtype name="compound" value="91"/>
    </relation>
    <relation entry1="15" entry2="38" type="ECrel">
        <subtype name="compound" value="91"/>
    </relation>
    <relation entry1="16" entry2="41" type="ECrel">
        <subtype name="compound" value="91"/>
    </relation>
    <relation entry1="16" entry2="26" type="ECrel">
        <subtype name="compound" value="91"/>
    </relation>
    <relation entry1="16" entry2="25" type="ECrel">
        <subtype name="compound" value="91"/>
    </relation>
    <relation entry1="16" entry2="27" type="ECrel">
        <subtype name="compound" value="91"/>
    </relation>
    <relation entry1="16" entry2="28" type="ECrel">
        <subtype name="compound" value="91"/>
    </relation>
    <relation entry1="16" entry2="29" type="ECrel">
        <subtype name="compound" value="91"/>
    </relation>
    <relation entry1="16" entry2="37" type="ECrel">
        <subtype name="compound" value="91"/>
    </relation>
    <relation entry1="16" entry2="39" type="ECrel">
        <subtype name="compound" value="91"/>
    </relation>
    <relation entry1="16" entry2="40" type="ECrel">
        <subtype name="compound" value="91"/>
    </relation>
    <relation entry1="16" entry2="38" type="ECrel">
        <subtype name="compound" value="91"/>
    </relation>
    <relation entry1="26" entry2="41" type="ECrel">
        <subtype name="compound" value="91"/>
    </relation>
    <relation entry1="25" entry2="41" type="ECrel">
        <subtype name="compound" value="91"/>
    </relation>
    <relation entry1="27" entry2="41" type="ECrel">
        <subtype name="compound" value="91"/>
    </relation>
    <relation entry1="28" entry2="41" type="ECrel">
        <subtype name="compound" value="91"/>
    </relation>
    <relation entry1="29" entry2="41" type="ECrel">
        <subtype name="compound" value="91"/>
    </relation>
    <relation entry1="37" entry2="41" type="ECrel">
        <subtype name="compound" value="91"/>
    </relation>
    <relation entry1="39" entry2="41" type="ECrel">
        <subtype name="compound" value="91"/>
    </relation>
    <relation entry1="40" entry2="41" type="ECrel">
        <subtype name="compound" value="91"/>
    </relation>
    <relation entry1="38" entry2="41" type="ECrel">
        <subtype name="compound" value="91"/>
    </relation>
    <relation entry1="26" entry2="39" type="ECrel">
        <subtype name="compound" value="91"/>
    </relation>
    <relation entry1="26" entry2="40" type="ECrel">
        <subtype name="compound" value="91"/>
    </relation>
    <relation entry1="26" entry2="38" type="ECrel">
        <subtype name="compound" value="91"/>
    </relation>
    <relation entry1="25" entry2="39" type="ECrel">
        <subtype name="compound" value="91"/>
    </relation>
    <relation entry1="25" entry2="40" type="ECrel">
        <subtype name="compound" value="91"/>
    </relation>
    <relation entry1="25" entry2="38" type="ECrel">
        <subtype name="compound" value="91"/>
    </relation>
    <relation entry1="27" entry2="39" type="ECrel">
        <subtype name="compound" value="91"/>
    </relation>
    <relation entry1="27" entry2="40" type="ECrel">
        <subtype name="compound" value="91"/>
    </relation>
    <relation entry1="27" entry2="38" type="ECrel">
        <subtype name="compound" value="91"/>
    </relation>
    <relation entry1="28" entry2="39" type="ECrel">
        <subtype name="compound" value="91"/>
    </relation>
    <relation entry1="28" entry2="40" type="ECrel">
        <subtype name="compound" value="91"/>
    </relation>
    <relation entry1="28" entry2="38" type="ECrel">
        <subtype name="compound" value="91"/>
    </relation>
    <relation entry1="29" entry2="39" type="ECrel">
        <subtype name="compound" value="91"/>
    </relation>
    <relation entry1="29" entry2="40" type="ECrel">
        <subtype name="compound" value="91"/>
    </relation>
    <relation entry1="29" entry2="38" type="ECrel">
        <subtype name="compound" value="91"/>
    </relation>
    <relation entry1="37" entry2="39" type="ECrel">
        <subtype name="compound" value="91"/>
    </relation>
    <relation entry1="37" entry2="40" type="ECrel">
        <subtype name="compound" value="91"/>
    </relation>
    <relation entry1="37" entry2="38" type="ECrel">
        <subtype name="compound" value="91"/>
    </relation>
    <relation entry1="39" entry2="40" type="ECrel">
        <subtype name="compound" value="91"/>
    </relation>
    <relation entry1="38" entry2="39" type="ECrel">
        <subtype name="compound" value="91"/>
    </relation>
    <relation entry1="15" entry2="19" type="ECrel">
        <subtype name="compound" value="104"/>
    </relation>
    <relation entry1="15" entry2="18" type="ECrel">
        <subtype name="compound" value="104"/>
    </relation>
    <relation entry1="15" entry2="17" type="ECrel">
        <subtype name="compound" value="104"/>
    </relation>
    <relation entry1="16" entry2="19" type="ECrel">
        <subtype name="compound" value="104"/>
    </relation>
    <relation entry1="16" entry2="18" type="ECrel">
        <subtype name="compound" value="104"/>
    </relation>
    <relation entry1="16" entry2="17" type="ECrel">
        <subtype name="compound" value="104"/>
    </relation>
    <relation entry1="31" entry2="39" type="ECrel">
        <subtype name="compound" value="69"/>
    </relation>
    <relation entry1="32" entry2="39" type="ECrel">
        <subtype name="compound" value="69"/>
    </relation>
    <relation entry1="36" entry2="39" type="ECrel">
        <subtype name="compound" value="69"/>
    </relation>
    <relation entry1="31" entry2="36" type="ECrel">
        <subtype name="compound" value="69"/>
    </relation>
    <relation entry1="32" entry2="36" type="ECrel">
        <subtype name="compound" value="69"/>
    </relation>
    <relation entry1="35" entry2="38" type="ECrel">
        <subtype name="compound" value="100"/>
    </relation>
    <relation entry1="35" entry2="40" type="ECrel">
        <subtype name="compound" value="100"/>
    </relation>
    <relation entry1="22" entry2="32" type="ECrel">
        <subtype name="compound" value="72"/>
    </relation>
    <relation entry1="22" entry2="31" type="ECrel">
        <subtype name="compound" value="72"/>
    </relation>
    <relation entry1="22" entry2="30" type="ECrel">
        <subtype name="compound" value="72"/>
    </relation>
    <relation entry1="22" entry2="37" type="ECrel">
        <subtype name="compound" value="72"/>
    </relation>
    <relation entry1="22" entry2="29" type="ECrel">
        <subtype name="compound" value="72"/>
    </relation>
    <relation entry1="22" entry2="28" type="ECrel">
        <subtype name="compound" value="72"/>
    </relation>
    <relation entry1="22" entry2="27" type="ECrel">
        <subtype name="compound" value="72"/>
    </relation>
    <relation entry1="22" entry2="26" type="ECrel">
        <subtype name="compound" value="72"/>
    </relation>
    <relation entry1="22" entry2="25" type="ECrel">
        <subtype name="compound" value="72"/>
    </relation>
    <relation entry1="22" entry2="24" type="ECrel">
        <subtype name="compound" value="72"/>
    </relation>
    <relation entry1="22" entry2="23" type="ECrel">
        <subtype name="compound" value="72"/>
    </relation>
    <relation entry1="21" entry2="22" type="ECrel">
        <subtype name="compound" value="72"/>
    </relation>
    <relation entry1="30" entry2="32" type="ECrel">
        <subtype name="compound" value="72"/>
    </relation>
    <relation entry1="32" entry2="37" type="ECrel">
        <subtype name="compound" value="72"/>
    </relation>
    <relation entry1="29" entry2="32" type="ECrel">
        <subtype name="compound" value="72"/>
    </relation>
    <relation entry1="28" entry2="32" type="ECrel">
        <subtype name="compound" value="72"/>
    </relation>
    <relation entry1="27" entry2="32" type="ECrel">
        <subtype name="compound" value="72"/>
    </relation>
    <relation entry1="26" entry2="32" type="ECrel">
        <subtype name="compound" value="72"/>
    </relation>
    <relation entry1="25" entry2="32" type="ECrel">
        <subtype name="compound" value="72"/>
    </relation>
    <relation entry1="24" entry2="32" type="ECrel">
        <subtype name="compound" value="72"/>
    </relation>
    <relation entry1="23" entry2="32" type="ECrel">
        <subtype name="compound" value="72"/>
    </relation>
    <relation entry1="21" entry2="32" type="ECrel">
        <subtype name="compound" value="72"/>
    </relation>
    <relation entry1="30" entry2="31" type="ECrel">
        <subtype name="compound" value="72"/>
    </relation>
    <relation entry1="31" entry2="37" type="ECrel">
        <subtype name="compound" value="72"/>
    </relation>
    <relation entry1="29" entry2="31" type="ECrel">
        <subtype name="compound" value="72"/>
    </relation>
    <relation entry1="28" entry2="31" type="ECrel">
        <subtype name="compound" value="72"/>
    </relation>
    <relation entry1="27" entry2="31" type="ECrel">
        <subtype name="compound" value="72"/>
    </relation>
    <relation entry1="26" entry2="31" type="ECrel">
        <subtype name="compound" value="72"/>
    </relation>
    <relation entry1="25" entry2="31" type="ECrel">
        <subtype name="compound" value="72"/>
    </relation>
    <relation entry1="24" entry2="31" type="ECrel">
        <subtype name="compound" value="72"/>
    </relation>
    <relation entry1="23" entry2="31" type="ECrel">
        <subtype name="compound" value="72"/>
    </relation>
    <relation entry1="21" entry2="31" type="ECrel">
        <subtype name="compound" value="72"/>
    </relation>
    <relation entry1="30" entry2="37" type="ECrel">
        <subtype name="compound" value="72"/>
    </relation>
    <relation entry1="29" entry2="30" type="ECrel">
        <subtype name="compound" value="72"/>
    </relation>
    <relation entry1="28" entry2="30" type="ECrel">
        <subtype name="compound" value="72"/>
    </relation>
    <relation entry1="27" entry2="30" type="ECrel">
        <subtype name="compound" value="72"/>
    </relation>
    <relation entry1="26" entry2="30" type="ECrel">
        <subtype name="compound" value="72"/>
    </relation>
    <relation entry1="25" entry2="30" type="ECrel">
        <subtype name="compound" value="72"/>
    </relation>
    <relation entry1="24" entry2="30" type="ECrel">
        <subtype name="compound" value="72"/>
    </relation>
    <relation entry1="23" entry2="30" type="ECrel">
        <subtype name="compound" value="72"/>
    </relation>
    <relation entry1="21" entry2="30" type="ECrel">
        <subtype name="compound" value="72"/>
    </relation>
    <relation entry1="24" entry2="37" type="ECrel">
        <subtype name="compound" value="72"/>
    </relation>
    <relation entry1="23" entry2="37" type="ECrel">
        <subtype name="compound" value="72"/>
    </relation>
    <relation entry1="21" entry2="37" type="ECrel">
        <subtype name="compound" value="72"/>
    </relation>
    <relation entry1="24" entry2="29" type="ECrel">
        <subtype name="compound" value="72"/>
    </relation>
    <relation entry1="23" entry2="29" type="ECrel">
        <subtype name="compound" value="72"/>
    </relation>
    <relation entry1="21" entry2="29" type="ECrel">
        <subtype name="compound" value="72"/>
    </relation>
    <relation entry1="24" entry2="28" type="ECrel">
        <subtype name="compound" value="72"/>
    </relation>
    <relation entry1="23" entry2="28" type="ECrel">
        <subtype name="compound" value="72"/>
    </relation>
    <relation entry1="21" entry2="28" type="ECrel">
        <subtype name="compound" value="72"/>
    </relation>
    <relation entry1="24" entry2="27" type="ECrel">
        <subtype name="compound" value="72"/>
    </relation>
    <relation entry1="23" entry2="27" type="ECrel">
        <subtype name="compound" value="72"/>
    </relation>
    <relation entry1="21" entry2="27" type="ECrel">
        <subtype name="compound" value="72"/>
    </relation>
    <relation entry1="24" entry2="26" type="ECrel">
        <subtype name="compound" value="72"/>
    </relation>
    <relation entry1="23" entry2="26" type="ECrel">
        <subtype name="compound" value="72"/>
    </relation>
    <relation entry1="21" entry2="26" type="ECrel">
        <subtype name="compound" value="72"/>
    </relation>
    <relation entry1="24" entry2="25" type="ECrel">
        <subtype name="compound" value="72"/>
    </relation>
    <relation entry1="23" entry2="25" type="ECrel">
        <subtype name="compound" value="72"/>
    </relation>
    <relation entry1="21" entry2="25" type="ECrel">
        <subtype name="compound" value="72"/>
    </relation>
    <relation entry1="21" entry2="24" type="ECrel">
        <subtype name="compound" value="72"/>
    </relation>
    <relation entry1="21" entry2="23" type="ECrel">
        <subtype name="compound" value="72"/>
    </relation>
    <relation entry1="20" entry2="21" type="ECrel">
        <subtype name="compound" value="94"/>
    </relation>
    <relation entry1="22" entry2="33" type="ECrel">
        <subtype name="compound" value="67"/>
    </relation>
    <relation entry1="33" entry2="34" type="ECrel">
        <subtype name="compound" value="67"/>
    </relation>
    <relation entry1="4" entry2="33" type="ECrel">
        <subtype name="compound" value="67"/>
    </relation>
    <relation entry1="19" entry2="33" type="ECrel">
        <subtype name="compound" value="67"/>
    </relation>
    <relation entry1="18" entry2="33" type="ECrel">
        <subtype name="compound" value="67"/>
    </relation>
    <relation entry1="17" entry2="33" type="ECrel">
        <subtype name="compound" value="67"/>
    </relation>
    <relation entry1="22" entry2="34" type="ECrel">
        <subtype name="compound" value="67"/>
    </relation>
    <relation entry1="4" entry2="22" type="ECrel">
        <subtype name="compound" value="67"/>
    </relation>
    <relation entry1="19" entry2="22" type="ECrel">
        <subtype name="compound" value="67"/>
    </relation>
    <relation entry1="18" entry2="22" type="ECrel">
        <subtype name="compound" value="67"/>
    </relation>
    <relation entry1="17" entry2="22" type="ECrel">
        <subtype name="compound" value="67"/>
    </relation>
    <relation entry1="19" entry2="34" type="ECrel">
        <subtype name="compound" value="67"/>
    </relation>
    <relation entry1="18" entry2="34" type="ECrel">
        <subtype name="compound" value="67"/>
    </relation>
    <relation entry1="17" entry2="34" type="ECrel">
        <subtype name="compound" value="67"/>
    </relation>
    <relation entry1="4" entry2="19" type="ECrel">
        <subtype name="compound" value="67"/>
    </relation>
    <relation entry1="4" entry2="18" type="ECrel">
        <subtype name="compound" value="67"/>
    </relation>
    <relation entry1="4" entry2="17" type="ECrel">
        <subtype name="compound" value="67"/>
    </relation>
    <relation entry1="5" entry2="34" type="ECrel">
        <subtype name="compound" value="102"/>
    </relation>
    <relation entry1="34" entry2="35" type="ECrel">
        <subtype name="compound" value="102"/>
    </relation>
    <relation entry1="4" entry2="5" type="ECrel">
        <subtype name="compound" value="102"/>
    </relation>
    <relation entry1="4" entry2="35" type="ECrel">
        <subtype name="compound" value="102"/>
    </relation>
    <relation entry1="5" entry2="35" type="ECrel">
        <subtype name="compound" value="102"/>
    </relation>
    <relation entry1="5" entry2="7" type="ECrel">
        <subtype name="compound" value="98"/>
    </relation>
    <relation entry1="5" entry2="6" type="ECrel">
        <subtype name="compound" value="98"/>
    </relation>
    <relation entry1="6" entry2="7" type="ECrel">
        <subtype name="compound" value="98"/>
    </relation>
    <relation entry1="51" entry2="79" type="maplink">
        <subtype name="compound" value="85"/>
    </relation>
    <relation entry1="10" entry2="78" type="maplink">
        <subtype name="compound" value="60"/>
    </relation>
    <relation entry1="9" entry2="55" type="maplink">
        <subtype name="compound" value="97"/>
    </relation>
    <relation entry1="1" entry2="54" type="maplink">
        <subtype name="compound" value="57"/>
    </relation>
    <relation entry1="1" entry2="53" type="maplink">
        <subtype name="compound" value="56"/>
    </relation>
    <relation entry1="3" entry2="74" type="maplink">
        <subtype name="compound" value="91"/>
    </relation>
    <relation entry1="13" entry2="3" type="maplink">
        <subtype name="compound" value="91"/>
    </relation>
    <relation entry1="2" entry2="3" type="maplink">
        <subtype name="compound" value="91"/>
    </relation>
    <relation entry1="15" entry2="3" type="maplink">
        <subtype name="compound" value="91"/>
    </relation>
    <relation entry1="16" entry2="3" type="maplink">
        <subtype name="compound" value="91"/>
    </relation>
    <relation entry1="41" entry2="3" type="maplink">
        <subtype name="compound" value="91"/>
    </relation>
    <relation entry1="26" entry2="3" type="maplink">
        <subtype name="compound" value="91"/>
    </relation>
    <relation entry1="25" entry2="3" type="maplink">
        <subtype name="compound" value="91"/>
    </relation>
    <relation entry1="27" entry2="3" type="maplink">
        <subtype name="compound" value="91"/>
    </relation>
    <relation entry1="28" entry2="3" type="maplink">
        <subtype name="compound" value="91"/>
    </relation>
    <relation entry1="29" entry2="3" type="maplink">
        <subtype name="compound" value="91"/>
    </relation>
    <relation entry1="37" entry2="3" type="maplink">
        <subtype name="compound" value="91"/>
    </relation>
    <relation entry1="39" entry2="3" type="maplink">
        <subtype name="compound" value="91"/>
    </relation>
    <relation entry1="40" entry2="3" type="maplink">
        <subtype name="compound" value="91"/>
    </relation>
    <relation entry1="38" entry2="3" type="maplink">
        <subtype name="compound" value="91"/>
    </relation>
    <relation entry1="13" entry2="74" type="maplink">
        <subtype name="compound" value="91"/>
    </relation>
    <relation entry1="2" entry2="74" type="maplink">
        <subtype name="compound" value="91"/>
    </relation>
    <relation entry1="15" entry2="74" type="maplink">
        <subtype name="compound" value="91"/>
    </relation>
    <relation entry1="16" entry2="74" type="maplink">
        <subtype name="compound" value="91"/>
    </relation>
    <relation entry1="41" entry2="74" type="maplink">
        <subtype name="compound" value="91"/>
    </relation>
    <relation entry1="26" entry2="74" type="maplink">
        <subtype name="compound" value="91"/>
    </relation>
    <relation entry1="25" entry2="74" type="maplink">
        <subtype name="compound" value="91"/>
    </relation>
    <relation entry1="27" entry2="74" type="maplink">
        <subtype name="compound" value="91"/>
    </relation>
    <relation entry1="28" entry2="74" type="maplink">
        <subtype name="compound" value="91"/>
    </relation>
    <relation entry1="29" entry2="74" type="maplink">
        <subtype name="compound" value="91"/>
    </relation>
    <relation entry1="37" entry2="74" type="maplink">
        <subtype name="compound" value="91"/>
    </relation>
    <relation entry1="39" entry2="74" type="maplink">
        <subtype name="compound" value="91"/>
    </relation>
    <relation entry1="40" entry2="74" type="maplink">
        <subtype name="compound" value="91"/>
    </relation>
    <relation entry1="38" entry2="74" type="maplink">
        <subtype name="compound" value="91"/>
    </relation>
    <reaction name="rn:R00750" type="irreversible">
        <substrate name="cpd:C03589"/>
        <product name="cpd:C00084"/>
        <product name="cpd:C00022"/>
    </reaction>
    <reaction name="rn:R00697" type="irreversible">
        <substrate name="cpd:C00079"/>
        <product name="cpd:C00423"/>
    </reaction>
    <reaction name="rn:R02536" type="reversible">
        <substrate name="cpd:C00601"/>
        <product name="cpd:C07086"/>
    </reaction>
    <reaction name="rn:R02537" type="reversible">
        <substrate name="cpd:C00601"/>
        <product name="cpd:C07086"/>
    </reaction>
    <reaction name="rn:R02539" type="irreversible">
        <substrate name="cpd:C07086"/>
        <product name="cpd:C00582"/>
    </reaction>
    <reaction name="rn:R02576" type="irreversible">
        <substrate name="cpd:C00582"/>
        <product name="cpd:C04148"/>
    </reaction>
    <reaction name="rn:R05841" type="reversible">
        <substrate name="cpd:C00582"/>
        <product name="cpd:C05598"/>
    </reaction>
    <reaction name="rn:R02601" type="irreversible">
        <substrate name="cpd:C00596"/>
        <product name="cpd:C03589"/>
    </reaction>
    <reaction name="rn:R02603" type="reversible">
        <substrate name="cpd:C04479"/>
        <product name="cpd:C00042"/>
    </reaction>
    <reaction name="rn:R06789" type="irreversible">
        <substrate name="cpd:C12624"/>
        <product name="cpd:C00596"/>
        <product name="cpd:C00122"/>
    </reaction>
    <reaction name="rn:R04376" type="irreversible">
        <substrate name="cpd:C04044"/>
        <product name="cpd:C04479"/>
    </reaction>
    <reaction name="rn:R06788" type="irreversible">
        <substrate name="cpd:C12623"/>
        <product name="cpd:C12624"/>
    </reaction>
    <reaction name="rn:R06787" type="irreversible">
        <substrate name="cpd:C12621"/>
        <product name="cpd:C12623"/>
    </reaction>
    <reaction name="rn:R00699" type="irreversible">
        <substrate name="cpd:C00079"/>
        <product name="cpd:C05332"/>
    </reaction>
    <reaction name="rn:R02612" type="irreversible">
        <substrate name="cpd:C05332"/>
        <product name="cpd:C00601"/>
    </reaction>
    <reaction name="rn:R02613" type="irreversible">
        <substrate name="cpd:C05332"/>
        <product name="cpd:C00601"/>
    </reaction>
    <reaction name="rn:R05001" type="irreversible">
        <substrate name="cpd:C05852"/>
        <product name="cpd:C06207"/>
    </reaction>
    <reaction name="rn:R01372" type="irreversible">
        <substrate name="cpd:C00166"/>
        <product name="cpd:C05852"/>
    </reaction>
    <reaction name="rn:R01377" type="irreversible">
        <substrate name="cpd:C00166"/>
        <product name="cpd:C00601"/>
    </reaction>
    <reaction name="rn:R01370" type="reversible">
        <substrate name="cpd:C05607"/>
        <product name="cpd:C00166"/>
    </reaction>
    <reaction name="rn:R01371" type="reversible">
        <substrate name="cpd:C05607"/>
        <product name="cpd:C00166"/>
    </reaction>
    <reaction name="rn:R00694" type="reversible">
        <substrate name="cpd:C00166"/>
        <product name="cpd:C00079"/>
    </reaction>
    <reaction name="rn:R00688" type="reversible">
        <substrate name="cpd:C00079"/>
        <product name="cpd:C00166"/>
    </reaction>
    <reaction name="rn:R01378" type="reversible">
        <substrate name="cpd:C00166"/>
        <product name="cpd:C02763"/>
    </reaction>
    <reaction name="rn:R01582" type="reversible">
        <substrate name="cpd:C02265"/>
        <product name="cpd:C00166"/>
    </reaction>
    <reaction name="rn:R01374" type="irreversible">
        <substrate name="cpd:C02265"/>
        <product name="cpd:C00166"/>
    </reaction>
    <reaction name="rn:R02611" type="reversible">
        <substrate name="cpd:C05853"/>
        <product name="cpd:C00601"/>
    </reaction>
    <reaction name="rn:R02540" type="irreversible">
        <substrate name="cpd:C02505"/>
        <product name="cpd:C07086"/>
    </reaction>
    <reaction name="rn:R03903" type="irreversible">
        <substrate name="cpd:C02265"/>
        <product name="cpd:C05620"/>
    </reaction>
    <reaction name="rn:R00689" type="irreversible">
        <substrate name="cpd:C00079"/>
        <product name="cpd:C00166"/>
    </reaction>
    <reaction name="rn:R00690" type="irreversible">
        <substrate name="cpd:C00079"/>
        <product name="cpd:C02505"/>
    </reaction>
    <reaction name="rn:R00686" type="reversible">
        <substrate name="cpd:C00079"/>
        <product name="cpd:C02265"/>
    </reaction>
    <reaction name="rn:R00698" type="irreversible">
        <substrate name="cpd:C00079"/>
        <product name="cpd:C02505"/>
    </reaction>
    <reaction name="rn:R00693" type="irreversible">
        <substrate name="cpd:C00079"/>
        <product name="cpd:C03519"/>
    </reaction>
    <reaction name="rn:R06783" type="irreversible">
        <substrate name="cpd:C00423"/>
        <product name="cpd:C12622"/>
    </reaction>
    <reaction name="rn:R06785" type="irreversible">
        <substrate name="cpd:C12622"/>
        <product name="cpd:C12623"/>
    </reaction>
    <reaction name="rn:R03369" type="irreversible">
        <substrate name="cpd:C01198"/>
        <product name="cpd:C04044"/>
    </reaction>
    <reaction name="rn:R06786" type="irreversible">
        <substrate name="cpd:C11457"/>
        <product name="cpd:C04044"/>
    </reaction>
    <reaction name="rn:R06784" type="irreversible">
        <substrate name="cpd:C11588"/>
        <product name="cpd:C04044"/>
    </reaction>
    <reaction name="rn:R06782" type="irreversible">
        <substrate name="cpd:C05629"/>
        <product name="cpd:C11588"/>
    </reaction>
    <reaction name="rn:R02252" type="irreversible">
        <substrate name="cpd:C00423"/>
        <product name="cpd:C05629"/>
    </reaction>
    <reaction name="rn:R02253" type="irreversible">
        <substrate name="cpd:C00423"/>
        <product name="cpd:C00811"/>
    </reaction>
    <reaction name="rn:R01424" type="irreversible">
        <substrate name="cpd:C01586"/>
        <product name="cpd:C00180"/>
    </reaction>
    <reaction name="rn:R02452" type="reversible">
        <substrate name="cpd:C00512"/>
        <product name="cpd:C01586"/>
    </reaction>
    <reaction name="rn:R02254" type="irreversible">
        <substrate name="cpd:C00423"/>
        <product name="cpd:C01772"/>
    </reaction>
    <reaction name="rn:R03709" type="reversible">
        <substrate name="cpd:C01198"/>
        <product name="cpd:C01772"/>
    </reaction>
    <reaction name="rn:R04899" type="irreversible">
        <substrate name="cpd:C05629"/>
        <product name="cpd:C01198"/>
    </reaction>
    <reaction name="rn:R06780" type="irreversible">
        <substrate name="cpd:C05629"/>
        <product name="cpd:C11457"/>
    </reaction>
    <reaction name="rn:R01308" type="irreversible">
        <substrate name="cpd:C00811"/>
        <product name="cpd:C00156"/>
    </reaction>
    <reaction name="rn:R01426" type="irreversible">
        <substrate name="cpd:C00423"/>
        <product name="cpd:C00180"/>
    </reaction>
    <reaction name="rn:R06791" type="irreversible">
        <substrate name="cpd:C07086"/>
        <product name="cpd:C05593"/>
    </reaction>
</pathway>
