<?xml version="1.0"?>
<!DOCTYPE pathway SYSTEM "http://www.genome.jp/kegg/xml/KGML_v0.6.1_.dtd">
<!-- Creation date: Jan 28 2009 01:53:41 +0900 (JST) -->
<pathway name="path:map00252" org="map" number="00252"
         title="Alanine and aspartate metabolism"
         image="http://www.genome.jp/kegg/pathway/map/map00252.gif"
         link="http://www.genome.jp/dbget-bin/show_pathway?map00252">
    <entry id="1" name="ko:K09759" type="ortholog" reaction="rn:R05577"
        link="http://www.genome.jp/dbget-bin/www_bget?ko+K09759">
        <graphics name="K09759" fgcolor="#000000" bgcolor="#FFFFFF"
             type="rectangle" x="634" y="406" width="46" height="17"/>
    </entry>
    <entry id="2" name="ko:K01959 ko:K01960" type="ortholog" reaction="rn:R00344"
        link="http://www.genome.jp/dbget-bin/www_bget?ko+K01959+K01960">
        <graphics name="K01959..." fgcolor="#000000" bgcolor="#FFFFFF"
             type="rectangle" x="259" y="320" width="46" height="17"/>
    </entry>
    <entry id="3" name="ko:K00624" type="ortholog" reaction="rn:R02396"
        link="http://www.genome.jp/dbget-bin/www_bget?ko+K00624">
        <graphics name="K00624" fgcolor="#000000" bgcolor="#FFFFFF"
             type="rectangle" x="347" y="413" width="46" height="17"/>
    </entry>
    <entry id="4" name="ko:K00822" type="ortholog" reaction="rn:R00907"
        link="http://www.genome.jp/dbget-bin/www_bget?ko+K00822">
        <graphics name="K00822" fgcolor="#000000" bgcolor="#FFFFFF"
             type="rectangle" x="499" y="334" width="46" height="17"/>
    </entry>
    <entry id="5" name="ko:K00823" type="ortholog" reaction="rn:R00908"
        link="http://www.genome.jp/dbget-bin/www_bget?ko+K00823">
        <graphics name="K00823" fgcolor="#000000" bgcolor="#FFFFFF"
             type="rectangle" x="549" y="334" width="46" height="17"/>
    </entry>
    <entry id="6" name="ec:6.3.2.11" type="enzyme" reaction="rn:R01164"
        link="http://www.genome.jp/dbget-bin/www_bget?enzyme+6.3.2.11">
        <graphics name="6.3.2.11" fgcolor="#000000" bgcolor="#FFFFFF"
             type="rectangle" x="572" y="291" width="46" height="17"/>
    </entry>
    <entry id="7" name="ko:K01270" type="ortholog" reaction="rn:R01166"
        link="http://www.genome.jp/dbget-bin/www_bget?ko+K01270">
        <graphics name="K01270" fgcolor="#000000" bgcolor="#FFFFFF"
             type="rectangle" x="572" y="310" width="46" height="17"/>
    </entry>
    <entry id="8" name="ko:K01579" type="ortholog" reaction="rn:R00489"
        link="http://www.genome.jp/dbget-bin/www_bget?ko+K01579">
        <graphics name="K01579" fgcolor="#000000" bgcolor="#FFFFFF"
             type="rectangle" x="599" y="267" width="46" height="17"/>
    </entry>
    <entry id="9" name="ko:K09758" type="ortholog" reaction="rn:R00397"
        link="http://www.genome.jp/dbget-bin/www_bget?ko+K09758">
        <graphics name="K09758" fgcolor="#000000" bgcolor="#FFFFFF"
             type="rectangle" x="669" y="217" width="46" height="17"/>
    </entry>
    <entry id="10" name="ko:K01580" type="ortholog" reaction="rn:R00489"
        link="http://www.genome.jp/dbget-bin/www_bget?ko+K01580">
        <graphics name="K01580" fgcolor="#000000" bgcolor="#FFFFFF"
             type="rectangle" x="599" y="246" width="46" height="17"/>
    </entry>
    <entry id="11" name="ec:2.6.1.12" type="enzyme" reaction="rn:R00400"
        link="http://www.genome.jp/dbget-bin/www_bget?enzyme+2.6.1.12">
        <graphics name="2.6.1.12" fgcolor="#000000" bgcolor="#FFFFFF"
             type="rectangle" x="452" y="128" width="46" height="17"/>
    </entry>
    <entry id="12" name="ko:K01876" type="ortholog" reaction="rn:R05577"
        link="http://www.genome.jp/dbget-bin/www_bget?ko+K01876">
        <graphics name="K01876" fgcolor="#000000" bgcolor="#FFFFFF"
             type="rectangle" x="634" y="385" width="46" height="17"/>
    </entry>
    <entry id="13" name="ko:K00814" type="ortholog" reaction="rn:R00258"
        link="http://www.genome.jp/dbget-bin/www_bget?ko+K00814">
        <graphics name="K00814" fgcolor="#000000" bgcolor="#FFFFFF"
             type="rectangle" x="452" y="149" width="46" height="17"/>
    </entry>
    <entry id="14" name="ko:K00827" type="ortholog" reaction="rn:R00369"
        link="http://www.genome.jp/dbget-bin/www_bget?ko+K00827">
        <graphics name="K00827" fgcolor="#000000" bgcolor="#FFFFFF"
             type="rectangle" x="452" y="170" width="46" height="17"/>
    </entry>
    <entry id="15" name="ko:K01872" type="ortholog" reaction="rn:R03038"
        link="http://www.genome.jp/dbget-bin/www_bget?ko+K01872">
        <graphics name="K01872" fgcolor="#000000" bgcolor="#FFFFFF"
             type="rectangle" x="725" y="142" width="46" height="17"/>
    </entry>
    <entry id="16" name="ko:K01775" type="ortholog" reaction="rn:R00401"
        link="http://www.genome.jp/dbget-bin/www_bget?ko+K01775">
        <graphics name="K01775" fgcolor="#000000" bgcolor="#FFFFFF"
             type="rectangle" x="721" y="167" width="46" height="17"/>
    </entry>
    <entry id="17" name="ko:K01939" type="ortholog" reaction="rn:R01135"
        link="http://www.genome.jp/dbget-bin/www_bget?ko+K01939">
        <graphics name="K01939" fgcolor="#000000" bgcolor="#FFFFFF"
             type="rectangle" x="739" y="450" width="46" height="17"/>
    </entry>
    <entry id="18" name="ko:K01940" type="ortholog" reaction="rn:R01954"
        link="http://www.genome.jp/dbget-bin/www_bget?ko+K01940">
        <graphics name="K01940" fgcolor="#000000" bgcolor="#FFFFFF"
             type="rectangle" x="739" y="472" width="46" height="17"/>
    </entry>
    <entry id="19" name="ko:K01424" type="ortholog" reaction="rn:R00485"
        link="http://www.genome.jp/dbget-bin/www_bget?ko+K01424">
        <graphics name="K01424" fgcolor="#000000" bgcolor="#FFFFFF"
             type="rectangle" x="578" y="576" width="46" height="17"/>
    </entry>
    <entry id="20" name="ko:K05597" type="ortholog" reaction="rn:R00485"
        link="http://www.genome.jp/dbget-bin/www_bget?ko+K05597">
        <graphics name="K05597" fgcolor="#000000" bgcolor="#FFFFFF"
             type="rectangle" x="628" y="576" width="46" height="17"/>
    </entry>
    <entry id="21" name="ko:K01914" type="ortholog" reaction="rn:R00483"
        link="http://www.genome.jp/dbget-bin/www_bget?ko+K01914">
        <graphics name="K01914" fgcolor="#000000" bgcolor="#FFFFFF"
             type="rectangle" x="677" y="576" width="46" height="17"/>
    </entry>
    <entry id="22" name="ko:K01953" type="ortholog" reaction="rn:R00578"
        link="http://www.genome.jp/dbget-bin/www_bget?ko+K01953">
        <graphics name="K01953" fgcolor="#000000" bgcolor="#FFFFFF"
             type="rectangle" x="726" y="576" width="46" height="17"/>
    </entry>
    <entry id="23" name="ko:K01744" type="ortholog" reaction="rn:R00490"
        link="http://www.genome.jp/dbget-bin/www_bget?ko+K01744">
        <graphics name="K01744" fgcolor="#000000" bgcolor="#FFFFFF"
             type="rectangle" x="802" y="630" width="46" height="17"/>
    </entry>
    <entry id="24" name="ko:K01755" type="ortholog" reaction="rn:R01086"
        link="http://www.genome.jp/dbget-bin/www_bget?ko+K01755">
        <graphics name="K01755" fgcolor="#000000" bgcolor="#FFFFFF"
             type="rectangle" x="832" y="603" width="46" height="17"/>
    </entry>
    <entry id="25" name="ko:K01756" type="ortholog" reaction="rn:R01083"
        link="http://www.genome.jp/dbget-bin/www_bget?ko+K01756">
        <graphics name="K01756" fgcolor="#000000" bgcolor="#FFFFFF"
             type="rectangle" x="864" y="578" width="46" height="17"/>
    </entry>
    <entry id="26" name="ec:2.6.1.14" type="enzyme" reaction="rn:R01346"
        link="http://www.genome.jp/dbget-bin/www_bget?enzyme+2.6.1.14">
        <graphics name="2.6.1.14" fgcolor="#000000" bgcolor="#FFFFFF"
             type="rectangle" x="523" y="619" width="46" height="17"/>
    </entry>
    <entry id="27" name="ec:3.5.1.3" type="enzyme" reaction="rn:R00348"
        link="http://www.genome.jp/dbget-bin/www_bget?enzyme+3.5.1.3">
        <graphics name="3.5.1.3" fgcolor="#000000" bgcolor="#FFFFFF"
             type="rectangle" x="263" y="600" width="46" height="17"/>
    </entry>
    <entry id="28" name="ko:K03334" type="ortholog" reaction="rn:R00357"
        link="http://www.genome.jp/dbget-bin/www_bget?ko+K03334">
        <graphics name="K03334" fgcolor="#000000" bgcolor="#FFFFFF"
             type="rectangle" x="475" y="522" width="46" height="17"/>
    </entry>
    <entry id="29" name="ko:K00278" type="ortholog" reaction="rn:R00357"
        link="http://www.genome.jp/dbget-bin/www_bget?ko+K00278">
        <graphics name="K00278" fgcolor="#000000" bgcolor="#FFFFFF"
             type="rectangle" x="475" y="543" width="46" height="17"/>
    </entry>
    <entry id="30" name="ko:K00136" type="ortholog" reaction="rn:R00705 rn:R00706"
        link="http://www.genome.jp/dbget-bin/www_bget?ko+K00136">
        <graphics name="K00136" fgcolor="#000000" bgcolor="#FFFFFF"
             type="rectangle" x="460" y="366" width="46" height="17"/>
    </entry>
    <entry id="31" name="ko:K11540 ko:K11541 ko:K00609 ko:K00610" type="ortholog" reaction="rn:R01397"
        link="http://www.genome.jp/dbget-bin/www_bget?ko+K11540+K11541+K00609+K00610">
        <graphics name="K11540..." fgcolor="#000000" bgcolor="#FFFFFF"
             type="rectangle" x="590" y="430" width="46" height="17"/>
    </entry>
    <entry id="32" name="path:map00010" type="map"
        link="http://www.genome.jp/kegg/pathway/map/map00010.html">
        <graphics name="Glycolysis / Gluconeogenesis" fgcolor="#000000" bgcolor="#FFFFFF"
             type="roundrectangle" x="345" y="261" width="110" height="34"/>
    </entry>
    <entry id="33" name="path:map00240" type="map"
        link="http://www.genome.jp/kegg/pathway/map/map00240.html">
        <graphics name="Pyrimidine metabolism" fgcolor="#000000" bgcolor="#FFFFFF"
             type="roundrectangle" x="461" y="255" width="73" height="34"/>
    </entry>
    <entry id="34" name="path:map00770" type="map"
        link="http://www.genome.jp/kegg/pathway/map/map00770.html">
        <graphics name="Pantothenate and CoA biosynthesis" fgcolor="#000000" bgcolor="#FFFFFF"
             type="roundrectangle" x="520" y="211" width="98" height="34"/>
    </entry>
    <entry id="35" name="path:map00071" type="map"
        link="http://www.genome.jp/kegg/pathway/map/map00071.html">
        <graphics name="Fatty acid metabolism" fgcolor="#000000" bgcolor="#FFFFFF"
             type="roundrectangle" x="309" y="366" width="76" height="33"/>
    </entry>
    <entry id="36" name="path:map00760" type="map"
        link="http://www.genome.jp/kegg/pathway/map/map00760.html">
        <graphics name="Nicotinate and nicotinamide metabolism" fgcolor="#000000" bgcolor="#FFFFFF"
             type="roundrectangle" x="184" y="491" width="139" height="34"/>
    </entry>
    <entry id="37" name="path:map00720" type="map"
        link="http://www.genome.jp/kegg/pathway/map/map00720.html">
        <graphics name="Reductive carboxylate cycle (CO2 fixation)" fgcolor="#000000" bgcolor="#FFFFFF"
             type="roundrectangle" x="184" y="529" width="103" height="34"/>
    </entry>
    <entry id="38" name="path:map00020" type="map"
        link="http://www.genome.jp/kegg/pathway/map/map00020.html">
        <graphics name="Citrate cycle (TCA cycle)" fgcolor="#000000" bgcolor="#FFFFFF"
             type="roundrectangle" x="168" y="611" width="71" height="25"/>
    </entry>
    <entry id="39" name="path:map00720" type="map"
        link="http://www.genome.jp/kegg/pathway/map/map00720.html">
        <graphics name="Reductive carboxylate cycle (CO2 fixation)" fgcolor="#000000" bgcolor="#FFFFFF"
             type="roundrectangle" x="788" y="199" width="103" height="34"/>
    </entry>
    <entry id="40" name="path:map00340" type="map"
        link="http://www.genome.jp/kegg/pathway/map/map00340.html">
        <graphics name="Histidine metabolism" fgcolor="#000000" bgcolor="#FFFFFF"
             type="roundrectangle" x="783" y="238" width="122" height="25"/>
    </entry>
    <entry id="41" name="path:map00760" type="map"
        link="http://www.genome.jp/kegg/pathway/map/map00760.html">
        <graphics name="Nicotinate and nicotinamide metabolism" fgcolor="#000000" bgcolor="#FFFFFF"
             type="roundrectangle" x="790" y="271" width="137" height="34"/>
    </entry>
    <entry id="42" name="path:map00260" type="map"
        link="http://www.genome.jp/kegg/pathway/map/map00260.html">
        <graphics name="Glycine, serine and threonine metabolism" fgcolor="#000000" bgcolor="#FFFFFF"
             type="roundrectangle" x="794" y="303" width="144" height="25"/>
    </entry>
    <entry id="43" name="path:map00300" type="map"
        link="http://www.genome.jp/kegg/pathway/map/map00300.html">
        <graphics name="Lysine biosynthesis" fgcolor="#000000" bgcolor="#FFFFFF"
             type="roundrectangle" x="777" y="331" width="110" height="25"/>
    </entry>
    <entry id="44" name="path:map00252" type="map"
        link="http://www.genome.jp/dbget-bin/get_linkdb?pathway+map00252">
        <graphics name="TITLE:Alanine and aspartate metabolism" fgcolor="#000000" bgcolor="#FFFFFF"
             type="roundrectangle" x="215" y="67" width="310" height="25"/>
    </entry>
    <entry id="45" name="path:map00220" type="map"
        link="http://www.genome.jp/kegg/pathway/map/map00220.html">
        <graphics name="Urea cycle and metabolism of amino groups" fgcolor="#000000" bgcolor="#FFFFFF"
             type="roundrectangle" x="756" y="387" width="68" height="25"/>
    </entry>
    <entry id="46" name="path:map00330" type="map"
        link="http://www.genome.jp/kegg/pathway/map/map00330.html">
        <graphics name="Arginine and proline metabolism" fgcolor="#000000" bgcolor="#FFFFFF"
             type="roundrectangle" x="784" y="415" width="124" height="25"/>
    </entry>
    <entry id="47" name="path:map00410" type="map"
        link="http://www.genome.jp/kegg/pathway/map/map00410.html">
        <graphics name="beta-Alanine metabolism" fgcolor="#000000" bgcolor="#FFFFFF"
             type="roundrectangle" x="787" y="359" width="130" height="25"/>
    </entry>
    <entry id="48" name="path:map00450" type="map"
        link="http://www.genome.jp/kegg/pathway/map/map00450.html">
        <graphics name="Selenoamino acid metabolism" fgcolor="#000000" bgcolor="#FFFFFF"
             type="roundrectangle" x="551" y="112" width="102" height="34"/>
    </entry>
    <entry id="49" name="path:map00460" type="map"
        link="http://www.genome.jp/kegg/pathway/map/map00460.html">
        <graphics name="Cyanoamino acid metabolism" fgcolor="#000000" bgcolor="#FFFFFF"
             type="roundrectangle" x="551" y="75" width="99" height="34"/>
    </entry>
    <entry id="50" name="path:map00473" type="map"
        link="http://www.genome.jp/kegg/pathway/map/map00473.html">
        <graphics name="D-Alanine metabolism" fgcolor="#000000" bgcolor="#FFFFFF"
             type="roundrectangle" x="771" y="87" width="75" height="34"/>
    </entry>
    <entry id="51" name="ko:K00811 ko:K00812 ko:K00813 ko:K11358" type="ortholog" reaction="rn:R00355"
        link="http://www.genome.jp/dbget-bin/www_bget?ko+K00811+K00812+K00813+K11358">
        <graphics name="K00811..." fgcolor="#000000" bgcolor="#FFFFFF"
             type="rectangle" x="510" y="477" width="46" height="17"/>
    </entry>
    <entry id="52" name="ko:K02433 ko:K02434 ko:K02435" type="ortholog" reaction="rn:R04212"
        link="http://www.genome.jp/dbget-bin/www_bget?ko+K02433+K02434+K02435">
        <graphics name="K02433..." fgcolor="#000000" bgcolor="#FFFFFF"
             type="rectangle" x="727" y="681" width="46" height="17"/>
    </entry>
    <entry id="53" name="ko:K09759" type="ortholog" reaction="rn:R03647"
        link="http://www.genome.jp/dbget-bin/www_bget?ko+K09759">
        <graphics name="K09759" fgcolor="#000000" bgcolor="#FFFFFF"
             type="rectangle" x="766" y="603" width="46" height="17"/>
    </entry>
    <entry id="54" name="ko:K01893" type="ortholog" reaction="rn:R03648"
        link="http://www.genome.jp/dbget-bin/www_bget?ko+K01893">
        <graphics name="K01893" fgcolor="#000000" bgcolor="#FFFFFF"
             type="rectangle" x="676" y="648" width="46" height="17"/>
    </entry>
    <entry id="55" name="ko:K00272" type="ortholog" reaction="rn:R00359"
        link="http://www.genome.jp/dbget-bin/www_bget?ko+K00272">
        <graphics name="K00272" fgcolor="#000000" bgcolor="#FFFFFF"
             type="rectangle" x="419" y="494" width="46" height="17"/>
    </entry>
    <entry id="56" name="ec:1.4.3.15" type="enzyme" reaction="rn:R00359"
        link="http://www.genome.jp/dbget-bin/www_bget?enzyme+1.4.3.15">
        <graphics name="1.4.3.15" fgcolor="#000000" bgcolor="#FFFFFF"
             type="rectangle" x="419" y="515" width="46" height="17"/>
    </entry>
    <entry id="57" name="ec:3.5.1.7" type="enzyme" reaction="rn:R00484"
        link="http://www.genome.jp/dbget-bin/www_bget?enzyme+3.5.1.7">
        <graphics name="3.5.1.7" fgcolor="#000000" bgcolor="#FFFFFF"
             type="rectangle" x="590" y="454" width="46" height="17"/>
    </entry>
    <entry id="58" name="ko:K01779" type="ortholog" reaction="rn:R00491"
        link="http://www.genome.jp/dbget-bin/www_bget?ko+K01779">
        <graphics name="K01779" fgcolor="#000000" bgcolor="#FFFFFF"
             type="rectangle" x="585" y="505" width="46" height="17"/>
    </entry>
    <entry id="59" name="ko:K01437" type="ortholog" reaction="rn:R00488"
        link="http://www.genome.jp/dbget-bin/www_bget?ko+K01437">
        <graphics name="K01437" fgcolor="#000000" bgcolor="#FFFFFF"
             type="rectangle" x="526" y="563" width="46" height="17"/>
    </entry>
    <entry id="60" name="cpd:C00022" type="compound"
        link="http://www.genome.jp/dbget-bin/www_bget?compound+C00022">
        <graphics name="C00022" fgcolor="#000000" bgcolor="#FFFFFF"
             type="circle" x="260" y="169" width="8" height="8"/>
    </entry>
    <entry id="61" name="cpd:C02571" type="compound"
        link="http://www.genome.jp/dbget-bin/www_bget?compound+C02571">
        <graphics name="C02571" fgcolor="#000000" bgcolor="#FFFFFF"
             type="circle" x="298" y="413" width="8" height="8"/>
    </entry>
    <entry id="62" name="cpd:C00024" type="compound"
        link="http://www.genome.jp/dbget-bin/www_bget?compound+C00024">
        <graphics name="C00024" fgcolor="#000000" bgcolor="#FFFFFF"
             type="circle" x="382" y="367" width="8" height="8"/>
    </entry>
    <entry id="63" name="cpd:C00099" type="compound"
        link="http://www.genome.jp/dbget-bin/www_bget?compound+C00099">
        <graphics name="C00099" fgcolor="#000000" bgcolor="#FFFFFF"
             type="circle" x="524" y="301" width="8" height="8"/>
    </entry>
    <entry id="64" name="cpd:C00386" type="compound"
        link="http://www.genome.jp/dbget-bin/www_bget?compound+C00386">
        <graphics name="C00386" fgcolor="#000000" bgcolor="#FFFFFF"
             type="circle" x="620" y="301" width="8" height="8"/>
    </entry>
    <entry id="65" name="cpd:C00222" type="compound"
        link="http://www.genome.jp/dbget-bin/www_bget?compound+C00222">
        <graphics name="C00222" fgcolor="#000000" bgcolor="#FFFFFF"
             type="circle" x="524" y="367" width="8" height="8"/>
    </entry>
    <entry id="66" name="cpd:C00041" type="compound"
        link="http://www.genome.jp/dbget-bin/www_bget?compound+C00041">
        <graphics name="C00041" fgcolor="#000000" bgcolor="#FFFFFF"
             type="circle" x="672" y="169" width="8" height="8"/>
    </entry>
    <entry id="67" name="cpd:C00886" type="compound"
        link="http://www.genome.jp/dbget-bin/www_bget?compound+C00886">
        <graphics name="C00886" fgcolor="#000000" bgcolor="#FFFFFF"
             type="circle" x="769" y="142" width="8" height="8"/>
    </entry>
    <entry id="68" name="cpd:C00017" type="compound"
        link="http://www.genome.jp/dbget-bin/www_bget?compound+C00017">
        <graphics name="C00017" fgcolor="#000000" bgcolor="#FFFFFF"
             type="circle" x="845" y="142" width="8" height="8"/>
    </entry>
    <entry id="69" name="cpd:C00133" type="compound"
        link="http://www.genome.jp/dbget-bin/www_bget?compound+C00133">
        <graphics name="C00133" fgcolor="#000000" bgcolor="#FFFFFF"
             type="circle" x="769" y="168" width="8" height="8"/>
    </entry>
    <entry id="70" name="cpd:C02984" type="compound"
        link="http://www.genome.jp/dbget-bin/www_bget?compound+C02984">
        <graphics name="C02984" fgcolor="#000000" bgcolor="#FFFFFF"
             type="circle" x="590" y="396" width="8" height="8"/>
    </entry>
    <entry id="71" name="cpd:C00438" type="compound"
        link="http://www.genome.jp/dbget-bin/www_bget?compound+C00438">
        <graphics name="C00438" fgcolor="#000000" bgcolor="#FFFFFF"
             type="circle" x="514" y="430" width="8" height="8"/>
    </entry>
    <entry id="72" name="cpd:C00049" type="compound"
        link="http://www.genome.jp/dbget-bin/www_bget?compound+C00049">
        <graphics name="C00049" fgcolor="#000000" bgcolor="#FFFFFF"
             type="circle" x="676" y="535" width="8" height="8"/>
    </entry>
    <entry id="73" name="cpd:C03406" type="compound"
        link="http://www.genome.jp/dbget-bin/www_bget?compound+C03406">
        <graphics name="C03406" fgcolor="#000000" bgcolor="#FFFFFF"
             type="circle" x="831" y="472" width="8" height="8"/>
    </entry>
    <entry id="74" name="cpd:C03794" type="compound"
        link="http://www.genome.jp/dbget-bin/www_bget?compound+C03794">
        <graphics name="C03794" fgcolor="#000000" bgcolor="#FFFFFF"
             type="circle" x="865" y="450" width="8" height="8"/>
    </entry>
    <entry id="75" name="cpd:C00152" type="compound"
        link="http://www.genome.jp/dbget-bin/www_bget?compound+C00152">
        <graphics name="C00152" fgcolor="#000000" bgcolor="#FFFFFF"
             type="circle" x="676" y="616" width="8" height="8"/>
    </entry>
    <entry id="76" name="cpd:C00158" type="compound"
        link="http://www.genome.jp/dbget-bin/www_bget?compound+C00158">
        <graphics name="C00158" fgcolor="#000000" bgcolor="#FFFFFF"
             type="circle" x="420" y="570" width="8" height="8"/>
    </entry>
    <entry id="77" name="cpd:C00036" type="compound"
        link="http://www.genome.jp/dbget-bin/www_bget?compound+C00036">
        <graphics name="C00036" fgcolor="#000000" bgcolor="#FFFFFF"
             type="circle" x="263" y="570" width="8" height="8"/>
    </entry>
    <entry id="78" name="cpd:C02362" type="compound"
        link="http://www.genome.jp/dbget-bin/www_bget?compound+C02362">
        <graphics name="C02362" fgcolor="#000000" bgcolor="#FFFFFF"
             type="circle" x="263" y="619" width="8" height="8"/>
    </entry>
    <entry id="79" name="cpd:C00026" type="compound"
        link="http://www.genome.jp/dbget-bin/www_bget?compound+C00026">
        <graphics name="C00026" fgcolor="#000000" bgcolor="#FFFFFF"
             type="circle" x="263" y="656" width="8" height="8"/>
    </entry>
    <entry id="80" name="cpd:C00042" type="compound"
        link="http://www.genome.jp/dbget-bin/www_bget?compound+C00042">
        <graphics name="C00042" fgcolor="#000000" bgcolor="#FFFFFF"
             type="circle" x="128" y="656" width="8" height="8"/>
    </entry>
    <entry id="81" name="cpd:C00122" type="compound"
        link="http://www.genome.jp/dbget-bin/www_bget?compound+C00122">
        <graphics name="C00122" fgcolor="#000000" bgcolor="#FFFFFF"
             type="circle" x="83" y="609" width="8" height="8"/>
    </entry>
    <entry id="82" name="cpd:C00149" type="compound"
        link="http://www.genome.jp/dbget-bin/www_bget?compound+C00149">
        <graphics name="C00149" fgcolor="#000000" bgcolor="#FFFFFF"
             type="circle" x="128" y="570" width="8" height="8"/>
    </entry>
    <entry id="83" name="cpd:C06113" type="compound"
        link="http://www.genome.jp/dbget-bin/www_bget?compound+C06113">
        <graphics name="C06113" fgcolor="#000000" bgcolor="#FFFFFF"
             type="circle" x="766" y="681" width="8" height="8"/>
    </entry>
    <entry id="84" name="cpd:C03402" type="compound"
        link="http://www.genome.jp/dbget-bin/www_bget?compound+C03402">
        <graphics name="C03402" fgcolor="#000000" bgcolor="#FFFFFF"
             type="circle" x="676" y="681" width="8" height="8"/>
    </entry>
    <entry id="85" name="cpd:C00402" type="compound"
        link="http://www.genome.jp/dbget-bin/www_bget?compound+C00402">
        <graphics name="C00402" fgcolor="#000000" bgcolor="#FFFFFF"
             type="circle" x="476" y="505" width="8" height="8"/>
    </entry>
    <entry id="86" name="cpd:C01042" type="compound"
        link="http://www.genome.jp/dbget-bin/www_bget?compound+C01042">
        <graphics name="C01042" fgcolor="#000000" bgcolor="#FFFFFF"
             type="circle" x="526" y="583" width="8" height="8"/>
    </entry>
    <entry id="94" name="" type="other" reaction="rn:R00165">
        <graphics fgcolor="#000000" bgcolor="#FFFFFF"
             type="rectangle" x="806" y="142" width="66" height="1"/>
    </entry>
    <relation entry1="2" entry2="14" type="ECrel">
        <subtype name="compound" value="60"/>
    </relation>
    <relation entry1="2" entry2="13" type="ECrel">
        <subtype name="compound" value="60"/>
    </relation>
    <relation entry1="2" entry2="11" type="ECrel">
        <subtype name="compound" value="60"/>
    </relation>
    <relation entry1="3" entry2="30" type="ECrel">
        <subtype name="compound" value="62"/>
    </relation>
    <relation entry1="4" entry2="30" type="ECrel">
        <subtype name="compound" value="65"/>
    </relation>
    <relation entry1="5" entry2="30" type="ECrel">
        <subtype name="compound" value="65"/>
    </relation>
    <relation entry1="5" entry2="6" type="ECrel">
        <subtype name="compound" value="63"/>
    </relation>
    <relation entry1="4" entry2="6" type="ECrel">
        <subtype name="compound" value="63"/>
    </relation>
    <relation entry1="6" entry2="10" type="ECrel">
        <subtype name="compound" value="63"/>
    </relation>
    <relation entry1="6" entry2="8" type="ECrel">
        <subtype name="compound" value="63"/>
    </relation>
    <relation entry1="5" entry2="7" type="ECrel">
        <subtype name="compound" value="63"/>
    </relation>
    <relation entry1="4" entry2="7" type="ECrel">
        <subtype name="compound" value="63"/>
    </relation>
    <relation entry1="7" entry2="10" type="ECrel">
        <subtype name="compound" value="63"/>
    </relation>
    <relation entry1="7" entry2="8" type="ECrel">
        <subtype name="compound" value="63"/>
    </relation>
    <relation entry1="5" entry2="10" type="ECrel">
        <subtype name="compound" value="63"/>
    </relation>
    <relation entry1="5" entry2="8" type="ECrel">
        <subtype name="compound" value="63"/>
    </relation>
    <relation entry1="4" entry2="10" type="ECrel">
        <subtype name="compound" value="63"/>
    </relation>
    <relation entry1="4" entry2="8" type="ECrel">
        <subtype name="compound" value="63"/>
    </relation>
    <relation entry1="27" entry2="29" type="ECrel">
        <subtype name="compound" value="77"/>
    </relation>
    <relation entry1="27" entry2="28" type="ECrel">
        <subtype name="compound" value="77"/>
    </relation>
    <relation entry1="27" entry2="56" type="ECrel">
        <subtype name="compound" value="77"/>
    </relation>
    <relation entry1="27" entry2="55" type="ECrel">
        <subtype name="compound" value="77"/>
    </relation>
    <relation entry1="27" entry2="51" type="ECrel">
        <subtype name="compound" value="77"/>
    </relation>
    <relation entry1="2" entry2="27" type="ECrel">
        <subtype name="compound" value="77"/>
    </relation>
    <relation entry1="2" entry2="29" type="ECrel">
        <subtype name="compound" value="77"/>
    </relation>
    <relation entry1="2" entry2="28" type="ECrel">
        <subtype name="compound" value="77"/>
    </relation>
    <relation entry1="2" entry2="56" type="ECrel">
        <subtype name="compound" value="77"/>
    </relation>
    <relation entry1="2" entry2="55" type="ECrel">
        <subtype name="compound" value="77"/>
    </relation>
    <relation entry1="2" entry2="51" type="ECrel">
        <subtype name="compound" value="77"/>
    </relation>
    <relation entry1="26" entry2="27" type="ECrel">
        <subtype name="compound" value="78"/>
    </relation>
    <relation entry1="15" entry2="16" type="ECrel">
        <subtype name="compound" value="66"/>
    </relation>
    <relation entry1="11" entry2="15" type="ECrel">
        <subtype name="compound" value="66"/>
    </relation>
    <relation entry1="13" entry2="15" type="ECrel">
        <subtype name="compound" value="66"/>
    </relation>
    <relation entry1="14" entry2="15" type="ECrel">
        <subtype name="compound" value="66"/>
    </relation>
    <relation entry1="9" entry2="15" type="ECrel">
        <subtype name="compound" value="66"/>
    </relation>
    <relation entry1="11" entry2="16" type="ECrel">
        <subtype name="compound" value="66"/>
    </relation>
    <relation entry1="13" entry2="16" type="ECrel">
        <subtype name="compound" value="66"/>
    </relation>
    <relation entry1="14" entry2="16" type="ECrel">
        <subtype name="compound" value="66"/>
    </relation>
    <relation entry1="9" entry2="16" type="ECrel">
        <subtype name="compound" value="66"/>
    </relation>
    <relation entry1="9" entry2="11" type="ECrel">
        <subtype name="compound" value="66"/>
    </relation>
    <relation entry1="9" entry2="13" type="ECrel">
        <subtype name="compound" value="66"/>
    </relation>
    <relation entry1="9" entry2="14" type="ECrel">
        <subtype name="compound" value="66"/>
    </relation>
    <relation entry1="52" entry2="54" type="ECrel">
        <subtype name="compound" value="84"/>
    </relation>
    <relation entry1="52" entry2="53" type="ECrel">
        <subtype name="compound" value="83"/>
    </relation>
    <relation entry1="23" entry2="24" type="ECrel">
        <subtype name="compound" value="81"/>
    </relation>
    <relation entry1="23" entry2="25" type="ECrel">
        <subtype name="compound" value="81"/>
    </relation>
    <relation entry1="24" entry2="25" type="ECrel">
        <subtype name="compound" value="81"/>
    </relation>
    <relation entry1="26" entry2="54" type="ECrel">
        <subtype name="compound" value="75"/>
    </relation>
    <relation entry1="19" entry2="54" type="ECrel">
        <subtype name="compound" value="75"/>
    </relation>
    <relation entry1="20" entry2="54" type="ECrel">
        <subtype name="compound" value="75"/>
    </relation>
    <relation entry1="21" entry2="54" type="ECrel">
        <subtype name="compound" value="75"/>
    </relation>
    <relation entry1="22" entry2="54" type="ECrel">
        <subtype name="compound" value="75"/>
    </relation>
    <relation entry1="19" entry2="26" type="ECrel">
        <subtype name="compound" value="75"/>
    </relation>
    <relation entry1="20" entry2="26" type="ECrel">
        <subtype name="compound" value="75"/>
    </relation>
    <relation entry1="21" entry2="26" type="ECrel">
        <subtype name="compound" value="75"/>
    </relation>
    <relation entry1="22" entry2="26" type="ECrel">
        <subtype name="compound" value="75"/>
    </relation>
    <relation entry1="17" entry2="25" type="ECrel">
        <subtype name="compound" value="74"/>
    </relation>
    <relation entry1="18" entry2="24" type="ECrel">
        <subtype name="compound" value="73"/>
    </relation>
    <relation entry1="55" entry2="58" type="ECrel">
        <subtype name="compound" value="85"/>
    </relation>
    <relation entry1="56" entry2="58" type="ECrel">
        <subtype name="compound" value="85"/>
    </relation>
    <relation entry1="23" entry2="53" type="ECrel">
        <subtype name="compound" value="72"/>
    </relation>
    <relation entry1="22" entry2="23" type="ECrel">
        <subtype name="compound" value="72"/>
    </relation>
    <relation entry1="21" entry2="23" type="ECrel">
        <subtype name="compound" value="72"/>
    </relation>
    <relation entry1="20" entry2="23" type="ECrel">
        <subtype name="compound" value="72"/>
    </relation>
    <relation entry1="19" entry2="23" type="ECrel">
        <subtype name="compound" value="72"/>
    </relation>
    <relation entry1="23" entry2="59" type="ECrel">
        <subtype name="compound" value="72"/>
    </relation>
    <relation entry1="23" entry2="29" type="ECrel">
        <subtype name="compound" value="72"/>
    </relation>
    <relation entry1="23" entry2="28" type="ECrel">
        <subtype name="compound" value="72"/>
    </relation>
    <relation entry1="23" entry2="58" type="ECrel">
        <subtype name="compound" value="72"/>
    </relation>
    <relation entry1="23" entry2="51" type="ECrel">
        <subtype name="compound" value="72"/>
    </relation>
    <relation entry1="23" entry2="57" type="ECrel">
        <subtype name="compound" value="72"/>
    </relation>
    <relation entry1="23" entry2="31" type="ECrel">
        <subtype name="compound" value="72"/>
    </relation>
    <relation entry1="12" entry2="23" type="ECrel">
        <subtype name="compound" value="72"/>
    </relation>
    <relation entry1="8" entry2="23" type="ECrel">
        <subtype name="compound" value="72"/>
    </relation>
    <relation entry1="10" entry2="23" type="ECrel">
        <subtype name="compound" value="72"/>
    </relation>
    <relation entry1="9" entry2="23" type="ECrel">
        <subtype name="compound" value="72"/>
    </relation>
    <relation entry1="17" entry2="23" type="ECrel">
        <subtype name="compound" value="72"/>
    </relation>
    <relation entry1="18" entry2="23" type="ECrel">
        <subtype name="compound" value="72"/>
    </relation>
    <relation entry1="22" entry2="53" type="ECrel">
        <subtype name="compound" value="72"/>
    </relation>
    <relation entry1="21" entry2="53" type="ECrel">
        <subtype name="compound" value="72"/>
    </relation>
    <relation entry1="20" entry2="53" type="ECrel">
        <subtype name="compound" value="72"/>
    </relation>
    <relation entry1="19" entry2="53" type="ECrel">
        <subtype name="compound" value="72"/>
    </relation>
    <relation entry1="53" entry2="59" type="ECrel">
        <subtype name="compound" value="72"/>
    </relation>
    <relation entry1="29" entry2="53" type="ECrel">
        <subtype name="compound" value="72"/>
    </relation>
    <relation entry1="28" entry2="53" type="ECrel">
        <subtype name="compound" value="72"/>
    </relation>
    <relation entry1="53" entry2="58" type="ECrel">
        <subtype name="compound" value="72"/>
    </relation>
    <relation entry1="51" entry2="53" type="ECrel">
        <subtype name="compound" value="72"/>
    </relation>
    <relation entry1="53" entry2="57" type="ECrel">
        <subtype name="compound" value="72"/>
    </relation>
    <relation entry1="31" entry2="53" type="ECrel">
        <subtype name="compound" value="72"/>
    </relation>
    <relation entry1="12" entry2="53" type="ECrel">
        <subtype name="compound" value="72"/>
    </relation>
    <relation entry1="8" entry2="53" type="ECrel">
        <subtype name="compound" value="72"/>
    </relation>
    <relation entry1="10" entry2="53" type="ECrel">
        <subtype name="compound" value="72"/>
    </relation>
    <relation entry1="9" entry2="53" type="ECrel">
        <subtype name="compound" value="72"/>
    </relation>
    <relation entry1="17" entry2="53" type="ECrel">
        <subtype name="compound" value="72"/>
    </relation>
    <relation entry1="18" entry2="53" type="ECrel">
        <subtype name="compound" value="72"/>
    </relation>
    <relation entry1="22" entry2="59" type="ECrel">
        <subtype name="compound" value="72"/>
    </relation>
    <relation entry1="22" entry2="29" type="ECrel">
        <subtype name="compound" value="72"/>
    </relation>
    <relation entry1="22" entry2="28" type="ECrel">
        <subtype name="compound" value="72"/>
    </relation>
    <relation entry1="22" entry2="58" type="ECrel">
        <subtype name="compound" value="72"/>
    </relation>
    <relation entry1="22" entry2="51" type="ECrel">
        <subtype name="compound" value="72"/>
    </relation>
    <relation entry1="22" entry2="57" type="ECrel">
        <subtype name="compound" value="72"/>
    </relation>
    <relation entry1="22" entry2="31" type="ECrel">
        <subtype name="compound" value="72"/>
    </relation>
    <relation entry1="12" entry2="22" type="ECrel">
        <subtype name="compound" value="72"/>
    </relation>
    <relation entry1="8" entry2="22" type="ECrel">
        <subtype name="compound" value="72"/>
    </relation>
    <relation entry1="10" entry2="22" type="ECrel">
        <subtype name="compound" value="72"/>
    </relation>
    <relation entry1="9" entry2="22" type="ECrel">
        <subtype name="compound" value="72"/>
    </relation>
    <relation entry1="17" entry2="22" type="ECrel">
        <subtype name="compound" value="72"/>
    </relation>
    <relation entry1="18" entry2="22" type="ECrel">
        <subtype name="compound" value="72"/>
    </relation>
    <relation entry1="21" entry2="59" type="ECrel">
        <subtype name="compound" value="72"/>
    </relation>
    <relation entry1="21" entry2="29" type="ECrel">
        <subtype name="compound" value="72"/>
    </relation>
    <relation entry1="21" entry2="28" type="ECrel">
        <subtype name="compound" value="72"/>
    </relation>
    <relation entry1="21" entry2="58" type="ECrel">
        <subtype name="compound" value="72"/>
    </relation>
    <relation entry1="21" entry2="51" type="ECrel">
        <subtype name="compound" value="72"/>
    </relation>
    <relation entry1="21" entry2="57" type="ECrel">
        <subtype name="compound" value="72"/>
    </relation>
    <relation entry1="21" entry2="31" type="ECrel">
        <subtype name="compound" value="72"/>
    </relation>
    <relation entry1="12" entry2="21" type="ECrel">
        <subtype name="compound" value="72"/>
    </relation>
    <relation entry1="8" entry2="21" type="ECrel">
        <subtype name="compound" value="72"/>
    </relation>
    <relation entry1="10" entry2="21" type="ECrel">
        <subtype name="compound" value="72"/>
    </relation>
    <relation entry1="9" entry2="21" type="ECrel">
        <subtype name="compound" value="72"/>
    </relation>
    <relation entry1="17" entry2="21" type="ECrel">
        <subtype name="compound" value="72"/>
    </relation>
    <relation entry1="18" entry2="21" type="ECrel">
        <subtype name="compound" value="72"/>
    </relation>
    <relation entry1="20" entry2="59" type="ECrel">
        <subtype name="compound" value="72"/>
    </relation>
    <relation entry1="20" entry2="29" type="ECrel">
        <subtype name="compound" value="72"/>
    </relation>
    <relation entry1="20" entry2="28" type="ECrel">
        <subtype name="compound" value="72"/>
    </relation>
    <relation entry1="20" entry2="58" type="ECrel">
        <subtype name="compound" value="72"/>
    </relation>
    <relation entry1="20" entry2="51" type="ECrel">
        <subtype name="compound" value="72"/>
    </relation>
    <relation entry1="20" entry2="57" type="ECrel">
        <subtype name="compound" value="72"/>
    </relation>
    <relation entry1="20" entry2="31" type="ECrel">
        <subtype name="compound" value="72"/>
    </relation>
    <relation entry1="12" entry2="20" type="ECrel">
        <subtype name="compound" value="72"/>
    </relation>
    <relation entry1="8" entry2="20" type="ECrel">
        <subtype name="compound" value="72"/>
    </relation>
    <relation entry1="10" entry2="20" type="ECrel">
        <subtype name="compound" value="72"/>
    </relation>
    <relation entry1="9" entry2="20" type="ECrel">
        <subtype name="compound" value="72"/>
    </relation>
    <relation entry1="17" entry2="20" type="ECrel">
        <subtype name="compound" value="72"/>
    </relation>
    <relation entry1="18" entry2="20" type="ECrel">
        <subtype name="compound" value="72"/>
    </relation>
    <relation entry1="19" entry2="59" type="ECrel">
        <subtype name="compound" value="72"/>
    </relation>
    <relation entry1="19" entry2="29" type="ECrel">
        <subtype name="compound" value="72"/>
    </relation>
    <relation entry1="19" entry2="28" type="ECrel">
        <subtype name="compound" value="72"/>
    </relation>
    <relation entry1="19" entry2="58" type="ECrel">
        <subtype name="compound" value="72"/>
    </relation>
    <relation entry1="19" entry2="51" type="ECrel">
        <subtype name="compound" value="72"/>
    </relation>
    <relation entry1="19" entry2="57" type="ECrel">
        <subtype name="compound" value="72"/>
    </relation>
    <relation entry1="19" entry2="31" type="ECrel">
        <subtype name="compound" value="72"/>
    </relation>
    <relation entry1="12" entry2="19" type="ECrel">
        <subtype name="compound" value="72"/>
    </relation>
    <relation entry1="8" entry2="19" type="ECrel">
        <subtype name="compound" value="72"/>
    </relation>
    <relation entry1="10" entry2="19" type="ECrel">
        <subtype name="compound" value="72"/>
    </relation>
    <relation entry1="9" entry2="19" type="ECrel">
        <subtype name="compound" value="72"/>
    </relation>
    <relation entry1="17" entry2="19" type="ECrel">
        <subtype name="compound" value="72"/>
    </relation>
    <relation entry1="18" entry2="19" type="ECrel">
        <subtype name="compound" value="72"/>
    </relation>
    <relation entry1="29" entry2="59" type="ECrel">
        <subtype name="compound" value="72"/>
    </relation>
    <relation entry1="28" entry2="59" type="ECrel">
        <subtype name="compound" value="72"/>
    </relation>
    <relation entry1="58" entry2="59" type="ECrel">
        <subtype name="compound" value="72"/>
    </relation>
    <relation entry1="51" entry2="59" type="ECrel">
        <subtype name="compound" value="72"/>
    </relation>
    <relation entry1="57" entry2="59" type="ECrel">
        <subtype name="compound" value="72"/>
    </relation>
    <relation entry1="31" entry2="59" type="ECrel">
        <subtype name="compound" value="72"/>
    </relation>
    <relation entry1="12" entry2="59" type="ECrel">
        <subtype name="compound" value="72"/>
    </relation>
    <relation entry1="8" entry2="59" type="ECrel">
        <subtype name="compound" value="72"/>
    </relation>
    <relation entry1="10" entry2="59" type="ECrel">
        <subtype name="compound" value="72"/>
    </relation>
    <relation entry1="9" entry2="59" type="ECrel">
        <subtype name="compound" value="72"/>
    </relation>
    <relation entry1="17" entry2="59" type="ECrel">
        <subtype name="compound" value="72"/>
    </relation>
    <relation entry1="18" entry2="59" type="ECrel">
        <subtype name="compound" value="72"/>
    </relation>
    <relation entry1="29" entry2="58" type="ECrel">
        <subtype name="compound" value="72"/>
    </relation>
    <relation entry1="29" entry2="57" type="ECrel">
        <subtype name="compound" value="72"/>
    </relation>
    <relation entry1="29" entry2="31" type="ECrel">
        <subtype name="compound" value="72"/>
    </relation>
    <relation entry1="12" entry2="29" type="ECrel">
        <subtype name="compound" value="72"/>
    </relation>
    <relation entry1="8" entry2="29" type="ECrel">
        <subtype name="compound" value="72"/>
    </relation>
    <relation entry1="10" entry2="29" type="ECrel">
        <subtype name="compound" value="72"/>
    </relation>
    <relation entry1="9" entry2="29" type="ECrel">
        <subtype name="compound" value="72"/>
    </relation>
    <relation entry1="17" entry2="29" type="ECrel">
        <subtype name="compound" value="72"/>
    </relation>
    <relation entry1="18" entry2="29" type="ECrel">
        <subtype name="compound" value="72"/>
    </relation>
    <relation entry1="28" entry2="58" type="ECrel">
        <subtype name="compound" value="72"/>
    </relation>
    <relation entry1="28" entry2="57" type="ECrel">
        <subtype name="compound" value="72"/>
    </relation>
    <relation entry1="28" entry2="31" type="ECrel">
        <subtype name="compound" value="72"/>
    </relation>
    <relation entry1="12" entry2="28" type="ECrel">
        <subtype name="compound" value="72"/>
    </relation>
    <relation entry1="8" entry2="28" type="ECrel">
        <subtype name="compound" value="72"/>
    </relation>
    <relation entry1="10" entry2="28" type="ECrel">
        <subtype name="compound" value="72"/>
    </relation>
    <relation entry1="9" entry2="28" type="ECrel">
        <subtype name="compound" value="72"/>
    </relation>
    <relation entry1="17" entry2="28" type="ECrel">
        <subtype name="compound" value="72"/>
    </relation>
    <relation entry1="18" entry2="28" type="ECrel">
        <subtype name="compound" value="72"/>
    </relation>
    <relation entry1="51" entry2="58" type="ECrel">
        <subtype name="compound" value="72"/>
    </relation>
    <relation entry1="57" entry2="58" type="ECrel">
        <subtype name="compound" value="72"/>
    </relation>
    <relation entry1="31" entry2="58" type="ECrel">
        <subtype name="compound" value="72"/>
    </relation>
    <relation entry1="12" entry2="58" type="ECrel">
        <subtype name="compound" value="72"/>
    </relation>
    <relation entry1="8" entry2="58" type="ECrel">
        <subtype name="compound" value="72"/>
    </relation>
    <relation entry1="10" entry2="58" type="ECrel">
        <subtype name="compound" value="72"/>
    </relation>
    <relation entry1="9" entry2="58" type="ECrel">
        <subtype name="compound" value="72"/>
    </relation>
    <relation entry1="17" entry2="58" type="ECrel">
        <subtype name="compound" value="72"/>
    </relation>
    <relation entry1="18" entry2="58" type="ECrel">
        <subtype name="compound" value="72"/>
    </relation>
    <relation entry1="51" entry2="57" type="ECrel">
        <subtype name="compound" value="72"/>
    </relation>
    <relation entry1="31" entry2="51" type="ECrel">
        <subtype name="compound" value="72"/>
    </relation>
    <relation entry1="12" entry2="51" type="ECrel">
        <subtype name="compound" value="72"/>
    </relation>
    <relation entry1="8" entry2="51" type="ECrel">
        <subtype name="compound" value="72"/>
    </relation>
    <relation entry1="10" entry2="51" type="ECrel">
        <subtype name="compound" value="72"/>
    </relation>
    <relation entry1="9" entry2="51" type="ECrel">
        <subtype name="compound" value="72"/>
    </relation>
    <relation entry1="17" entry2="51" type="ECrel">
        <subtype name="compound" value="72"/>
    </relation>
    <relation entry1="18" entry2="51" type="ECrel">
        <subtype name="compound" value="72"/>
    </relation>
    <relation entry1="12" entry2="57" type="ECrel">
        <subtype name="compound" value="72"/>
    </relation>
    <relation entry1="8" entry2="57" type="ECrel">
        <subtype name="compound" value="72"/>
    </relation>
    <relation entry1="10" entry2="57" type="ECrel">
        <subtype name="compound" value="72"/>
    </relation>
    <relation entry1="9" entry2="57" type="ECrel">
        <subtype name="compound" value="72"/>
    </relation>
    <relation entry1="17" entry2="57" type="ECrel">
        <subtype name="compound" value="72"/>
    </relation>
    <relation entry1="18" entry2="57" type="ECrel">
        <subtype name="compound" value="72"/>
    </relation>
    <relation entry1="12" entry2="31" type="ECrel">
        <subtype name="compound" value="72"/>
    </relation>
    <relation entry1="8" entry2="31" type="ECrel">
        <subtype name="compound" value="72"/>
    </relation>
    <relation entry1="10" entry2="31" type="ECrel">
        <subtype name="compound" value="72"/>
    </relation>
    <relation entry1="9" entry2="31" type="ECrel">
        <subtype name="compound" value="72"/>
    </relation>
    <relation entry1="17" entry2="31" type="ECrel">
        <subtype name="compound" value="72"/>
    </relation>
    <relation entry1="18" entry2="31" type="ECrel">
        <subtype name="compound" value="72"/>
    </relation>
    <relation entry1="8" entry2="12" type="ECrel">
        <subtype name="compound" value="72"/>
    </relation>
    <relation entry1="10" entry2="12" type="ECrel">
        <subtype name="compound" value="72"/>
    </relation>
    <relation entry1="9" entry2="12" type="ECrel">
        <subtype name="compound" value="72"/>
    </relation>
    <relation entry1="12" entry2="17" type="ECrel">
        <subtype name="compound" value="72"/>
    </relation>
    <relation entry1="12" entry2="18" type="ECrel">
        <subtype name="compound" value="72"/>
    </relation>
    <relation entry1="8" entry2="9" type="ECrel">
        <subtype name="compound" value="72"/>
    </relation>
    <relation entry1="8" entry2="17" type="ECrel">
        <subtype name="compound" value="72"/>
    </relation>
    <relation entry1="8" entry2="18" type="ECrel">
        <subtype name="compound" value="72"/>
    </relation>
    <relation entry1="9" entry2="10" type="ECrel">
        <subtype name="compound" value="72"/>
    </relation>
    <relation entry1="10" entry2="17" type="ECrel">
        <subtype name="compound" value="72"/>
    </relation>
    <relation entry1="10" entry2="18" type="ECrel">
        <subtype name="compound" value="72"/>
    </relation>
    <relation entry1="9" entry2="17" type="ECrel">
        <subtype name="compound" value="72"/>
    </relation>
    <relation entry1="9" entry2="18" type="ECrel">
        <subtype name="compound" value="72"/>
    </relation>
    <relation entry1="17" entry2="18" type="ECrel">
        <subtype name="compound" value="72"/>
    </relation>
    <relation entry1="31" entry2="1" type="ECrel">
        <subtype name="compound" value="72"/>
    </relation>
    <relation entry1="57" entry2="1" type="ECrel">
        <subtype name="compound" value="72"/>
    </relation>
    <relation entry1="51" entry2="1" type="ECrel">
        <subtype name="compound" value="72"/>
    </relation>
    <relation entry1="58" entry2="1" type="ECrel">
        <subtype name="compound" value="72"/>
    </relation>
    <relation entry1="28" entry2="1" type="ECrel">
        <subtype name="compound" value="72"/>
    </relation>
    <relation entry1="29" entry2="1" type="ECrel">
        <subtype name="compound" value="72"/>
    </relation>
    <relation entry1="59" entry2="1" type="ECrel">
        <subtype name="compound" value="72"/>
    </relation>
    <relation entry1="19" entry2="1" type="ECrel">
        <subtype name="compound" value="72"/>
    </relation>
    <relation entry1="20" entry2="1" type="ECrel">
        <subtype name="compound" value="72"/>
    </relation>
    <relation entry1="21" entry2="1" type="ECrel">
        <subtype name="compound" value="72"/>
    </relation>
    <relation entry1="22" entry2="1" type="ECrel">
        <subtype name="compound" value="72"/>
    </relation>
    <relation entry1="53" entry2="1" type="ECrel">
        <subtype name="compound" value="72"/>
    </relation>
    <relation entry1="23" entry2="1" type="ECrel">
        <subtype name="compound" value="72"/>
    </relation>
    <relation entry1="18" entry2="1" type="ECrel">
        <subtype name="compound" value="72"/>
    </relation>
    <relation entry1="17" entry2="1" type="ECrel">
        <subtype name="compound" value="72"/>
    </relation>
    <relation entry1="8" entry2="1" type="ECrel">
        <subtype name="compound" value="72"/>
    </relation>
    <relation entry1="10" entry2="1" type="ECrel">
        <subtype name="compound" value="72"/>
    </relation>
    <relation entry1="9" entry2="1" type="ECrel">
        <subtype name="compound" value="72"/>
    </relation>
    <relation entry1="3" entry2="35" type="maplink">
        <subtype name="compound" value="62"/>
    </relation>
    <relation entry1="30" entry2="35" type="maplink">
        <subtype name="compound" value="62"/>
    </relation>
    <relation entry1="6" entry2="33" type="maplink">
        <subtype name="compound" value="63"/>
    </relation>
    <relation entry1="6" entry2="34" type="maplink">
        <subtype name="compound" value="63"/>
    </relation>
    <relation entry1="7" entry2="33" type="maplink">
        <subtype name="compound" value="63"/>
    </relation>
    <relation entry1="7" entry2="34" type="maplink">
        <subtype name="compound" value="63"/>
    </relation>
    <relation entry1="5" entry2="33" type="maplink">
        <subtype name="compound" value="63"/>
    </relation>
    <relation entry1="5" entry2="34" type="maplink">
        <subtype name="compound" value="63"/>
    </relation>
    <relation entry1="4" entry2="33" type="maplink">
        <subtype name="compound" value="63"/>
    </relation>
    <relation entry1="4" entry2="34" type="maplink">
        <subtype name="compound" value="63"/>
    </relation>
    <relation entry1="33" entry2="34" type="maplink">
        <subtype name="compound" value="63"/>
    </relation>
    <relation entry1="10" entry2="33" type="maplink">
        <subtype name="compound" value="63"/>
    </relation>
    <relation entry1="8" entry2="33" type="maplink">
        <subtype name="compound" value="63"/>
    </relation>
    <relation entry1="10" entry2="34" type="maplink">
        <subtype name="compound" value="63"/>
    </relation>
    <relation entry1="8" entry2="34" type="maplink">
        <subtype name="compound" value="63"/>
    </relation>
    <relation entry1="27" entry2="37" type="maplink">
        <subtype name="compound" value="77"/>
    </relation>
    <relation entry1="29" entry2="37" type="maplink">
        <subtype name="compound" value="77"/>
    </relation>
    <relation entry1="28" entry2="37" type="maplink">
        <subtype name="compound" value="77"/>
    </relation>
    <relation entry1="56" entry2="37" type="maplink">
        <subtype name="compound" value="77"/>
    </relation>
    <relation entry1="55" entry2="37" type="maplink">
        <subtype name="compound" value="77"/>
    </relation>
    <relation entry1="51" entry2="37" type="maplink">
        <subtype name="compound" value="77"/>
    </relation>
    <relation entry1="2" entry2="37" type="maplink">
        <subtype name="compound" value="77"/>
    </relation>
    <relation entry1="15" entry2="39" type="maplink">
        <subtype name="compound" value="66"/>
    </relation>
    <relation entry1="15" entry2="50" type="maplink">
        <subtype name="compound" value="66"/>
    </relation>
    <relation entry1="15" entry2="49" type="maplink">
        <subtype name="compound" value="66"/>
    </relation>
    <relation entry1="15" entry2="48" type="maplink">
        <subtype name="compound" value="66"/>
    </relation>
    <relation entry1="16" entry2="39" type="maplink">
        <subtype name="compound" value="66"/>
    </relation>
    <relation entry1="16" entry2="50" type="maplink">
        <subtype name="compound" value="66"/>
    </relation>
    <relation entry1="16" entry2="49" type="maplink">
        <subtype name="compound" value="66"/>
    </relation>
    <relation entry1="16" entry2="48" type="maplink">
        <subtype name="compound" value="66"/>
    </relation>
    <relation entry1="11" entry2="39" type="maplink">
        <subtype name="compound" value="66"/>
    </relation>
    <relation entry1="11" entry2="50" type="maplink">
        <subtype name="compound" value="66"/>
    </relation>
    <relation entry1="11" entry2="49" type="maplink">
        <subtype name="compound" value="66"/>
    </relation>
    <relation entry1="11" entry2="48" type="maplink">
        <subtype name="compound" value="66"/>
    </relation>
    <relation entry1="13" entry2="39" type="maplink">
        <subtype name="compound" value="66"/>
    </relation>
    <relation entry1="13" entry2="50" type="maplink">
        <subtype name="compound" value="66"/>
    </relation>
    <relation entry1="13" entry2="49" type="maplink">
        <subtype name="compound" value="66"/>
    </relation>
    <relation entry1="13" entry2="48" type="maplink">
        <subtype name="compound" value="66"/>
    </relation>
    <relation entry1="14" entry2="39" type="maplink">
        <subtype name="compound" value="66"/>
    </relation>
    <relation entry1="14" entry2="50" type="maplink">
        <subtype name="compound" value="66"/>
    </relation>
    <relation entry1="14" entry2="49" type="maplink">
        <subtype name="compound" value="66"/>
    </relation>
    <relation entry1="14" entry2="48" type="maplink">
        <subtype name="compound" value="66"/>
    </relation>
    <relation entry1="9" entry2="39" type="maplink">
        <subtype name="compound" value="66"/>
    </relation>
    <relation entry1="9" entry2="50" type="maplink">
        <subtype name="compound" value="66"/>
    </relation>
    <relation entry1="9" entry2="49" type="maplink">
        <subtype name="compound" value="66"/>
    </relation>
    <relation entry1="9" entry2="48" type="maplink">
        <subtype name="compound" value="66"/>
    </relation>
    <relation entry1="39" entry2="50" type="maplink">
        <subtype name="compound" value="66"/>
    </relation>
    <relation entry1="39" entry2="49" type="maplink">
        <subtype name="compound" value="66"/>
    </relation>
    <relation entry1="39" entry2="48" type="maplink">
        <subtype name="compound" value="66"/>
    </relation>
    <relation entry1="49" entry2="50" type="maplink">
        <subtype name="compound" value="66"/>
    </relation>
    <relation entry1="48" entry2="50" type="maplink">
        <subtype name="compound" value="66"/>
    </relation>
    <relation entry1="48" entry2="49" type="maplink">
        <subtype name="compound" value="66"/>
    </relation>
    <relation entry1="23" entry2="40" type="maplink">
        <subtype name="compound" value="72"/>
    </relation>
    <relation entry1="23" entry2="41" type="maplink">
        <subtype name="compound" value="72"/>
    </relation>
    <relation entry1="23" entry2="42" type="maplink">
        <subtype name="compound" value="72"/>
    </relation>
    <relation entry1="23" entry2="43" type="maplink">
        <subtype name="compound" value="72"/>
    </relation>
    <relation entry1="23" entry2="47" type="maplink">
        <subtype name="compound" value="72"/>
    </relation>
    <relation entry1="23" entry2="45" type="maplink">
        <subtype name="compound" value="72"/>
    </relation>
    <relation entry1="23" entry2="46" type="maplink">
        <subtype name="compound" value="72"/>
    </relation>
    <relation entry1="53" entry2="40" type="maplink">
        <subtype name="compound" value="72"/>
    </relation>
    <relation entry1="53" entry2="41" type="maplink">
        <subtype name="compound" value="72"/>
    </relation>
    <relation entry1="53" entry2="42" type="maplink">
        <subtype name="compound" value="72"/>
    </relation>
    <relation entry1="53" entry2="43" type="maplink">
        <subtype name="compound" value="72"/>
    </relation>
    <relation entry1="53" entry2="47" type="maplink">
        <subtype name="compound" value="72"/>
    </relation>
    <relation entry1="53" entry2="45" type="maplink">
        <subtype name="compound" value="72"/>
    </relation>
    <relation entry1="53" entry2="46" type="maplink">
        <subtype name="compound" value="72"/>
    </relation>
    <relation entry1="22" entry2="40" type="maplink">
        <subtype name="compound" value="72"/>
    </relation>
    <relation entry1="22" entry2="41" type="maplink">
        <subtype name="compound" value="72"/>
    </relation>
    <relation entry1="22" entry2="42" type="maplink">
        <subtype name="compound" value="72"/>
    </relation>
    <relation entry1="22" entry2="43" type="maplink">
        <subtype name="compound" value="72"/>
    </relation>
    <relation entry1="22" entry2="47" type="maplink">
        <subtype name="compound" value="72"/>
    </relation>
    <relation entry1="22" entry2="45" type="maplink">
        <subtype name="compound" value="72"/>
    </relation>
    <relation entry1="22" entry2="46" type="maplink">
        <subtype name="compound" value="72"/>
    </relation>
    <relation entry1="21" entry2="40" type="maplink">
        <subtype name="compound" value="72"/>
    </relation>
    <relation entry1="21" entry2="41" type="maplink">
        <subtype name="compound" value="72"/>
    </relation>
    <relation entry1="21" entry2="42" type="maplink">
        <subtype name="compound" value="72"/>
    </relation>
    <relation entry1="21" entry2="43" type="maplink">
        <subtype name="compound" value="72"/>
    </relation>
    <relation entry1="21" entry2="47" type="maplink">
        <subtype name="compound" value="72"/>
    </relation>
    <relation entry1="21" entry2="45" type="maplink">
        <subtype name="compound" value="72"/>
    </relation>
    <relation entry1="21" entry2="46" type="maplink">
        <subtype name="compound" value="72"/>
    </relation>
    <relation entry1="20" entry2="40" type="maplink">
        <subtype name="compound" value="72"/>
    </relation>
    <relation entry1="20" entry2="41" type="maplink">
        <subtype name="compound" value="72"/>
    </relation>
    <relation entry1="20" entry2="42" type="maplink">
        <subtype name="compound" value="72"/>
    </relation>
    <relation entry1="20" entry2="43" type="maplink">
        <subtype name="compound" value="72"/>
    </relation>
    <relation entry1="20" entry2="47" type="maplink">
        <subtype name="compound" value="72"/>
    </relation>
    <relation entry1="20" entry2="45" type="maplink">
        <subtype name="compound" value="72"/>
    </relation>
    <relation entry1="20" entry2="46" type="maplink">
        <subtype name="compound" value="72"/>
    </relation>
    <relation entry1="19" entry2="40" type="maplink">
        <subtype name="compound" value="72"/>
    </relation>
    <relation entry1="19" entry2="41" type="maplink">
        <subtype name="compound" value="72"/>
    </relation>
    <relation entry1="19" entry2="42" type="maplink">
        <subtype name="compound" value="72"/>
    </relation>
    <relation entry1="19" entry2="43" type="maplink">
        <subtype name="compound" value="72"/>
    </relation>
    <relation entry1="19" entry2="47" type="maplink">
        <subtype name="compound" value="72"/>
    </relation>
    <relation entry1="19" entry2="45" type="maplink">
        <subtype name="compound" value="72"/>
    </relation>
    <relation entry1="19" entry2="46" type="maplink">
        <subtype name="compound" value="72"/>
    </relation>
    <relation entry1="59" entry2="40" type="maplink">
        <subtype name="compound" value="72"/>
    </relation>
    <relation entry1="59" entry2="41" type="maplink">
        <subtype name="compound" value="72"/>
    </relation>
    <relation entry1="59" entry2="42" type="maplink">
        <subtype name="compound" value="72"/>
    </relation>
    <relation entry1="59" entry2="43" type="maplink">
        <subtype name="compound" value="72"/>
    </relation>
    <relation entry1="59" entry2="47" type="maplink">
        <subtype name="compound" value="72"/>
    </relation>
    <relation entry1="59" entry2="45" type="maplink">
        <subtype name="compound" value="72"/>
    </relation>
    <relation entry1="59" entry2="46" type="maplink">
        <subtype name="compound" value="72"/>
    </relation>
    <relation entry1="29" entry2="40" type="maplink">
        <subtype name="compound" value="72"/>
    </relation>
    <relation entry1="29" entry2="41" type="maplink">
        <subtype name="compound" value="72"/>
    </relation>
    <relation entry1="29" entry2="42" type="maplink">
        <subtype name="compound" value="72"/>
    </relation>
    <relation entry1="29" entry2="43" type="maplink">
        <subtype name="compound" value="72"/>
    </relation>
    <relation entry1="29" entry2="47" type="maplink">
        <subtype name="compound" value="72"/>
    </relation>
    <relation entry1="29" entry2="45" type="maplink">
        <subtype name="compound" value="72"/>
    </relation>
    <relation entry1="29" entry2="46" type="maplink">
        <subtype name="compound" value="72"/>
    </relation>
    <relation entry1="28" entry2="40" type="maplink">
        <subtype name="compound" value="72"/>
    </relation>
    <relation entry1="28" entry2="41" type="maplink">
        <subtype name="compound" value="72"/>
    </relation>
    <relation entry1="28" entry2="42" type="maplink">
        <subtype name="compound" value="72"/>
    </relation>
    <relation entry1="28" entry2="43" type="maplink">
        <subtype name="compound" value="72"/>
    </relation>
    <relation entry1="28" entry2="47" type="maplink">
        <subtype name="compound" value="72"/>
    </relation>
    <relation entry1="28" entry2="45" type="maplink">
        <subtype name="compound" value="72"/>
    </relation>
    <relation entry1="28" entry2="46" type="maplink">
        <subtype name="compound" value="72"/>
    </relation>
    <relation entry1="58" entry2="40" type="maplink">
        <subtype name="compound" value="72"/>
    </relation>
    <relation entry1="58" entry2="41" type="maplink">
        <subtype name="compound" value="72"/>
    </relation>
    <relation entry1="58" entry2="42" type="maplink">
        <subtype name="compound" value="72"/>
    </relation>
    <relation entry1="58" entry2="43" type="maplink">
        <subtype name="compound" value="72"/>
    </relation>
    <relation entry1="58" entry2="47" type="maplink">
        <subtype name="compound" value="72"/>
    </relation>
    <relation entry1="58" entry2="45" type="maplink">
        <subtype name="compound" value="72"/>
    </relation>
    <relation entry1="58" entry2="46" type="maplink">
        <subtype name="compound" value="72"/>
    </relation>
    <relation entry1="51" entry2="40" type="maplink">
        <subtype name="compound" value="72"/>
    </relation>
    <relation entry1="51" entry2="41" type="maplink">
        <subtype name="compound" value="72"/>
    </relation>
    <relation entry1="51" entry2="42" type="maplink">
        <subtype name="compound" value="72"/>
    </relation>
    <relation entry1="51" entry2="43" type="maplink">
        <subtype name="compound" value="72"/>
    </relation>
    <relation entry1="51" entry2="47" type="maplink">
        <subtype name="compound" value="72"/>
    </relation>
    <relation entry1="51" entry2="45" type="maplink">
        <subtype name="compound" value="72"/>
    </relation>
    <relation entry1="51" entry2="46" type="maplink">
        <subtype name="compound" value="72"/>
    </relation>
    <relation entry1="57" entry2="40" type="maplink">
        <subtype name="compound" value="72"/>
    </relation>
    <relation entry1="57" entry2="41" type="maplink">
        <subtype name="compound" value="72"/>
    </relation>
    <relation entry1="57" entry2="42" type="maplink">
        <subtype name="compound" value="72"/>
    </relation>
    <relation entry1="57" entry2="43" type="maplink">
        <subtype name="compound" value="72"/>
    </relation>
    <relation entry1="57" entry2="47" type="maplink">
        <subtype name="compound" value="72"/>
    </relation>
    <relation entry1="57" entry2="45" type="maplink">
        <subtype name="compound" value="72"/>
    </relation>
    <relation entry1="57" entry2="46" type="maplink">
        <subtype name="compound" value="72"/>
    </relation>
    <relation entry1="31" entry2="40" type="maplink">
        <subtype name="compound" value="72"/>
    </relation>
    <relation entry1="31" entry2="41" type="maplink">
        <subtype name="compound" value="72"/>
    </relation>
    <relation entry1="31" entry2="42" type="maplink">
        <subtype name="compound" value="72"/>
    </relation>
    <relation entry1="31" entry2="43" type="maplink">
        <subtype name="compound" value="72"/>
    </relation>
    <relation entry1="31" entry2="47" type="maplink">
        <subtype name="compound" value="72"/>
    </relation>
    <relation entry1="31" entry2="45" type="maplink">
        <subtype name="compound" value="72"/>
    </relation>
    <relation entry1="31" entry2="46" type="maplink">
        <subtype name="compound" value="72"/>
    </relation>
    <relation entry1="12" entry2="40" type="maplink">
        <subtype name="compound" value="72"/>
    </relation>
    <relation entry1="12" entry2="41" type="maplink">
        <subtype name="compound" value="72"/>
    </relation>
    <relation entry1="12" entry2="42" type="maplink">
        <subtype name="compound" value="72"/>
    </relation>
    <relation entry1="12" entry2="43" type="maplink">
        <subtype name="compound" value="72"/>
    </relation>
    <relation entry1="12" entry2="47" type="maplink">
        <subtype name="compound" value="72"/>
    </relation>
    <relation entry1="12" entry2="45" type="maplink">
        <subtype name="compound" value="72"/>
    </relation>
    <relation entry1="12" entry2="46" type="maplink">
        <subtype name="compound" value="72"/>
    </relation>
    <relation entry1="8" entry2="40" type="maplink">
        <subtype name="compound" value="72"/>
    </relation>
    <relation entry1="8" entry2="41" type="maplink">
        <subtype name="compound" value="72"/>
    </relation>
    <relation entry1="8" entry2="42" type="maplink">
        <subtype name="compound" value="72"/>
    </relation>
    <relation entry1="8" entry2="43" type="maplink">
        <subtype name="compound" value="72"/>
    </relation>
    <relation entry1="8" entry2="47" type="maplink">
        <subtype name="compound" value="72"/>
    </relation>
    <relation entry1="8" entry2="45" type="maplink">
        <subtype name="compound" value="72"/>
    </relation>
    <relation entry1="8" entry2="46" type="maplink">
        <subtype name="compound" value="72"/>
    </relation>
    <relation entry1="10" entry2="40" type="maplink">
        <subtype name="compound" value="72"/>
    </relation>
    <relation entry1="10" entry2="41" type="maplink">
        <subtype name="compound" value="72"/>
    </relation>
    <relation entry1="10" entry2="42" type="maplink">
        <subtype name="compound" value="72"/>
    </relation>
    <relation entry1="10" entry2="43" type="maplink">
        <subtype name="compound" value="72"/>
    </relation>
    <relation entry1="10" entry2="47" type="maplink">
        <subtype name="compound" value="72"/>
    </relation>
    <relation entry1="10" entry2="45" type="maplink">
        <subtype name="compound" value="72"/>
    </relation>
    <relation entry1="10" entry2="46" type="maplink">
        <subtype name="compound" value="72"/>
    </relation>
    <relation entry1="9" entry2="40" type="maplink">
        <subtype name="compound" value="72"/>
    </relation>
    <relation entry1="9" entry2="41" type="maplink">
        <subtype name="compound" value="72"/>
    </relation>
    <relation entry1="9" entry2="42" type="maplink">
        <subtype name="compound" value="72"/>
    </relation>
    <relation entry1="9" entry2="43" type="maplink">
        <subtype name="compound" value="72"/>
    </relation>
    <relation entry1="9" entry2="47" type="maplink">
        <subtype name="compound" value="72"/>
    </relation>
    <relation entry1="9" entry2="45" type="maplink">
        <subtype name="compound" value="72"/>
    </relation>
    <relation entry1="9" entry2="46" type="maplink">
        <subtype name="compound" value="72"/>
    </relation>
    <relation entry1="40" entry2="41" type="maplink">
        <subtype name="compound" value="72"/>
    </relation>
    <relation entry1="40" entry2="42" type="maplink">
        <subtype name="compound" value="72"/>
    </relation>
    <relation entry1="40" entry2="43" type="maplink">
        <subtype name="compound" value="72"/>
    </relation>
    <relation entry1="40" entry2="47" type="maplink">
        <subtype name="compound" value="72"/>
    </relation>
    <relation entry1="40" entry2="45" type="maplink">
        <subtype name="compound" value="72"/>
    </relation>
    <relation entry1="40" entry2="46" type="maplink">
        <subtype name="compound" value="72"/>
    </relation>
    <relation entry1="17" entry2="40" type="maplink">
        <subtype name="compound" value="72"/>
    </relation>
    <relation entry1="18" entry2="40" type="maplink">
        <subtype name="compound" value="72"/>
    </relation>
    <relation entry1="41" entry2="42" type="maplink">
        <subtype name="compound" value="72"/>
    </relation>
    <relation entry1="41" entry2="43" type="maplink">
        <subtype name="compound" value="72"/>
    </relation>
    <relation entry1="41" entry2="47" type="maplink">
        <subtype name="compound" value="72"/>
    </relation>
    <relation entry1="41" entry2="45" type="maplink">
        <subtype name="compound" value="72"/>
    </relation>
    <relation entry1="41" entry2="46" type="maplink">
        <subtype name="compound" value="72"/>
    </relation>
    <relation entry1="17" entry2="41" type="maplink">
        <subtype name="compound" value="72"/>
    </relation>
    <relation entry1="18" entry2="41" type="maplink">
        <subtype name="compound" value="72"/>
    </relation>
    <relation entry1="42" entry2="43" type="maplink">
        <subtype name="compound" value="72"/>
    </relation>
    <relation entry1="42" entry2="47" type="maplink">
        <subtype name="compound" value="72"/>
    </relation>
    <relation entry1="42" entry2="45" type="maplink">
        <subtype name="compound" value="72"/>
    </relation>
    <relation entry1="42" entry2="46" type="maplink">
        <subtype name="compound" value="72"/>
    </relation>
    <relation entry1="17" entry2="42" type="maplink">
        <subtype name="compound" value="72"/>
    </relation>
    <relation entry1="18" entry2="42" type="maplink">
        <subtype name="compound" value="72"/>
    </relation>
    <relation entry1="43" entry2="47" type="maplink">
        <subtype name="compound" value="72"/>
    </relation>
    <relation entry1="43" entry2="45" type="maplink">
        <subtype name="compound" value="72"/>
    </relation>
    <relation entry1="43" entry2="46" type="maplink">
        <subtype name="compound" value="72"/>
    </relation>
    <relation entry1="17" entry2="43" type="maplink">
        <subtype name="compound" value="72"/>
    </relation>
    <relation entry1="18" entry2="43" type="maplink">
        <subtype name="compound" value="72"/>
    </relation>
    <relation entry1="45" entry2="47" type="maplink">
        <subtype name="compound" value="72"/>
    </relation>
    <relation entry1="46" entry2="47" type="maplink">
        <subtype name="compound" value="72"/>
    </relation>
    <relation entry1="17" entry2="47" type="maplink">
        <subtype name="compound" value="72"/>
    </relation>
    <relation entry1="18" entry2="47" type="maplink">
        <subtype name="compound" value="72"/>
    </relation>
    <relation entry1="45" entry2="46" type="maplink">
        <subtype name="compound" value="72"/>
    </relation>
    <relation entry1="17" entry2="45" type="maplink">
        <subtype name="compound" value="72"/>
    </relation>
    <relation entry1="18" entry2="45" type="maplink">
        <subtype name="compound" value="72"/>
    </relation>
    <relation entry1="17" entry2="46" type="maplink">
        <subtype name="compound" value="72"/>
    </relation>
    <relation entry1="18" entry2="46" type="maplink">
        <subtype name="compound" value="72"/>
    </relation>
    <relation entry1="1" entry2="40" type="maplink">
        <subtype name="compound" value="72"/>
    </relation>
    <relation entry1="1" entry2="41" type="maplink">
        <subtype name="compound" value="72"/>
    </relation>
    <relation entry1="1" entry2="42" type="maplink">
        <subtype name="compound" value="72"/>
    </relation>
    <relation entry1="1" entry2="43" type="maplink">
        <subtype name="compound" value="72"/>
    </relation>
    <relation entry1="1" entry2="47" type="maplink">
        <subtype name="compound" value="72"/>
    </relation>
    <relation entry1="1" entry2="45" type="maplink">
        <subtype name="compound" value="72"/>
    </relation>
    <relation entry1="1" entry2="46" type="maplink">
        <subtype name="compound" value="72"/>
    </relation>
    <relation entry1="36" entry2="25" type="maplink">
        <subtype name="compound" value="81"/>
    </relation>
    <relation entry1="36" entry2="24" type="maplink">
        <subtype name="compound" value="81"/>
    </relation>
    <relation entry1="36" entry2="23" type="maplink">
        <subtype name="compound" value="81"/>
    </relation>
    <reaction name="rn:R05577" type="irreversible">
        <substrate name="cpd:C00049"/>
        <product name="cpd:C02984"/>
    </reaction>
    <reaction name="rn:R00344" type="irreversible">
        <substrate name="cpd:C00022"/>
        <product name="cpd:C00036"/>
    </reaction>
    <reaction name="rn:R02396" type="reversible">
        <substrate name="cpd:C00024"/>
        <product name="cpd:C02571"/>
    </reaction>
    <reaction name="rn:R00907" type="reversible">
        <substrate name="cpd:C00222"/>
        <product name="cpd:C00099"/>
    </reaction>
    <reaction name="rn:R00908" type="reversible">
        <substrate name="cpd:C00099"/>
        <product name="cpd:C00222"/>
    </reaction>
    <reaction name="rn:R01164" type="reversible">
        <substrate name="cpd:C00099"/>
        <product name="cpd:C00386"/>
    </reaction>
    <reaction name="rn:R01166" type="irreversible">
        <substrate name="cpd:C00386"/>
        <product name="cpd:C00099"/>
    </reaction>
    <reaction name="rn:R00489" type="irreversible">
        <substrate name="cpd:C00049"/>
        <product name="cpd:C00099"/>
    </reaction>
    <reaction name="rn:R00397" type="irreversible">
        <substrate name="cpd:C00049"/>
        <product name="cpd:C00041"/>
    </reaction>
    <reaction name="rn:R00400" type="irreversible">
        <substrate name="cpd:C00022"/>
        <product name="cpd:C00041"/>
    </reaction>
    <reaction name="rn:R00258" type="reversible">
        <substrate name="cpd:C00041"/>
        <product name="cpd:C00022"/>
    </reaction>
    <reaction name="rn:R00369" type="irreversible">
        <substrate name="cpd:C00041"/>
        <product name="cpd:C00022"/>
    </reaction>
    <reaction name="rn:R03038" type="reversible">
        <substrate name="cpd:C00041"/>
        <product name="cpd:C00886"/>
    </reaction>
    <reaction name="rn:R00401" type="reversible">
        <substrate name="cpd:C00041"/>
        <product name="cpd:C00133"/>
    </reaction>
    <reaction name="rn:R01135" type="reversible">
        <substrate name="cpd:C00049"/>
        <product name="cpd:C03794"/>
    </reaction>
    <reaction name="rn:R01954" type="reversible">
        <substrate name="cpd:C00049"/>
        <product name="cpd:C03406"/>
    </reaction>
    <reaction name="rn:R00485" type="irreversible">
        <substrate name="cpd:C00152"/>
        <product name="cpd:C00049"/>
    </reaction>
    <reaction name="rn:R00483" type="irreversible">
        <substrate name="cpd:C00049"/>
        <product name="cpd:C00152"/>
    </reaction>
    <reaction name="rn:R00578" type="reversible">
        <substrate name="cpd:C00049"/>
        <product name="cpd:C00152"/>
    </reaction>
    <reaction name="rn:R00490" type="reversible">
        <substrate name="cpd:C00049"/>
        <product name="cpd:C00122"/>
    </reaction>
    <reaction name="rn:R01086" type="reversible">
        <substrate name="cpd:C03406"/>
        <product name="cpd:C00122"/>
    </reaction>
    <reaction name="rn:R01083" type="reversible">
        <substrate name="cpd:C03794"/>
        <product name="cpd:C00122"/>
    </reaction>
    <reaction name="rn:R01346" type="reversible">
        <substrate name="cpd:C00152"/>
        <product name="cpd:C02362"/>
    </reaction>
    <reaction name="rn:R00348" type="irreversible">
        <substrate name="cpd:C02362"/>
        <product name="cpd:C00036"/>
    </reaction>
    <reaction name="rn:R00357" type="irreversible">
        <substrate name="cpd:C00049"/>
        <product name="cpd:C00036"/>
    </reaction>
    <reaction name="rn:R00705" type="irreversible">
        <substrate name="cpd:C00222"/>
        <product name="cpd:C00024"/>
    </reaction>
    <reaction name="rn:R00706" type="irreversible">
        <substrate name="cpd:C00222"/>
        <product name="cpd:C00024"/>
    </reaction>
    <reaction name="rn:R01397" type="irreversible">
        <substrate name="cpd:C00049"/>
        <product name="cpd:C00438"/>
    </reaction>
    <reaction name="rn:R00355" type="reversible">
        <substrate name="cpd:C00049"/>
        <product name="cpd:C00036"/>
    </reaction>
    <reaction name="rn:R04212" type="irreversible">
        <substrate name="cpd:C06113"/>
        <product name="cpd:C03402"/>
    </reaction>
    <reaction name="rn:R03647" type="irreversible">
        <substrate name="cpd:C00049"/>
        <product name="cpd:C06113"/>
    </reaction>
    <reaction name="rn:R03648" type="irreversible">
        <substrate name="cpd:C00152"/>
        <product name="cpd:C03402"/>
    </reaction>
    <reaction name="rn:R00359" type="irreversible">
        <substrate name="cpd:C00402"/>
        <product name="cpd:C00036"/>
    </reaction>
    <reaction name="rn:R00484" type="irreversible">
        <substrate name="cpd:C00438"/>
        <product name="cpd:C00049"/>
    </reaction>
    <reaction name="rn:R00491" type="reversible">
        <substrate name="cpd:C00049"/>
        <product name="cpd:C00402"/>
    </reaction>
    <reaction name="rn:R00488" type="irreversible">
        <substrate name="cpd:C01042"/>
        <product name="cpd:C00049"/>
    </reaction>
    <reaction name="rn:R00165" type="irreversible">
        <substrate name="cpd:C00886"/>
        <product name="cpd:C00017"/>
    </reaction>
</pathway>
