<?xml version="1.0"?>
<!DOCTYPE pathway SYSTEM "http://www.genome.jp/kegg/xml/KGML_v0.6.1_.dtd">
<!-- Creation date: Jan 26 2009 17:32:03 +0900 (JST) -->
<pathway name="path:map05213" org="map" number="05213"
         title="Endometrial cancer"
         image="http://www.genome.jp/kegg/pathway/map/map05213.gif"
         link="http://www.genome.jp/dbget-bin/show_pathway?map05213">
    <entry id="1" name="ko:K02105" type="ortholog"
        link="http://www.genome.jp/dbget-bin/www_bget?ko+K02105">
        <graphics name="K02105" fgcolor="#000000" bgcolor="#FFFFFF"
             type="rectangle" x="661" y="374" width="46" height="17"/>
    </entry>
    <entry id="2" name="ko:K02105" type="ortholog"
        link="http://www.genome.jp/dbget-bin/www_bget?ko+K02105">
        <graphics name="K02105" fgcolor="#000000" bgcolor="#FFFFFF"
             type="rectangle" x="489" y="412" width="46" height="17"/>
    </entry>
    <entry id="3" name="ko:K02833 ko:K07827 ko:K07828" type="ortholog"
        link="http://www.genome.jp/dbget-bin/www_bget?ko+K02833+K07827+K07828">
        <graphics name="K02833..." fgcolor="#000000" bgcolor="#FFFFFF"
             type="rectangle" x="486" y="272" width="46" height="17"/>
    </entry>
    <entry id="4" name="ko:K04451" type="ortholog"
        link="http://www.genome.jp/dbget-bin/www_bget?ko+K04451">
        <graphics name="K04451" fgcolor="#000000" bgcolor="#FFFFFF"
             type="rectangle" x="870" y="606" width="46" height="17"/>
    </entry>
    <entry id="5" name="ko:K02085" type="ortholog"
        link="http://www.genome.jp/dbget-bin/www_bget?ko+K02085">
        <graphics name="K02085" fgcolor="#000000" bgcolor="#FFFFFF"
             type="rectangle" x="661" y="357" width="46" height="17"/>
    </entry>
    <entry id="6" name="ko:K02157 ko:K04385" type="ortholog"
        link="http://www.genome.jp/dbget-bin/www_bget?ko+K02157+K04385">
        <graphics name="K02157..." fgcolor="#000000" bgcolor="#FFFFFF"
             type="rectangle" x="616" y="357" width="46" height="17"/>
    </entry>
    <entry id="7" name="ko:K03083" type="ortholog"
        link="http://www.genome.jp/dbget-bin/www_bget?ko+K03083">
        <graphics name="K03083" fgcolor="#000000" bgcolor="#FFFFFF"
             type="rectangle" x="578" y="374" width="46" height="17"/>
    </entry>
    <entry id="8" name="ko:K05691" type="ortholog"
        link="http://www.genome.jp/dbget-bin/www_bget?ko+K05691">
        <graphics name="K05691" fgcolor="#000000" bgcolor="#FFFFFF"
             type="rectangle" x="331" y="352" width="46" height="17"/>
    </entry>
    <entry id="9" name="ko:K02105" type="ortholog"
        link="http://www.genome.jp/dbget-bin/www_bget?ko+K02105">
        <graphics name="K02105" fgcolor="#000000" bgcolor="#FFFFFF"
             type="rectangle" x="316" y="369" width="46" height="17"/>
    </entry>
    <entry id="10" name="path:map04110" type="map"
        link="http://www.genome.jp/kegg/pathway/map/map04110.html">
        <graphics name="Cell cycle" fgcolor="#000000" bgcolor="#FFFFFF"
             type="roundrectangle" x="919" y="551" width="102" height="34"/>
    </entry>
    <entry id="11" name="hsa:2309 mmu:56484 rno:294515" type="other">
        <graphics name="FOXO3..." fgcolor="#000000" bgcolor="#FFFFFF"
             type="rectangle" x="597" y="225" width="46" height="17"/>
    </entry>
    <entry id="12" name="ko:K02158" type="ortholog"
        link="http://www.genome.jp/dbget-bin/www_bget?ko+K02158">
        <graphics name="K02158" fgcolor="#000000" bgcolor="#FFFFFF"
             type="rectangle" x="597" y="194" width="46" height="17"/>
    </entry>
    <entry id="13" name="ko:K04399" type="ortholog"
        link="http://www.genome.jp/dbget-bin/www_bget?ko+K04399">
        <graphics name="K04399" fgcolor="#000000" bgcolor="#FFFFFF"
             type="rectangle" x="597" y="165" width="46" height="17"/>
    </entry>
    <entry id="14" name="ko:K06272" type="ortholog"
        link="http://www.genome.jp/dbget-bin/www_bget?ko+K06272">
        <graphics name="K06272" fgcolor="#000000" bgcolor="#FFFFFF"
             type="rectangle" x="453" y="223" width="46" height="17"/>
    </entry>
    <entry id="15" name="path:map04012" type="map"
        link="http://www.genome.jp/kegg/pathway/map/map04012.html">
        <graphics name="ErbB signaling pathway" fgcolor="#000000" bgcolor="#FFFFFF"
             type="roundrectangle" x="372" y="565" width="102" height="34"/>
    </entry>
    <entry id="16" name="ko:K04451" type="ortholog"
        link="http://www.genome.jp/dbget-bin/www_bget?ko+K04451">
        <graphics name="K04451" fgcolor="#000000" bgcolor="#FFFFFF"
             type="rectangle" x="870" y="438" width="46" height="17"/>
    </entry>
    <entry id="17" name="ko:K05083" type="ortholog"
        link="http://www.genome.jp/dbget-bin/www_bget?ko+K05083">
        <graphics name="K05083" fgcolor="#000000" bgcolor="#FFFFFF"
             type="rectangle" x="269" y="560" width="46" height="17"/>
    </entry>
    <entry id="18" name="ko:K05689" type="ortholog"
        link="http://www.genome.jp/dbget-bin/www_bget?ko+K05689">
        <graphics name="K05689" fgcolor="#000000" bgcolor="#FFFFFF"
             type="rectangle" x="270" y="362" width="46" height="17"/>
    </entry>
    <entry id="19" name="ko:K02620 ko:K04490 ko:K04491 ko:K04492" type="ortholog"
        link="http://www.genome.jp/dbget-bin/www_bget?ko+K02620+K04490+K04491+K04492">
        <graphics name="K02620..." fgcolor="#000000" bgcolor="#FFFFFF"
             type="rectangle" x="820" y="374" width="46" height="17"/>
    </entry>
    <entry id="20" name="ko:K01110" type="ortholog"
        link="http://www.genome.jp/dbget-bin/www_bget?ko+K01110">
        <graphics name="K01110" fgcolor="#000000" bgcolor="#FFFFFF"
             type="rectangle" x="358" y="154" width="46" height="17"/>
    </entry>
    <entry id="21" name="ko:K06276" type="ortholog"
        link="http://www.genome.jp/dbget-bin/www_bget?ko+K06276">
        <graphics name="K06276" fgcolor="#000000" bgcolor="#FFFFFF"
             type="rectangle" x="453" y="161" width="46" height="17"/>
    </entry>
    <entry id="22" name="ko:K03099" type="ortholog"
        link="http://www.genome.jp/dbget-bin/www_bget?ko+K03099">
        <graphics name="K03099" fgcolor="#000000" bgcolor="#FFFFFF"
             type="rectangle" x="414" y="272" width="46" height="17"/>
    </entry>
    <entry id="23" name="ko:K04364" type="ortholog"
        link="http://www.genome.jp/dbget-bin/www_bget?ko+K04364">
        <graphics name="K04364" fgcolor="#000000" bgcolor="#FFFFFF"
             type="rectangle" x="342" y="272" width="46" height="17"/>
    </entry>
    <entry id="24" name="path:map04060" type="map"
        link="http://www.genome.jp/kegg/pathway/map/map04060.html">
        <graphics name="Cytokine-cytokine receptor interaction" fgcolor="#000000" bgcolor="#FFFFFF"
             type="roundrectangle" x="186" y="314" width="102" height="34"/>
    </entry>
    <entry id="25" name="cpd:C05981" type="compound"
        link="http://www.genome.jp/dbget-bin/www_bget?compound+C05981">
        <graphics name="C05981" fgcolor="#000000" bgcolor="#FFFFFF"
             type="circle" x="413" y="193" width="8" height="8"/>
    </entry>
    <entry id="26" name="ko:K08734" type="ortholog"
        link="http://www.genome.jp/dbget-bin/www_bget?ko+K08734">
        <graphics name="K08734" fgcolor="#000000" bgcolor="#FFFFFF"
             type="rectangle" x="972" y="173" width="46" height="17"/>
    </entry>
    <entry id="27" name="ko:K04375" type="ortholog"
        link="http://www.genome.jp/dbget-bin/www_bget?ko+K04375">
        <graphics name="K04375" fgcolor="#000000" bgcolor="#FFFFFF"
             type="rectangle" x="820" y="273" width="46" height="17"/>
    </entry>
    <entry id="28" name="ko:K04361" type="ortholog"
        link="http://www.genome.jp/dbget-bin/www_bget?ko+K04361">
        <graphics name="K04361" fgcolor="#000000" bgcolor="#FFFFFF"
             type="rectangle" x="270" y="272" width="46" height="17"/>
    </entry>
    <entry id="29" name="ko:K04503" type="ortholog"
        link="http://www.genome.jp/dbget-bin/www_bget?ko+K04503">
        <graphics name="K04503" fgcolor="#000000" bgcolor="#FFFFFF"
             type="rectangle" x="943" y="386" width="46" height="17"/>
    </entry>
    <entry id="30" name="path:map04520" type="map"
        link="http://www.genome.jp/kegg/pathway/map/map04520.html">
        <graphics name="Adherens junction" fgcolor="#000000" bgcolor="#FFFFFF"
             type="roundrectangle" x="413" y="382" width="102" height="34"/>
    </entry>
    <entry id="31" name="ko:K04377" type="ortholog"
        link="http://www.genome.jp/dbget-bin/www_bget?ko+K04377">
        <graphics name="K04377" fgcolor="#000000" bgcolor="#FFFFFF"
             type="rectangle" x="943" y="363" width="46" height="17"/>
    </entry>
    <entry id="32" name="path:map04010" type="map"
        link="http://www.genome.jp/kegg/pathway/map/map04010.html">
        <graphics name="MAPK signaling pathway" fgcolor="#000000" bgcolor="#FFFFFF"
             type="roundrectangle" x="585" y="310" width="102" height="34"/>
    </entry>
    <entry id="33" name="ko:K04456" type="ortholog"
        link="http://www.genome.jp/dbget-bin/www_bget?ko+K04456">
        <graphics name="K04456" fgcolor="#000000" bgcolor="#FFFFFF"
             type="rectangle" x="508" y="194" width="46" height="17"/>
    </entry>
    <entry id="34" name="ko:K00922 ko:K02649" type="ortholog"
        link="http://www.genome.jp/dbget-bin/www_bget?ko+K00922+K02649">
        <graphics name="K00922..." fgcolor="#000000" bgcolor="#FFFFFF"
             type="rectangle" x="358" y="192" width="46" height="17"/>
    </entry>
    <entry id="35" name="ko:K04357" type="ortholog"
        link="http://www.genome.jp/dbget-bin/www_bget?ko+K04357">
        <graphics name="K04357" fgcolor="#000000" bgcolor="#FFFFFF"
             type="rectangle" x="193" y="273" width="46" height="17"/>
    </entry>
    <entry id="36" name="path:map05213" type="map"
        link="http://www.genome.jp/dbget-bin/get_linkdb?pathway+map05213">
        <graphics name="TITLE:Endometrial cancer" fgcolor="#000000" bgcolor="#FFFFFF"
             type="roundrectangle" x="150" y="67" width="181" height="25"/>
    </entry>
    <entry id="37" name="path:map04310" type="map"
        link="http://www.genome.jp/kegg/pathway/map/map04310.html">
        <graphics name="Wnt signaling pathway" fgcolor="#000000" bgcolor="#FFFFFF"
             type="roundrectangle" x="585" y="445" width="102" height="34"/>
    </entry>
    <entry id="38" name="path:map04115" type="map"
        link="http://www.genome.jp/kegg/pathway/map/map04115.html">
        <graphics name="p53 signaling pathway" fgcolor="#000000" bgcolor="#FFFFFF"
             type="roundrectangle" x="919" y="496" width="102" height="34"/>
    </entry>
    <entry id="39" name="ko:K04371" type="ortholog"
        link="http://www.genome.jp/dbget-bin/www_bget?ko+K04371">
        <graphics name="K04371" fgcolor="#000000" bgcolor="#FFFFFF"
             type="rectangle" x="701" y="272" width="46" height="17"/>
    </entry>
    <entry id="40" name="ko:K04368 ko:K04369" type="ortholog"
        link="http://www.genome.jp/dbget-bin/www_bget?ko+K04368+K04369">
        <graphics name="K04368..." fgcolor="#000000" bgcolor="#FFFFFF"
             type="rectangle" x="630" y="272" width="46" height="17"/>
    </entry>
    <entry id="41" name="ko:K04365 ko:K04366 ko:K08845" type="ortholog"
        link="http://www.genome.jp/dbget-bin/www_bget?ko+K04365+K04366+K08845">
        <graphics name="K04365..." fgcolor="#000000" bgcolor="#FFFFFF"
             type="rectangle" x="558" y="272" width="46" height="17"/>
    </entry>
    <entry id="42" name="ko:K07827" type="ortholog"
        link="http://www.genome.jp/dbget-bin/www_bget?ko+K07827">
        <graphics name="K07827" fgcolor="#000000" bgcolor="#FFFFFF"
             type="rectangle" x="486" y="306" width="46" height="17"/>
    </entry>
    <entry id="43" name="undefined" type="group">
        <graphics fgcolor="#000000" bgcolor="#FFFFFF"
             type="rectangle" x="619" y="366" width="149" height="54"/>
        <component id="7"/>
        <component id="6"/>
        <component id="5"/>
    </entry>
    <relation entry1="34" entry2="21" type="PPrel">
        <subtype name="compound" value="25"/>
    </relation>
    <relation entry1="34" entry2="14" type="PPrel">
        <subtype name="compound" value="25"/>
    </relation>
    <relation entry1="35" entry2="28" type="PPrel">
        <subtype name="activation" value="-->"/>
    </relation>
    <relation entry1="28" entry2="34" type="PPrel">
        <subtype name="activation" value="-->"/>
    </relation>
    <relation entry1="28" entry2="23" type="PPrel">
        <subtype name="activation" value="-->"/>
    </relation>
    <relation entry1="23" entry2="22" type="PPrel">
        <subtype name="activation" value="-->"/>
    </relation>
    <relation entry1="22" entry2="3" type="PPrel">
        <subtype name="activation" value="-->"/>
    </relation>
    <relation entry1="3" entry2="41" type="PPrel">
        <subtype name="activation" value="-->"/>
    </relation>
    <relation entry1="42" entry2="41" type="PPrel">
        <subtype name="activation" value="-->"/>
    </relation>
    <relation entry1="1" entry2="19" type="PPrel">
        <subtype name="activation" value="-->"/>
    </relation>
    <relation entry1="19" entry2="31" type="GErel">
        <subtype name="expression" value="-->"/>
    </relation>
    <relation entry1="19" entry2="29" type="GErel">
        <subtype name="expression" value="-->"/>
    </relation>
    <relation entry1="21" entry2="33" type="PPrel">
        <subtype name="activation" value="-->"/>
        <subtype name="phosphorylation" value="+p"/>
    </relation>
    <relation entry1="14" entry2="33" type="PPrel">
        <subtype name="activation" value="-->"/>
        <subtype name="phosphorylation" value="+p"/>
    </relation>
    <relation entry1="33" entry2="13" type="PPrel">
        <subtype name="inhibition" value="--|"/>
        <subtype name="phosphorylation" value="+p"/>
    </relation>
    <relation entry1="33" entry2="12" type="PPrel">
        <subtype name="inhibition" value="--|"/>
        <subtype name="phosphorylation" value="+p"/>
    </relation>
    <relation entry1="33" entry2="11" type="PPrel">
        <subtype name="inhibition" value="--|"/>
        <subtype name="phosphorylation" value="+p"/>
    </relation>
    <relation entry1="41" entry2="40" type="PPrel">
        <subtype name="activation" value="-->"/>
        <subtype name="phosphorylation" value="+p"/>
    </relation>
    <relation entry1="40" entry2="39" type="PPrel">
        <subtype name="activation" value="-->"/>
        <subtype name="phosphorylation" value="+p"/>
    </relation>
    <relation entry1="39" entry2="27" type="PPrel">
        <subtype name="activation" value="-->"/>
        <subtype name="phosphorylation" value="+p"/>
    </relation>
    <relation entry1="20" entry2="25" type="PCrel">
        <subtype name="missing" value="-/>"/>
    </relation>
    <relation entry1="43" entry2="1" type="PPrel">
        <subtype name="missing" value="-/>"/>
    </relation>
</pathway>
