<?xml version="1.0"?>
<!DOCTYPE pathway SYSTEM "http://www.genome.jp/kegg/xml/KGML_v0.6.1_.dtd">
<!-- Creation date: Mar 14 2009 02:25:57 +0900 (JST) -->
<pathway name="path:map00351" org="map" number="00351"
         title="1,1,1-Trichloro-2,2-bis(4-chlorophenyl)ethane (DDT) degradation"
         image="http://www.genome.jp/kegg/pathway/map/map00351.gif"
         link="http://www.genome.jp/dbget-bin/show_pathway?map00351">
    <entry id="1" name="cpd:C02370" type="compound"
        link="http://www.genome.jp/dbget-bin/www_bget?compound+C02370">
        <graphics name="C02370" fgcolor="#000000" bgcolor="#FFFFFF"
             type="circle" x="142" y="474" width="8" height="8"/>
    </entry>
    <entry id="2" name="path:map00623" type="map"
        link="http://www.genome.jp/kegg/pathway/map/map00623.html">
        <graphics name="2,4-Dichlorobenzoate degradation" fgcolor="#000000" bgcolor="#FFFFFF"
             type="roundrectangle" x="143" y="568" width="174" height="25"/>
    </entry>
    <entry id="3" name="cpd:C06645" type="compound"
        link="http://www.genome.jp/dbget-bin/www_bget?compound+C06645">
        <graphics name="C06645" fgcolor="#000000" bgcolor="#FFFFFF"
             type="circle" x="265" y="342" width="8" height="8"/>
    </entry>
    <entry id="4" name="cpd:C06651" type="compound"
        link="http://www.genome.jp/dbget-bin/www_bget?compound+C06651">
        <graphics name="C06651" fgcolor="#000000" bgcolor="#FFFFFF"
             type="circle" x="142" y="408" width="8" height="8"/>
    </entry>
    <entry id="5" name="cpd:C03077" type="compound"
        link="http://www.genome.jp/dbget-bin/www_bget?compound+C03077">
        <graphics name="C03077" fgcolor="#000000" bgcolor="#FFFFFF"
             type="circle" x="480" y="474" width="8" height="8"/>
    </entry>
    <entry id="6" name="cpd:C06641" type="compound"
        link="http://www.genome.jp/dbget-bin/www_bget?compound+C06641">
        <graphics name="C06641" fgcolor="#000000" bgcolor="#FFFFFF"
             type="circle" x="480" y="408" width="8" height="8"/>
    </entry>
    <entry id="7" name="cpd:C06648" type="compound"
        link="http://www.genome.jp/dbget-bin/www_bget?compound+C06648">
        <graphics name="C06648" fgcolor="#000000" bgcolor="#FFFFFF"
             type="circle" x="265" y="539" width="8" height="8"/>
    </entry>
    <entry id="8" name="cpd:C06650" type="compound"
        link="http://www.genome.jp/dbget-bin/www_bget?compound+C06650">
        <graphics name="C06650" fgcolor="#000000" bgcolor="#FFFFFF"
             type="circle" x="142" y="342" width="8" height="8"/>
    </entry>
    <entry id="9" name="path:map00350" type="map"
        link="http://www.genome.jp/kegg/pathway/map/map00350.html">
        <graphics name="Tyrosine metabolism" fgcolor="#000000" bgcolor="#FFFFFF"
             type="roundrectangle" x="480" y="553" width="113" height="25"/>
    </entry>
    <entry id="10" name="ko:K01559" type="ortholog" reaction="rn:R05363"
        link="http://www.genome.jp/dbget-bin/www_bget?ko+K01559">
        <graphics name="K01559" fgcolor="#000000" bgcolor="#FFFFFF"
             type="rectangle" x="266" y="369" width="46" height="17"/>
    </entry>
    <entry id="11" name="ko:K00465" type="ortholog" reaction="rn:R05256"
        link="http://www.genome.jp/dbget-bin/www_bget?ko+K00465">
        <graphics name="K00465" fgcolor="#000000" bgcolor="#FFFFFF"
             type="rectangle" x="266" y="302" width="46" height="17"/>
    </entry>
    <entry id="12" name="ko:K00224" type="ortholog" reaction="rn:R05395 rn:R05396"
        link="http://www.genome.jp/dbget-bin/www_bget?ko+K00224">
        <graphics name="K00224" fgcolor="#000000" bgcolor="#FFFFFF"
             type="rectangle" x="143" y="302" width="46" height="17"/>
    </entry>
    <entry id="13" name="ko:K00539" type="ortholog" reaction="rn:R05497"
        link="http://www.genome.jp/dbget-bin/www_bget?ko+K00539">
        <graphics name="K00539" fgcolor="#000000" bgcolor="#FFFFFF"
             type="rectangle" x="324" y="210" width="46" height="17"/>
    </entry>
    <entry id="14" name="ko:K01618" type="ortholog" reaction="rn:R05376"
        link="http://www.genome.jp/dbget-bin/www_bget?ko+K01618">
        <graphics name="K01618" fgcolor="#000000" bgcolor="#FFFFFF"
             type="rectangle" x="481" y="369" width="46" height="17"/>
    </entry>
    <entry id="15" name="ko:K00206" type="ortholog" reaction="rn:R05252"
        link="http://www.genome.jp/dbget-bin/www_bget?ko+K00206">
        <graphics name="K00206" fgcolor="#000000" bgcolor="#FFFFFF"
             type="rectangle" x="200" y="503" width="46" height="17"/>
    </entry>
    <entry id="16" name="ec:4.5.1.-" type="enzyme" reaction="rn:R05385"
        link="http://www.genome.jp/dbget-bin/www_bget?enzyme+4.5.1.-">
        <graphics name="4.5.1.-" fgcolor="#000000" bgcolor="#FFFFFF"
             type="rectangle" x="529" y="210" width="46" height="17"/>
    </entry>
    <entry id="17" name="ko:K00465" type="ortholog" reaction="rn:R05257"
        link="http://www.genome.jp/dbget-bin/www_bget?ko+K00465">
        <graphics name="K00465" fgcolor="#000000" bgcolor="#FFFFFF"
             type="rectangle" x="143" y="369" width="46" height="17"/>
    </entry>
    <entry id="18" name="ec:4.5.1.1" type="enzyme" reaction="rn:R04522"
        link="http://www.genome.jp/dbget-bin/www_bget?enzyme+4.5.1.1">
        <graphics name="4.5.1.1" fgcolor="#000000" bgcolor="#FFFFFF"
             type="rectangle" x="202" y="210" width="46" height="17"/>
    </entry>
    <entry id="19" name="ec:4.5.1.-" type="enzyme" reaction="rn:R05384"
        link="http://www.genome.jp/dbget-bin/www_bget?enzyme+4.5.1.-">
        <graphics name="4.5.1.-" fgcolor="#000000" bgcolor="#FFFFFF"
             type="rectangle" x="324" y="136" width="46" height="17"/>
    </entry>
    <entry id="20" name="ko:K00516" type="ortholog" reaction="rn:R05492"
        link="http://www.genome.jp/dbget-bin/www_bget?ko+K00516">
        <graphics name="K00516" fgcolor="#000000" bgcolor="#FFFFFF"
             type="rectangle" x="143" y="239" width="46" height="17"/>
    </entry>
    <entry id="21" name="ko:K00258" type="ortholog" reaction="rn:R05398"
        link="http://www.genome.jp/dbget-bin/www_bget?ko+K00258">
        <graphics name="K00258" fgcolor="#000000" bgcolor="#FFFFFF"
             type="rectangle" x="427" y="210" width="46" height="17"/>
    </entry>
    <entry id="22" name="cpd:C06643" type="compound"
        link="http://www.genome.jp/dbget-bin/www_bget?compound+C06643">
        <graphics name="C06643" fgcolor="#000000" bgcolor="#FFFFFF"
             type="circle" x="585" y="342" width="8" height="8"/>
    </entry>
    <entry id="23" name="cpd:C06644" type="compound"
        link="http://www.genome.jp/dbget-bin/www_bget?compound+C06644">
        <graphics name="C06644" fgcolor="#000000" bgcolor="#FFFFFF"
             type="circle" x="265" y="276" width="8" height="8"/>
    </entry>
    <entry id="24" name="cpd:C06649" type="compound"
        link="http://www.genome.jp/dbget-bin/www_bget?compound+C06649">
        <graphics name="C06649" fgcolor="#000000" bgcolor="#FFFFFF"
             type="circle" x="142" y="276" width="8" height="8"/>
    </entry>
    <entry id="25" name="cpd:C06637" type="compound"
        link="http://www.genome.jp/dbget-bin/www_bget?compound+C06637">
        <graphics name="C06637" fgcolor="#000000" bgcolor="#FFFFFF"
             type="circle" x="388" y="210" width="8" height="8"/>
    </entry>
    <entry id="26" name="cpd:C06638" type="compound"
        link="http://www.genome.jp/dbget-bin/www_bget?compound+C06638">
        <graphics name="C06638" fgcolor="#000000" bgcolor="#FFFFFF"
             type="circle" x="480" y="210" width="8" height="8"/>
    </entry>
    <entry id="27" name="cpd:C06640" type="compound"
        link="http://www.genome.jp/dbget-bin/www_bget?compound+C06640">
        <graphics name="C06640" fgcolor="#000000" bgcolor="#FFFFFF"
             type="circle" x="480" y="342" width="8" height="8"/>
    </entry>
    <entry id="28" name="cpd:C06639" type="compound">
        <graphics name="C06639" fgcolor="#000000" bgcolor="#FFFFFF"
             type="circle" x="480" y="276" width="8" height="8"/>
    </entry>
    <entry id="29" name="cpd:C06647" type="compound"
        link="http://www.genome.jp/dbget-bin/www_bget?compound+C06647">
        <graphics name="C06647" fgcolor="#000000" bgcolor="#FFFFFF"
             type="circle" x="265" y="474" width="8" height="8"/>
    </entry>
    <entry id="30" name="cpd:C06646" type="compound"
        link="http://www.genome.jp/dbget-bin/www_bget?compound+C06646">
        <graphics name="C06646" fgcolor="#000000" bgcolor="#FFFFFF"
             type="circle" x="265" y="408" width="8" height="8"/>
    </entry>
    <entry id="31" name="cpd:C04596" type="compound"
        link="http://www.genome.jp/dbget-bin/www_bget?compound+C04596">
        <graphics name="C04596" fgcolor="#000000" bgcolor="#FFFFFF"
             type="circle" x="265" y="210" width="8" height="8"/>
    </entry>
    <entry id="32" name="cpd:C06642" type="compound"
        link="http://www.genome.jp/dbget-bin/www_bget?compound+C06642">
        <graphics name="C06642" fgcolor="#000000" bgcolor="#FFFFFF"
             type="circle" x="585" y="210" width="8" height="8"/>
    </entry>
    <entry id="33" name="cpd:C06636" type="compound"
        link="http://www.genome.jp/dbget-bin/www_bget?compound+C06636">
        <graphics name="C06636" fgcolor="#000000" bgcolor="#FFFFFF"
             type="circle" x="265" y="136" width="8" height="8"/>
    </entry>
    <entry id="34" name="cpd:C04623" type="compound"
        link="http://www.genome.jp/dbget-bin/www_bget?compound+C04623">
        <graphics name="C04623" fgcolor="#000000" bgcolor="#FFFFFF"
             type="circle" x="142" y="210" width="8" height="8"/>
    </entry>
    <entry id="40" name="" type="other" reaction="rn:R05477">
        <graphics fgcolor="#000000" bgcolor="#FFFFFF"
             type="rectangle" x="480" y="241" width="1" height="57"/>
    </entry>
    <entry id="41" name="cpd:C06639" type="other" reaction="rn:R05481"
        link="http://www.genome.jp/dbget-bin/www_bget?compound+C06639">
        <graphics name="C06639" fgcolor="#000000" bgcolor="#FFFFFF"
             type="rectangle" x="480" y="306" width="1" height="60"/>
    </entry>
    <entry id="43" name="" type="other" reaction="rn:R05473">
        <graphics fgcolor="#000000" bgcolor="#FFFFFF"
             type="rectangle" x="480" y="439" width="1" height="57"/>
    </entry>
    <entry id="45" name="" type="other" reaction="rn:R05475">
        <graphics fgcolor="#000000" bgcolor="#FFFFFF"
             type="rectangle" x="265" y="241" width="1" height="57"/>
    </entry>
    <entry id="50" name="" type="other" reaction="rn:R05472">
        <graphics fgcolor="#000000" bgcolor="#FFFFFF"
             type="rectangle" x="142" y="439" width="1" height="57"/>
    </entry>
    <entry id="51" name="" type="other" reaction="rn:R05480">
        <graphics fgcolor="#000000" bgcolor="#FFFFFF"
             type="rectangle" x="265" y="439" width="1" height="57"/>
    </entry>
    <entry id="52" name="" type="other" reaction="rn:R05344">
        <graphics fgcolor="#000000" bgcolor="#FFFFFF"
             type="rectangle" x="265" y="504" width="1" height="57"/>
    </entry>
    <entry id="54" name="" type="other" reaction="rn:R05479">
        <graphics fgcolor="#000000" bgcolor="#FFFFFF"
             type="rectangle" x="531" y="342" width="96" height="1"/>
    </entry>
    <relation entry1="18" entry2="20" type="ECrel">
        <subtype name="compound" value="34"/>
    </relation>
    <relation entry1="12" entry2="20" type="ECrel">
        <subtype name="compound" value="24"/>
    </relation>
    <relation entry1="12" entry2="17" type="ECrel">
        <subtype name="compound" value="8"/>
    </relation>
    <relation entry1="13" entry2="18" type="ECrel">
        <subtype name="compound" value="31"/>
    </relation>
    <relation entry1="13" entry2="19" type="ECrel">
        <subtype name="compound" value="25"/>
    </relation>
    <relation entry1="19" entry2="21" type="ECrel">
        <subtype name="compound" value="25"/>
    </relation>
    <relation entry1="13" entry2="21" type="ECrel">
        <subtype name="compound" value="25"/>
    </relation>
    <relation entry1="16" entry2="21" type="ECrel">
        <subtype name="compound" value="26"/>
    </relation>
    <relation entry1="10" entry2="11" type="ECrel">
        <subtype name="compound" value="3"/>
    </relation>
    <relation entry1="15" entry2="2" type="maplink">
        <subtype name="compound" value="1"/>
    </relation>
    <reaction name="rn:R05363" type="irreversible">
        <substrate name="cpd:C06645"/>
        <product name="cpd:C06646"/>
    </reaction>
    <reaction name="rn:R05256" type="irreversible">
        <substrate name="cpd:C06644"/>
        <product name="cpd:C06645"/>
    </reaction>
    <reaction name="rn:R05395" type="irreversible">
        <substrate name="cpd:C06649"/>
        <product name="cpd:C06650"/>
    </reaction>
    <reaction name="rn:R05396" type="irreversible">
        <substrate name="cpd:C06649"/>
        <product name="cpd:C06650"/>
    </reaction>
    <reaction name="rn:R05497" type="irreversible">
        <substrate name="cpd:C04596"/>
        <product name="cpd:C06637"/>
    </reaction>
    <reaction name="rn:R05376" type="irreversible">
        <substrate name="cpd:C06640"/>
        <product name="cpd:C06641"/>
    </reaction>
    <reaction name="rn:R05252" type="irreversible">
        <substrate name="cpd:C06648"/>
        <product name="cpd:C02370"/>
    </reaction>
    <reaction name="rn:R05385" type="irreversible">
        <substrate name="cpd:C06638"/>
        <product name="cpd:C06642"/>
    </reaction>
    <reaction name="rn:R05257" type="irreversible">
        <substrate name="cpd:C06650"/>
        <product name="cpd:C06651"/>
    </reaction>
    <reaction name="rn:R04522" type="irreversible">
        <substrate name="cpd:C04623"/>
        <product name="cpd:C04596"/>
    </reaction>
    <reaction name="rn:R05384" type="irreversible">
        <substrate name="cpd:C06636"/>
        <product name="cpd:C06637"/>
    </reaction>
    <reaction name="rn:R05492" type="irreversible">
        <substrate name="cpd:C04623"/>
        <product name="cpd:C06649"/>
    </reaction>
    <reaction name="rn:R05398" type="irreversible">
        <substrate name="cpd:C06637"/>
        <product name="cpd:C06638"/>
    </reaction>
    <reaction name="rn:R05477" type="irreversible">
        <substrate name="cpd:C06638"/>
        <product name="cpd:C06639"/>
    </reaction>
    <reaction name="rn:R05481" type="irreversible">
        <substrate name="cpd:C06639"/>
        <product name="cpd:C06640"/>
    </reaction>
    <reaction name="rn:R05473" type="irreversible">
        <substrate name="cpd:C06641"/>
        <product name="cpd:C03077"/>
    </reaction>
    <reaction name="rn:R05475" type="irreversible">
        <substrate name="cpd:C04596"/>
        <product name="cpd:C06644"/>
    </reaction>
    <reaction name="rn:R05472" type="irreversible">
        <substrate name="cpd:C06651"/>
        <product name="cpd:C02370"/>
    </reaction>
    <reaction name="rn:R05480" type="irreversible">
        <substrate name="cpd:C06646"/>
        <product name="cpd:C06647"/>
    </reaction>
    <reaction name="rn:R05344" type="irreversible">
        <substrate name="cpd:C06647"/>
        <product name="cpd:C06648"/>
    </reaction>
    <reaction name="rn:R05479" type="irreversible">
        <substrate name="cpd:C06640"/>
        <product name="cpd:C06643"/>
    </reaction>
</pathway>
