<?xml version="1.0"?>
<!DOCTYPE pathway SYSTEM "http://www.genome.jp/kegg/xml/KGML_v0.6.1_.dtd">
<!-- Creation date: Jan 29 2009 03:13:34 +0900 (JST) -->
<pathway name="path:map00780" org="map" number="00780"
         title="Biotin metabolism"
         image="http://www.genome.jp/kegg/pathway/map/map00780.gif"
         link="http://www.genome.jp/dbget-bin/show_pathway?map00780">
    <entry id="1" name="path:map00960" type="map"
        link="http://www.genome.jp/kegg/pathway/map/map00960.html">
        <graphics name="Alkaloid biosynthesis II" fgcolor="#000000" bgcolor="#FFFFFF"
             type="roundrectangle" x="255" y="370" width="83" height="33"/>
    </entry>
    <entry id="2" name="ko:K01942" type="ortholog" reaction="rn:R01074"
        link="http://www.genome.jp/dbget-bin/www_bget?ko+K01942">
        <graphics name="K01942" fgcolor="#000000" bgcolor="#FFFFFF"
             type="rectangle" x="239" y="280" width="46" height="17"/>
    </entry>
    <entry id="3" name="ko:K01944" type="ortholog" reaction="rn:R05145"
        link="http://www.genome.jp/dbget-bin/www_bget?ko+K01944">
        <graphics name="K01944" fgcolor="#000000" bgcolor="#FFFFFF"
             type="rectangle" x="239" y="428" width="46" height="17"/>
    </entry>
    <entry id="4" name="ko:K01947" type="ortholog" reaction="rn:R05145"
        link="http://www.genome.jp/dbget-bin/www_bget?ko+K01947">
        <graphics name="K01947" fgcolor="#000000" bgcolor="#FFFFFF"
             type="rectangle" x="287" y="428" width="46" height="17"/>
    </entry>
    <entry id="5" name="ko:K01942" type="ortholog" reaction="rn:R05145"
        link="http://www.genome.jp/dbget-bin/www_bget?ko+K01942">
        <graphics name="K01942" fgcolor="#000000" bgcolor="#FFFFFF"
             type="rectangle" x="239" y="407" width="46" height="17"/>
    </entry>
    <entry id="6" name="ko:K01947" type="ortholog" reaction="rn:R01074"
        link="http://www.genome.jp/dbget-bin/www_bget?ko+K01947">
        <graphics name="K01947" fgcolor="#000000" bgcolor="#FFFFFF"
             type="rectangle" x="286" y="299" width="46" height="17"/>
    </entry>
    <entry id="7" name="ko:K01944" type="ortholog" reaction="rn:R01074"
        link="http://www.genome.jp/dbget-bin/www_bget?ko+K01944">
        <graphics name="K01944" fgcolor="#000000" bgcolor="#FFFFFF"
             type="rectangle" x="239" y="299" width="46" height="17"/>
    </entry>
    <entry id="8" name="path:map00780" type="map"
        link="http://www.genome.jp/dbget-bin/get_linkdb?pathway+map00780">
        <graphics name="TITLE:Biotin metabolism" fgcolor="#000000" bgcolor="#FFFFFF"
             type="roundrectangle" x="152" y="68" width="185" height="27"/>
    </entry>
    <entry id="9" name="path:map00310" type="map"
        link="http://www.genome.jp/kegg/pathway/map/map00310.html">
        <graphics name="Lysine degradation" fgcolor="#000000" bgcolor="#FFFFFF"
             type="roundrectangle" x="255" y="335" width="83" height="33"/>
    </entry>
    <entry id="10" name="ko:K01435" type="ortholog" reaction="rn:R01077"
        link="http://www.genome.jp/dbget-bin/www_bget?ko+K01435">
        <graphics name="K01435" fgcolor="#000000" bgcolor="#FFFFFF"
             type="rectangle" x="388" y="269" width="46" height="17"/>
    </entry>
    <entry id="11" name="ko:K01012" type="ortholog" reaction="rn:R01078"
        link="http://www.genome.jp/dbget-bin/www_bget?ko+K01012">
        <graphics name="K01012" fgcolor="#000000" bgcolor="#FFFFFF"
             type="rectangle" x="334" y="233" width="46" height="17"/>
    </entry>
    <entry id="12" name="ko:K01935" type="ortholog" reaction="rn:R03182"
        link="http://www.genome.jp/dbget-bin/www_bget?ko+K01935">
        <graphics name="K01935" fgcolor="#000000" bgcolor="#FFFFFF"
             type="rectangle" x="387" y="205" width="46" height="17"/>
    </entry>
    <entry id="13" name="ko:K00833" type="ortholog" reaction="rn:R03231"
        link="http://www.genome.jp/dbget-bin/www_bget?ko+K00833">
        <graphics name="K00833" fgcolor="#000000" bgcolor="#FFFFFF"
             type="rectangle" x="431" y="172" width="46" height="17"/>
    </entry>
    <entry id="14" name="ko:K01423" type="ortholog" reaction="rn:R04869"
        link="http://www.genome.jp/dbget-bin/www_bget?ko+K01423">
        <graphics name="K01423" fgcolor="#000000" bgcolor="#FFFFFF"
             type="rectangle" x="381" y="418" width="46" height="17"/>
    </entry>
    <entry id="15" name="ko:K00652" type="ortholog" reaction="rn:R03210"
        link="http://www.genome.jp/dbget-bin/www_bget?ko+K00652">
        <graphics name="K00652" fgcolor="#000000" bgcolor="#FFFFFF"
             type="rectangle" x="364" y="147" width="46" height="17"/>
    </entry>
    <entry id="16" name="ko:K01906" type="ortholog" reaction="rn:R03209"
        link="http://www.genome.jp/dbget-bin/www_bget?ko+K01906">
        <graphics name="K01906" fgcolor="#000000" bgcolor="#FFFFFF"
             type="rectangle" x="235" y="147" width="46" height="17"/>
    </entry>
    <entry id="17" name="ko:K01943" type="ortholog" reaction="rn:R05145"
        link="http://www.genome.jp/dbget-bin/www_bget?ko+K01943">
        <graphics name="K01943" fgcolor="#000000" bgcolor="#FFFFFF"
             type="rectangle" x="287" y="407" width="46" height="17"/>
    </entry>
    <entry id="18" name="ec:6.2.1.11" type="enzyme" reaction="rn:R03762"
        link="http://www.genome.jp/dbget-bin/www_bget?enzyme+6.2.1.11">
        <graphics name="6.2.1.11" fgcolor="#000000" bgcolor="#FFFFFF"
             type="rectangle" x="148" y="270" width="46" height="17"/>
    </entry>
    <entry id="19" name="ec:6.2.1.11" type="enzyme" reaction="rn:R01074"
        link="http://www.genome.jp/dbget-bin/www_bget?enzyme+6.2.1.11">
        <graphics name="6.2.1.11" fgcolor="#000000" bgcolor="#FFFFFF"
             type="rectangle" x="260" y="259" width="46" height="17"/>
    </entry>
    <entry id="20" name="ko:K01943" type="ortholog" reaction="rn:R01074"
        link="http://www.genome.jp/dbget-bin/www_bget?ko+K01943">
        <graphics name="K01943" fgcolor="#000000" bgcolor="#FFFFFF"
             type="rectangle" x="286" y="280" width="46" height="17"/>
    </entry>
    <entry id="21" name="cpd:C02656" type="compound"
        link="http://www.genome.jp/dbget-bin/www_bget?compound+C02656">
        <graphics name="C02656" fgcolor="#000000" bgcolor="#FFFFFF"
             type="circle" x="172" y="147" width="8" height="8"/>
    </entry>
    <entry id="22" name="cpd:C01063" type="compound"
        link="http://www.genome.jp/dbget-bin/www_bget?compound+C01063">
        <graphics name="C01063" fgcolor="#000000" bgcolor="#FFFFFF"
             type="circle" x="300" y="147" width="8" height="8"/>
    </entry>
    <entry id="23" name="cpd:C01092" type="compound"
        link="http://www.genome.jp/dbget-bin/www_bget?compound+C01092">
        <graphics name="C01092" fgcolor="#000000" bgcolor="#FFFFFF"
             type="circle" x="430" y="147" width="8" height="8"/>
    </entry>
    <entry id="24" name="cpd:C01909" type="compound"
        link="http://www.genome.jp/dbget-bin/www_bget?compound+C01909">
        <graphics name="C01909" fgcolor="#000000" bgcolor="#FFFFFF"
             type="circle" x="333" y="205" width="8" height="8"/>
    </entry>
    <entry id="25" name="cpd:C01037" type="compound"
        link="http://www.genome.jp/dbget-bin/www_bget?compound+C01037">
        <graphics name="C01037" fgcolor="#000000" bgcolor="#FFFFFF"
             type="circle" x="430" y="205" width="8" height="8"/>
    </entry>
    <entry id="26" name="cpd:C00120" type="compound"
        link="http://www.genome.jp/dbget-bin/www_bget?compound+C00120">
        <graphics name="C00120" fgcolor="#000000" bgcolor="#FFFFFF"
             type="circle" x="333" y="270" width="8" height="8"/>
    </entry>
    <entry id="27" name="cpd:C00047" type="compound"
        link="http://www.genome.jp/dbget-bin/www_bget?compound+C00047">
        <graphics name="C00047" fgcolor="#000000" bgcolor="#FFFFFF"
             type="circle" x="349" y="310" width="8" height="8"/>
    </entry>
    <entry id="28" name="cpd:C05552" type="compound"
        link="http://www.genome.jp/dbget-bin/www_bget?compound+C05552">
        <graphics name="C05552" fgcolor="#000000" bgcolor="#FFFFFF"
             type="circle" x="430" y="270" width="8" height="8"/>
    </entry>
    <entry id="29" name="cpd:C01894" type="compound"
        link="http://www.genome.jp/dbget-bin/www_bget?compound+C01894">
        <graphics name="C01894" fgcolor="#000000" bgcolor="#FFFFFF"
             type="circle" x="98" y="270" width="8" height="8"/>
    </entry>
    <entry id="30" name="cpd:C05921" type="compound"
        link="http://www.genome.jp/dbget-bin/www_bget?compound+C05921">
        <graphics name="C05921" fgcolor="#000000" bgcolor="#FFFFFF"
             type="circle" x="186" y="270" width="8" height="8"/>
    </entry>
    <entry id="31" name="cpd:C06250" type="compound"
        link="http://www.genome.jp/dbget-bin/www_bget?compound+C06250">
        <graphics name="C06250" fgcolor="#000000" bgcolor="#FFFFFF"
             type="circle" x="333" y="418" width="8" height="8"/>
    </entry>
    <relation entry1="15" entry2="16" type="ECrel">
        <subtype name="compound" value="22"/>
    </relation>
    <relation entry1="16" entry2="22" type="ECrel">
        <subtype name="compound" value="22"/>
    </relation>
    <relation entry1="15" entry2="22" type="ECrel">
        <subtype name="compound" value="22"/>
    </relation>
    <relation entry1="13" entry2="15" type="ECrel">
        <subtype name="compound" value="23"/>
    </relation>
    <relation entry1="15" entry2="23" type="ECrel">
        <subtype name="compound" value="23"/>
    </relation>
    <relation entry1="13" entry2="23" type="ECrel">
        <subtype name="compound" value="23"/>
    </relation>
    <relation entry1="12" entry2="13" type="ECrel">
        <subtype name="compound" value="25"/>
    </relation>
    <relation entry1="13" entry2="25" type="ECrel">
        <subtype name="compound" value="25"/>
    </relation>
    <relation entry1="12" entry2="25" type="ECrel">
        <subtype name="compound" value="25"/>
    </relation>
    <relation entry1="11" entry2="12" type="ECrel">
        <subtype name="compound" value="24"/>
    </relation>
    <relation entry1="12" entry2="24" type="ECrel">
        <subtype name="compound" value="24"/>
    </relation>
    <relation entry1="11" entry2="24" type="ECrel">
        <subtype name="compound" value="24"/>
    </relation>
    <relation entry1="10" entry2="14" type="ECrel">
        <subtype name="compound" value="28"/>
    </relation>
    <relation entry1="10" entry2="28" type="ECrel">
        <subtype name="compound" value="28"/>
    </relation>
    <relation entry1="14" entry2="28" type="ECrel">
        <subtype name="compound" value="28"/>
    </relation>
    <relation entry1="10" entry2="20" type="ECrel">
        <subtype name="compound" value="26"/>
    </relation>
    <relation entry1="6" entry2="10" type="ECrel">
        <subtype name="compound" value="26"/>
    </relation>
    <relation entry1="7" entry2="10" type="ECrel">
        <subtype name="compound" value="26"/>
    </relation>
    <relation entry1="2" entry2="10" type="ECrel">
        <subtype name="compound" value="26"/>
    </relation>
    <relation entry1="10" entry2="19" type="ECrel">
        <subtype name="compound" value="26"/>
    </relation>
    <relation entry1="10" entry2="26" type="ECrel">
        <subtype name="compound" value="26"/>
    </relation>
    <relation entry1="20" entry2="26" type="ECrel">
        <subtype name="compound" value="26"/>
    </relation>
    <relation entry1="6" entry2="26" type="ECrel">
        <subtype name="compound" value="26"/>
    </relation>
    <relation entry1="7" entry2="26" type="ECrel">
        <subtype name="compound" value="26"/>
    </relation>
    <relation entry1="2" entry2="26" type="ECrel">
        <subtype name="compound" value="26"/>
    </relation>
    <relation entry1="19" entry2="26" type="ECrel">
        <subtype name="compound" value="26"/>
    </relation>
    <relation entry1="5" entry2="19" type="ECrel">
        <subtype name="compound" value="30"/>
    </relation>
    <relation entry1="3" entry2="19" type="ECrel">
        <subtype name="compound" value="30"/>
    </relation>
    <relation entry1="17" entry2="19" type="ECrel">
        <subtype name="compound" value="30"/>
    </relation>
    <relation entry1="4" entry2="19" type="ECrel">
        <subtype name="compound" value="30"/>
    </relation>
    <relation entry1="19" entry2="30" type="ECrel">
        <subtype name="compound" value="30"/>
    </relation>
    <relation entry1="2" entry2="18" type="ECrel">
        <subtype name="compound" value="30"/>
    </relation>
    <relation entry1="2" entry2="3" type="ECrel">
        <subtype name="compound" value="30"/>
    </relation>
    <relation entry1="2" entry2="17" type="ECrel">
        <subtype name="compound" value="30"/>
    </relation>
    <relation entry1="2" entry2="4" type="ECrel">
        <subtype name="compound" value="30"/>
    </relation>
    <relation entry1="2" entry2="30" type="ECrel">
        <subtype name="compound" value="30"/>
    </relation>
    <relation entry1="18" entry2="20" type="ECrel">
        <subtype name="compound" value="30"/>
    </relation>
    <relation entry1="5" entry2="20" type="ECrel">
        <subtype name="compound" value="30"/>
    </relation>
    <relation entry1="3" entry2="20" type="ECrel">
        <subtype name="compound" value="30"/>
    </relation>
    <relation entry1="4" entry2="20" type="ECrel">
        <subtype name="compound" value="30"/>
    </relation>
    <relation entry1="20" entry2="30" type="ECrel">
        <subtype name="compound" value="30"/>
    </relation>
    <relation entry1="6" entry2="18" type="ECrel">
        <subtype name="compound" value="30"/>
    </relation>
    <relation entry1="5" entry2="6" type="ECrel">
        <subtype name="compound" value="30"/>
    </relation>
    <relation entry1="3" entry2="6" type="ECrel">
        <subtype name="compound" value="30"/>
    </relation>
    <relation entry1="6" entry2="17" type="ECrel">
        <subtype name="compound" value="30"/>
    </relation>
    <relation entry1="6" entry2="30" type="ECrel">
        <subtype name="compound" value="30"/>
    </relation>
    <relation entry1="7" entry2="18" type="ECrel">
        <subtype name="compound" value="30"/>
    </relation>
    <relation entry1="5" entry2="7" type="ECrel">
        <subtype name="compound" value="30"/>
    </relation>
    <relation entry1="7" entry2="17" type="ECrel">
        <subtype name="compound" value="30"/>
    </relation>
    <relation entry1="4" entry2="7" type="ECrel">
        <subtype name="compound" value="30"/>
    </relation>
    <relation entry1="7" entry2="30" type="ECrel">
        <subtype name="compound" value="30"/>
    </relation>
    <relation entry1="5" entry2="18" type="ECrel">
        <subtype name="compound" value="30"/>
    </relation>
    <relation entry1="3" entry2="18" type="ECrel">
        <subtype name="compound" value="30"/>
    </relation>
    <relation entry1="17" entry2="18" type="ECrel">
        <subtype name="compound" value="30"/>
    </relation>
    <relation entry1="4" entry2="18" type="ECrel">
        <subtype name="compound" value="30"/>
    </relation>
    <relation entry1="18" entry2="30" type="ECrel">
        <subtype name="compound" value="30"/>
    </relation>
    <relation entry1="5" entry2="30" type="ECrel">
        <subtype name="compound" value="30"/>
    </relation>
    <relation entry1="3" entry2="30" type="ECrel">
        <subtype name="compound" value="30"/>
    </relation>
    <relation entry1="17" entry2="30" type="ECrel">
        <subtype name="compound" value="30"/>
    </relation>
    <relation entry1="4" entry2="30" type="ECrel">
        <subtype name="compound" value="30"/>
    </relation>
    <relation entry1="10" entry2="27" type="ECrel">
        <subtype name="compound" value="27"/>
    </relation>
    <relation entry1="14" entry2="17" type="ECrel">
        <subtype name="compound" value="31"/>
    </relation>
    <relation entry1="4" entry2="14" type="ECrel">
        <subtype name="compound" value="31"/>
    </relation>
    <relation entry1="3" entry2="14" type="ECrel">
        <subtype name="compound" value="31"/>
    </relation>
    <relation entry1="5" entry2="14" type="ECrel">
        <subtype name="compound" value="31"/>
    </relation>
    <relation entry1="14" entry2="31" type="ECrel">
        <subtype name="compound" value="31"/>
    </relation>
    <relation entry1="17" entry2="31" type="ECrel">
        <subtype name="compound" value="31"/>
    </relation>
    <relation entry1="4" entry2="31" type="ECrel">
        <subtype name="compound" value="31"/>
    </relation>
    <relation entry1="3" entry2="31" type="ECrel">
        <subtype name="compound" value="31"/>
    </relation>
    <relation entry1="5" entry2="31" type="ECrel">
        <subtype name="compound" value="31"/>
    </relation>
    <relation entry1="10" entry2="9" type="maplink">
        <subtype name="compound" value="27"/>
    </relation>
    <relation entry1="10" entry2="1" type="maplink">
        <subtype name="compound" value="27"/>
    </relation>
    <relation entry1="1" entry2="9" type="maplink">
        <subtype name="compound" value="27"/>
    </relation>
    <relation entry1="9" entry2="27" type="maplink">
        <subtype name="compound" value="27"/>
    </relation>
    <relation entry1="1" entry2="27" type="maplink">
        <subtype name="compound" value="27"/>
    </relation>
    <reaction name="rn:R01074" type="irreversible">
        <substrate name="cpd:C00120"/>
        <product name="cpd:C05921"/>
    </reaction>
    <reaction name="rn:R05145" type="irreversible">
        <substrate name="cpd:C05921"/>
        <product name="cpd:C06250"/>
    </reaction>
    <reaction name="rn:R01077" type="irreversible">
        <substrate name="cpd:C05552"/>
        <product name="cpd:C00047"/>
        <product name="cpd:C00120"/>
    </reaction>
    <reaction name="rn:R01078" type="irreversible">
        <substrate name="cpd:C01909"/>
        <product name="cpd:C00120"/>
    </reaction>
    <reaction name="rn:R03182" type="irreversible">
        <substrate name="cpd:C01037"/>
        <product name="cpd:C01909"/>
    </reaction>
    <reaction name="rn:R03231" type="irreversible">
        <substrate name="cpd:C01092"/>
        <product name="cpd:C01037"/>
    </reaction>
    <reaction name="rn:R04869" type="irreversible">
        <substrate name="cpd:C06250"/>
        <product name="cpd:C05552"/>
    </reaction>
    <reaction name="rn:R03210" type="irreversible">
        <substrate name="cpd:C01063"/>
        <product name="cpd:C01092"/>
    </reaction>
    <reaction name="rn:R03209" type="irreversible">
        <substrate name="cpd:C02656"/>
        <product name="cpd:C01063"/>
    </reaction>
    <reaction name="rn:R03762" type="irreversible">
        <substrate name="cpd:C05921"/>
        <product name="cpd:C01894"/>
    </reaction>
</pathway>
