<?xml version="1.0"?>
<!DOCTYPE pathway SYSTEM "http://www.genome.jp/kegg/xml/KGML_v0.6.1_.dtd">
<!-- Creation date: Feb 05 2009 02:03:32 +0900 (JST) -->
<pathway name="path:map00311" org="map" number="00311"
         title="Penicillin and cephalosporin biosynthesis"
         image="http://www.genome.jp/kegg/pathway/map/map00311.gif"
         link="http://www.genome.jp/dbget-bin/show_pathway?map00311">
    <entry id="1" name="path:map00312" type="map"
        link="http://www.genome.jp/kegg/pathway/map/map00312.html">
        <graphics name="beta-Lactam resistance" fgcolor="#000000" bgcolor="#FFFFFF"
             type="roundrectangle" x="372" y="349" width="122" height="25"/>
    </entry>
    <entry id="2" name="cpd:C07756" type="compound"
        link="http://www.genome.jp/dbget-bin/www_bget?compound+C07756">
        <graphics name="C07756" fgcolor="#000000" bgcolor="#FFFFFF"
             type="circle" x="1040" y="198" width="8" height="8"/>
    </entry>
    <entry id="3" name="cpd:C15666" type="compound"
        link="http://www.genome.jp/dbget-bin/www_bget?compound+C15666">
        <graphics name="C15666" fgcolor="#000000" bgcolor="#FFFFFF"
             type="circle" x="944" y="198" width="8" height="8"/>
    </entry>
    <entry id="4" name="cpd:C04712" type="compound"
        link="http://www.genome.jp/dbget-bin/www_bget?compound+C04712">
        <graphics name="C04712" fgcolor="#000000" bgcolor="#FFFFFF"
             type="circle" x="876" y="199" width="8" height="8"/>
    </entry>
    <entry id="5" name="ec:3.5.1.93" type="enzyme" reaction="rn:R07402"
        link="http://www.genome.jp/dbget-bin/www_bget?enzyme+3.5.1.93">
        <graphics name="3.5.1.93" fgcolor="#000000" bgcolor="#FFFFFF"
             type="rectangle" x="986" y="199" width="46" height="17"/>
    </entry>
    <entry id="6" name="ec:2.6.1.74" type="enzyme" reaction="rn:R03063"
        link="http://www.genome.jp/dbget-bin/www_bget?enzyme+2.6.1.74">
        <graphics name="2.6.1.74" fgcolor="#000000" bgcolor="#FFFFFF"
             type="rectangle" x="818" y="209" width="46" height="17"/>
    </entry>
    <entry id="7" name="ko:K00273" type="ortholog" reaction="rn:R07400"
        link="http://www.genome.jp/dbget-bin/www_bget?ko+K00273">
        <graphics name="K00273" fgcolor="#000000" bgcolor="#FFFFFF"
             type="rectangle" x="818" y="188" width="46" height="17"/>
    </entry>
    <entry id="8" name="path:map00312" type="map"
        link="http://www.genome.jp/kegg/pathway/map/map00312.html">
        <graphics name="beta-Lactam resistance" fgcolor="#000000" bgcolor="#FFFFFF"
             type="roundrectangle" x="771" y="131" width="122" height="25"/>
    </entry>
    <entry id="9" name="path:map07011" type="map"
        link="http://www.genome.jp/kegg/pathway/map/map07011.html">
        <graphics name="Penicillins" fgcolor="#000000" bgcolor="#FFFFFF"
             type="roundrectangle" x="271" y="348" width="71" height="25"/>
    </entry>
    <entry id="10" name="path:map07012" type="map"
        link="http://www.genome.jp/kegg/pathway/map/map07012.html">
        <graphics name="Cephalosporins - parenteral agents" fgcolor="#000000" bgcolor="#FFFFFF"
             type="roundrectangle" x="856" y="245" width="101" height="35"/>
    </entry>
    <entry id="11" name="cpd:C02954" type="compound"
        link="http://www.genome.jp/dbget-bin/www_bget?compound+C02954">
        <graphics name="C02954" fgcolor="#000000" bgcolor="#FFFFFF"
             type="circle" x="271" y="297" width="8" height="8"/>
    </entry>
    <entry id="12" name="cpd:C06567" type="compound"
        link="http://www.genome.jp/dbget-bin/www_bget?compound+C06567">
        <graphics name="C06567" fgcolor="#000000" bgcolor="#FFFFFF"
             type="circle" x="271" y="269" width="8" height="8"/>
    </entry>
    <entry id="13" name="ko:K01434" type="ortholog" reaction="rn:R02170"
        link="http://www.genome.jp/dbget-bin/www_bget?ko+K01434">
        <graphics name="K01434" fgcolor="#000000" bgcolor="#FFFFFF"
             type="rectangle" x="324" y="296" width="46" height="17"/>
    </entry>
    <entry id="14" name="ko:K01467" type="ortholog" reaction="rn:R06363"
        link="http://www.genome.jp/dbget-bin/www_bget?ko+K01467">
        <graphics name="K01467" fgcolor="#000000" bgcolor="#FFFFFF"
             type="rectangle" x="324" y="268" width="46" height="17"/>
    </entry>
    <entry id="15" name="ko:K01060" type="ortholog" reaction="rn:R03062"
        link="http://www.genome.jp/dbget-bin/www_bget?ko+K01060">
        <graphics name="K01060" fgcolor="#000000" bgcolor="#FFFFFF"
             type="rectangle" x="712" y="240" width="46" height="17"/>
    </entry>
    <entry id="16" name="path:map00312" type="map"
        link="http://www.genome.jp/kegg/pathway/map/map00312.html">
        <graphics name="beta-Lactam resistance" fgcolor="#000000" bgcolor="#FFFFFF"
             type="roundrectangle" x="984" y="304" width="122" height="25"/>
    </entry>
    <entry id="17" name="up:EXPA_CEPAC" type="other" reaction="rn:R05228"
        link="http://www.genome.jp/dbget-bin/www_bget?up+EXPA_CEPAC">
        <graphics name="EXPA_CEPAC" fgcolor="#000000" bgcolor="#FFFFFF"
             type="rectangle" x="558" y="240" width="46" height="17"/>
    </entry>
    <entry id="18" name="path:map00311" type="map"
        link="http://www.genome.jp/dbget-bin/get_linkdb?pathway+map00311">
        <graphics name="TITLE:Penicillin and cephalosporin biosynthesis" fgcolor="#000000" bgcolor="#FFFFFF"
             type="roundrectangle" x="242" y="67" width="364" height="25"/>
    </entry>
    <entry id="19" name="path:map00310" type="map"
        link="http://www.genome.jp/kegg/pathway/map/map00310.html">
        <graphics name="Lysine degradation" fgcolor="#000000" bgcolor="#FFFFFF"
             type="roundrectangle" x="104" y="130" width="112" height="25"/>
    </entry>
    <entry id="20" name="cpd:C00916" type="compound"
        link="http://www.genome.jp/dbget-bin/www_bget?compound+C00916">
        <graphics name="C00916" fgcolor="#000000" bgcolor="#FFFFFF"
             type="circle" x="770" y="199" width="8" height="8"/>
    </entry>
    <entry id="21" name="cpd:C06566" type="compound"
        link="http://www.genome.jp/dbget-bin/www_bget?compound+C06566">
        <graphics name="C06566" fgcolor="#000000" bgcolor="#FFFFFF"
             type="circle" x="844" y="304" width="8" height="8"/>
    </entry>
    <entry id="22" name="cpd:C06569" type="compound"
        link="http://www.genome.jp/dbget-bin/www_bget?compound+C06569">
        <graphics name="C06569" fgcolor="#000000" bgcolor="#FFFFFF"
             type="circle" x="728" y="304" width="8" height="8"/>
    </entry>
    <entry id="23" name="cpd:C06568" type="compound"
        link="http://www.genome.jp/dbget-bin/www_bget?compound+C06568">
        <graphics name="C06568" fgcolor="#000000" bgcolor="#FFFFFF"
             type="circle" x="655" y="304" width="8" height="8"/>
    </entry>
    <entry id="24" name="cpd:C03112" type="compound"
        link="http://www.genome.jp/dbget-bin/www_bget?compound+C03112">
        <graphics name="C03112" fgcolor="#000000" bgcolor="#FFFFFF"
             type="circle" x="655" y="199" width="8" height="8"/>
    </entry>
    <entry id="25" name="cpd:C06565" type="compound"
        link="http://www.genome.jp/dbget-bin/www_bget?compound+C06565">
        <graphics name="C06565" fgcolor="#000000" bgcolor="#FFFFFF"
             type="circle" x="559" y="199" width="8" height="8"/>
    </entry>
    <entry id="26" name="cpd:C06564" type="compound"
        link="http://www.genome.jp/dbget-bin/www_bget?compound+C06564">
        <graphics name="C06564" fgcolor="#000000" bgcolor="#FFFFFF"
             type="circle" x="463" y="199" width="8" height="8"/>
    </entry>
    <entry id="27" name="cpd:C00395" type="compound"
        link="http://www.genome.jp/dbget-bin/www_bget?compound+C00395">
        <graphics name="C00395" fgcolor="#000000" bgcolor="#FFFFFF"
             type="circle" x="368" y="269" width="8" height="8"/>
    </entry>
    <entry id="28" name="cpd:C05557" type="compound"
        link="http://www.genome.jp/dbget-bin/www_bget?compound+C05557">
        <graphics name="C05557" fgcolor="#000000" bgcolor="#FFFFFF"
             type="circle" x="368" y="199" width="8" height="8"/>
    </entry>
    <entry id="29" name="cpd:C05556" type="compound"
        link="http://www.genome.jp/dbget-bin/www_bget?compound+C05556">
        <graphics name="C05556" fgcolor="#000000" bgcolor="#FFFFFF"
             type="circle" x="271" y="199" width="8" height="8"/>
    </entry>
    <entry id="30" name="cpd:C00956" type="compound"
        link="http://www.genome.jp/dbget-bin/www_bget?compound+C00956">
        <graphics name="C00956" fgcolor="#000000" bgcolor="#FFFFFF"
             type="circle" x="103" y="199" width="8" height="8"/>
    </entry>
    <entry id="31" name="cpd:C00183" type="compound"
        link="http://www.genome.jp/dbget-bin/www_bget?compound+C00183">
        <graphics name="C00183" fgcolor="#000000" bgcolor="#FFFFFF"
             type="circle" x="170" y="220" width="8" height="8"/>
    </entry>
    <entry id="32" name="cpd:C00097" type="compound"
        link="http://www.genome.jp/dbget-bin/www_bget?compound+C00097">
        <graphics name="C00097" fgcolor="#000000" bgcolor="#FFFFFF"
             type="circle" x="170" y="178" width="8" height="8"/>
    </entry>
    <entry id="33" name="prf:1717383A" type="other" reaction="rn:R05303"
        link="http://www.genome.jp/dbget-bin/www_bget?prf+1717383A">
        <graphics name="1717383A" fgcolor="#000000" bgcolor="#FFFFFF"
             type="rectangle" x="779" y="288" width="46" height="17"/>
    </entry>
    <entry id="34" name="ec:2.3.1.175" type="enzyme" reaction="rn:R03064"
        link="http://www.genome.jp/dbget-bin/www_bget?enzyme+2.3.1.175">
        <graphics name="2.3.1.175" fgcolor="#000000" bgcolor="#FFFFFF"
             type="rectangle" x="712" y="199" width="46" height="17"/>
    </entry>
    <entry id="35" name="ko:K04128" type="ortholog" reaction="rn:R05230"
        link="http://www.genome.jp/dbget-bin/www_bget?ko+K04128">
        <graphics name="K04128" fgcolor="#000000" bgcolor="#FFFFFF"
             type="rectangle" x="656" y="258" width="46" height="17"/>
    </entry>
    <entry id="36" name="ec:1.14.11.26" type="enzyme" reaction="rn:R05229"
        link="http://www.genome.jp/dbget-bin/www_bget?enzyme+1.14.11.26">
        <graphics name="1.14.11.26" fgcolor="#000000" bgcolor="#FFFFFF"
             type="rectangle" x="605" y="199" width="46" height="17"/>
    </entry>
    <entry id="37" name="ec:1.14.20.1" type="enzyme" reaction="rn:R05301"
        link="http://www.genome.jp/dbget-bin/www_bget?enzyme+1.14.20.1">
        <graphics name="1.14.20.1" fgcolor="#000000" bgcolor="#FFFFFF"
             type="rectangle" x="505" y="199" width="46" height="17"/>
    </entry>
    <entry id="38" name="ko:K10852" type="ortholog" reaction="rn:R06361"
        link="http://www.genome.jp/dbget-bin/www_bget?ko+K10852">
        <graphics name="K10852" fgcolor="#000000" bgcolor="#FFFFFF"
             type="rectangle" x="368" y="228" width="46" height="17"/>
    </entry>
    <entry id="39" name="ko:K04127" type="ortholog" reaction="rn:R04147"
        link="http://www.genome.jp/dbget-bin/www_bget?ko+K04127">
        <graphics name="K04127" fgcolor="#000000" bgcolor="#FFFFFF"
             type="rectangle" x="410" y="199" width="46" height="17"/>
    </entry>
    <entry id="40" name="ko:K04126" type="ortholog" reaction="rn:R04872"
        link="http://www.genome.jp/dbget-bin/www_bget?ko+K04126">
        <graphics name="K04126" fgcolor="#000000" bgcolor="#FFFFFF"
             type="rectangle" x="314" y="199" width="46" height="17"/>
    </entry>
    <entry id="41" name="ec:6.3.2.26" type="enzyme" reaction="rn:R04870"
        link="http://www.genome.jp/dbget-bin/www_bget?enzyme+6.3.2.26">
        <graphics name="6.3.2.26" fgcolor="#000000" bgcolor="#FFFFFF"
             type="rectangle" x="219" y="199" width="46" height="17"/>
    </entry>
    <entry id="42" name="prf:1717383B" type="other" reaction="rn:R05303"
        link="http://www.genome.jp/dbget-bin/www_bget?prf+1717383B">
        <graphics name="1717383B" fgcolor="#000000" bgcolor="#FFFFFF"
             type="rectangle" x="779" y="305" width="46" height="17"/>
    </entry>
    <entry id="43" name="prf:1717383C" type="other" reaction="rn:R05303"
        link="http://www.genome.jp/dbget-bin/www_bget?prf+1717383C">
        <graphics name="1717383C" fgcolor="#000000" bgcolor="#FFFFFF"
             type="rectangle" x="779" y="322" width="46" height="17"/>
    </entry>
    <entry id="59" name="" type="other" reaction="rn:R07401">
        <graphics fgcolor="#000000" bgcolor="#FFFFFF"
             type="rectangle" x="909" y="199" width="57" height="1"/>
    </entry>
    <entry id="61" name="" type="other" reaction="rn:R05302">
        <graphics fgcolor="#000000" bgcolor="#FFFFFF"
             type="rectangle" x="691" y="304" width="62" height="1"/>
    </entry>
    <entry id="62" name="undefined" type="group">
        <graphics fgcolor="#000000" bgcolor="#FFFFFF"
             type="rectangle" x="779" y="305" width="66" height="71"/>
        <component id="33"/>
        <component id="42"/>
        <component id="43"/>
    </entry>
    <relation entry1="40" entry2="41" type="ECrel">
        <subtype name="compound" value="29"/>
    </relation>
    <relation entry1="39" entry2="40" type="ECrel">
        <subtype name="compound" value="28"/>
    </relation>
    <relation entry1="38" entry2="40" type="ECrel">
        <subtype name="compound" value="28"/>
    </relation>
    <relation entry1="38" entry2="39" type="ECrel">
        <subtype name="compound" value="28"/>
    </relation>
    <relation entry1="14" entry2="38" type="ECrel">
        <subtype name="compound" value="27"/>
    </relation>
    <relation entry1="13" entry2="38" type="ECrel">
        <subtype name="compound" value="27"/>
    </relation>
    <relation entry1="13" entry2="14" type="ECrel">
        <subtype name="compound" value="27"/>
    </relation>
    <relation entry1="37" entry2="39" type="ECrel">
        <subtype name="compound" value="26"/>
    </relation>
    <relation entry1="17" entry2="39" type="ECrel">
        <subtype name="compound" value="26"/>
    </relation>
    <relation entry1="17" entry2="37" type="ECrel">
        <subtype name="compound" value="26"/>
    </relation>
    <relation entry1="36" entry2="37" type="ECrel">
        <subtype name="compound" value="25"/>
    </relation>
    <relation entry1="17" entry2="36" type="ECrel">
        <subtype name="compound" value="24"/>
    </relation>
    <relation entry1="35" entry2="36" type="ECrel">
        <subtype name="compound" value="24"/>
    </relation>
    <relation entry1="15" entry2="36" type="ECrel">
        <subtype name="compound" value="24"/>
    </relation>
    <relation entry1="34" entry2="36" type="ECrel">
        <subtype name="compound" value="24"/>
    </relation>
    <relation entry1="17" entry2="35" type="ECrel">
        <subtype name="compound" value="24"/>
    </relation>
    <relation entry1="15" entry2="17" type="ECrel">
        <subtype name="compound" value="24"/>
    </relation>
    <relation entry1="17" entry2="34" type="ECrel">
        <subtype name="compound" value="24"/>
    </relation>
    <relation entry1="15" entry2="35" type="ECrel">
        <subtype name="compound" value="24"/>
    </relation>
    <relation entry1="34" entry2="35" type="ECrel">
        <subtype name="compound" value="24"/>
    </relation>
    <relation entry1="6" entry2="34" type="ECrel">
        <subtype name="compound" value="20"/>
    </relation>
    <relation entry1="7" entry2="34" type="ECrel">
        <subtype name="compound" value="20"/>
    </relation>
    <relation entry1="6" entry2="15" type="ECrel">
        <subtype name="compound" value="20"/>
    </relation>
    <relation entry1="7" entry2="15" type="ECrel">
        <subtype name="compound" value="20"/>
    </relation>
    <relation entry1="13" entry2="9" type="maplink">
        <subtype name="compound" value="11"/>
    </relation>
    <relation entry1="38" entry2="1" type="maplink">
        <subtype name="compound" value="27"/>
    </relation>
    <relation entry1="14" entry2="1" type="maplink">
        <subtype name="compound" value="27"/>
    </relation>
    <relation entry1="13" entry2="1" type="maplink">
        <subtype name="compound" value="27"/>
    </relation>
    <relation entry1="34" entry2="10" type="maplink">
        <subtype name="compound" value="20"/>
    </relation>
    <relation entry1="34" entry2="8" type="maplink">
        <subtype name="compound" value="20"/>
    </relation>
    <relation entry1="15" entry2="10" type="maplink">
        <subtype name="compound" value="20"/>
    </relation>
    <relation entry1="15" entry2="8" type="maplink">
        <subtype name="compound" value="20"/>
    </relation>
    <relation entry1="6" entry2="10" type="maplink">
        <subtype name="compound" value="20"/>
    </relation>
    <relation entry1="7" entry2="10" type="maplink">
        <subtype name="compound" value="20"/>
    </relation>
    <relation entry1="8" entry2="10" type="maplink">
        <subtype name="compound" value="20"/>
    </relation>
    <relation entry1="6" entry2="8" type="maplink">
        <subtype name="compound" value="20"/>
    </relation>
    <relation entry1="7" entry2="8" type="maplink">
        <subtype name="compound" value="20"/>
    </relation>
    <relation entry1="62" entry2="10" type="maplink">
        <subtype name="compound" value="21"/>
    </relation>
    <relation entry1="10" entry2="16" type="maplink">
        <subtype name="compound" value="21"/>
    </relation>
    <relation entry1="62" entry2="16" type="maplink">
        <subtype name="compound" value="21"/>
    </relation>
    <reaction name="rn:R07402" type="irreversible">
        <substrate name="cpd:C15666"/>
        <product name="cpd:C07756"/>
    </reaction>
    <reaction name="rn:R03063" type="irreversible">
        <substrate name="cpd:C00916"/>
        <product name="cpd:C04712"/>
    </reaction>
    <reaction name="rn:R07400" type="irreversible">
        <substrate name="cpd:C00916"/>
        <product name="cpd:C04712"/>
    </reaction>
    <reaction name="rn:R02170" type="irreversible">
        <substrate name="cpd:C00395"/>
        <product name="cpd:C02954"/>
    </reaction>
    <reaction name="rn:R06363" type="reversible">
        <substrate name="cpd:C00395"/>
        <product name="cpd:C06567"/>
    </reaction>
    <reaction name="rn:R03062" type="irreversible">
        <substrate name="cpd:C00916"/>
        <product name="cpd:C03112"/>
    </reaction>
    <reaction name="rn:R05228" type="reversible">
        <substrate name="cpd:C06564"/>
        <product name="cpd:C03112"/>
    </reaction>
    <reaction name="rn:R05303" type="reversible">
        <substrate name="cpd:C06569"/>
        <product name="cpd:C06566"/>
    </reaction>
    <reaction name="rn:R03064" type="reversible">
        <substrate name="cpd:C03112"/>
        <product name="cpd:C00916"/>
    </reaction>
    <reaction name="rn:R05230" type="reversible">
        <substrate name="cpd:C03112"/>
        <product name="cpd:C06568"/>
    </reaction>
    <reaction name="rn:R05229" type="reversible">
        <substrate name="cpd:C06565"/>
        <product name="cpd:C03112"/>
    </reaction>
    <reaction name="rn:R05301" type="reversible">
        <substrate name="cpd:C06564"/>
        <product name="cpd:C06565"/>
    </reaction>
    <reaction name="rn:R06361" type="irreversible">
        <substrate name="cpd:C05557"/>
        <product name="cpd:C00395"/>
    </reaction>
    <reaction name="rn:R04147" type="reversible">
        <substrate name="cpd:C05557"/>
        <product name="cpd:C06564"/>
    </reaction>
    <reaction name="rn:R04872" type="reversible">
        <substrate name="cpd:C05557"/>
        <product name="cpd:C05556"/>
    </reaction>
    <reaction name="rn:R04870" type="irreversible">
        <substrate name="cpd:C00956"/>
        <substrate name="cpd:C00183"/>
        <substrate name="cpd:C00097"/>
        <product name="cpd:C05556"/>
    </reaction>
    <reaction name="rn:R07401" type="irreversible">
        <substrate name="cpd:C04712"/>
        <product name="cpd:C15666"/>
    </reaction>
    <reaction name="rn:R05302" type="reversible">
        <substrate name="cpd:C06568"/>
        <product name="cpd:C06569"/>
    </reaction>
</pathway>
