<?xml version="1.0"?>
<!DOCTYPE pathway SYSTEM "http://www.genome.jp/kegg/xml/KGML_v0.6.1_.dtd">
<!-- Creation date: Jan 26 2009 18:19:07 +0900 (JST) -->
<pathway name="path:map05216" org="map" number="05216"
         title="Thyroid cancer"
         image="http://www.genome.jp/kegg/pathway/map/map05216.gif"
         link="http://www.genome.jp/dbget-bin/show_pathway?map05216">
    <entry id="1" name="ko:K02833 ko:K07827 ko:K07828" type="ortholog"
        link="http://www.genome.jp/dbget-bin/www_bget?ko+K02833+K07827+K07828">
        <graphics name="K02833..." fgcolor="#000000" bgcolor="#FFFFFF"
             type="rectangle" x="389" y="318" width="46" height="17"/>
    </entry>
    <entry id="2" name="ko:K08530" type="ortholog"
        link="http://www.genome.jp/dbget-bin/www_bget?ko+K08530">
        <graphics name="K08530" fgcolor="#000000" bgcolor="#FFFFFF"
             type="rectangle" x="782" y="419" width="46" height="17"/>
    </entry>
    <entry id="3" name="ko:K04365" type="ortholog"
        link="http://www.genome.jp/dbget-bin/www_bget?ko+K04365">
        <graphics name="K04365" fgcolor="#000000" bgcolor="#FFFFFF"
             type="rectangle" x="467" y="318" width="46" height="17"/>
    </entry>
    <entry id="4" name="ko:K04365" type="ortholog"
        link="http://www.genome.jp/dbget-bin/www_bget?ko+K04365">
        <graphics name="K04365" fgcolor="#000000" bgcolor="#FFFFFF"
             type="rectangle" x="467" y="195" width="46" height="17"/>
    </entry>
    <entry id="5" name="ko:K04371" type="ortholog"
        link="http://www.genome.jp/dbget-bin/www_bget?ko+K04371">
        <graphics name="K04371" fgcolor="#000000" bgcolor="#FFFFFF"
             type="rectangle" x="622" y="318" width="46" height="17"/>
    </entry>
    <entry id="6" name="ko:K04368 ko:K04369" type="ortholog"
        link="http://www.genome.jp/dbget-bin/www_bget?ko+K04368+K04369">
        <graphics name="K04368..." fgcolor="#000000" bgcolor="#FFFFFF"
             type="rectangle" x="545" y="318" width="46" height="17"/>
    </entry>
    <entry id="7" name="ko:K08530 ko:K09293" type="ortholog"
        link="http://www.genome.jp/dbget-bin/www_bget?ko+K08530+K09293">
        <graphics name="K08530..." fgcolor="#000000" bgcolor="#FFFFFF"
             type="rectangle" x="728" y="372" width="46" height="17"/>
    </entry>
    <entry id="8" name="ko:K04451" type="ortholog"
        link="http://www.genome.jp/dbget-bin/www_bget?ko+K04451">
        <graphics name="K04451" fgcolor="#000000" bgcolor="#FFFFFF"
             type="rectangle" x="792" y="608" width="46" height="17"/>
    </entry>
    <entry id="9" name="ko:K08524 ko:K08525 ko:K08526" type="ortholog"
        link="http://www.genome.jp/dbget-bin/www_bget?ko+K08524+K08525+K08526">
        <graphics name="K08524..." fgcolor="#000000" bgcolor="#FFFFFF"
             type="rectangle" x="782" y="392" width="46" height="17"/>
    </entry>
    <entry id="10" name="ko:K02105" type="ortholog"
        link="http://www.genome.jp/dbget-bin/www_bget?ko+K02105">
        <graphics name="K02105" fgcolor="#000000" bgcolor="#FFFFFF"
             type="rectangle" x="510" y="692" width="46" height="17"/>
    </entry>
    <entry id="11" name="ko:K04377" type="ortholog"
        link="http://www.genome.jp/dbget-bin/www_bget?ko+K04377">
        <graphics name="K04377" fgcolor="#000000" bgcolor="#FFFFFF"
             type="rectangle" x="855" y="680" width="46" height="17"/>
    </entry>
    <entry id="12" name="ko:K05689" type="ortholog"
        link="http://www.genome.jp/dbget-bin/www_bget?ko+K05689">
        <graphics name="K05689" fgcolor="#000000" bgcolor="#FFFFFF"
             type="rectangle" x="242" y="692" width="46" height="17"/>
    </entry>
    <entry id="13" name="path:map05216" type="map"
        link="http://www.genome.jp/dbget-bin/get_linkdb?pathway+map05216">
        <graphics name="TITLE:Thyroid cancer" fgcolor="#000000" bgcolor="#FFFFFF"
             type="roundrectangle" x="137" y="67" width="155" height="25"/>
    </entry>
    <entry id="14" name="ko:K04371" type="ortholog"
        link="http://www.genome.jp/dbget-bin/www_bget?ko+K04371">
        <graphics name="K04371" fgcolor="#000000" bgcolor="#FFFFFF"
             type="rectangle" x="622" y="176" width="46" height="17"/>
    </entry>
    <entry id="15" name="ko:K04503" type="ortholog"
        link="http://www.genome.jp/dbget-bin/www_bget?ko+K04503">
        <graphics name="K04503" fgcolor="#000000" bgcolor="#FFFFFF"
             type="rectangle" x="855" y="703" width="46" height="17"/>
    </entry>
    <entry id="16" name="ko:K04368 ko:K04369" type="ortholog"
        link="http://www.genome.jp/dbget-bin/www_bget?ko+K04368+K04369">
        <graphics name="K04368..." fgcolor="#000000" bgcolor="#FFFFFF"
             type="rectangle" x="545" y="176" width="46" height="17"/>
    </entry>
    <entry id="17" name="ko:K04365" type="ortholog"
        link="http://www.genome.jp/dbget-bin/www_bget?ko+K04365">
        <graphics name="K04365" fgcolor="#000000" bgcolor="#FFFFFF"
             type="rectangle" x="467" y="160" width="46" height="17"/>
    </entry>
    <entry id="18" name="ko:K02833 ko:K07827 ko:K07828" type="ortholog"
        link="http://www.genome.jp/dbget-bin/www_bget?ko+K02833+K07827+K07828">
        <graphics name="K02833..." fgcolor="#000000" bgcolor="#FFFFFF"
             type="rectangle" x="389" y="159" width="46" height="17"/>
    </entry>
    <entry id="19" name="ko:K05126 ko:K09288 ko:K09289" type="ortholog"
        link="http://www.genome.jp/dbget-bin/www_bget?ko+K05126+K09288+K09289">
        <graphics name="K05126..." fgcolor="#000000" bgcolor="#FFFFFF"
             type="rectangle" x="298" y="127" width="46" height="17"/>
    </entry>
    <entry id="20" name="ko:K03176 ko:K09290 ko:K09291 ko:K09292" type="ortholog"
        link="http://www.genome.jp/dbget-bin/www_bget?ko+K03176+K09290+K09291+K09292">
        <graphics name="K03176..." fgcolor="#000000" bgcolor="#FFFFFF"
             type="rectangle" x="242" y="174" width="46" height="17"/>
    </entry>
    <entry id="21" name="ko:K02620 ko:K04490 ko:K04491 ko:K04492" type="ortholog"
        link="http://www.genome.jp/dbget-bin/www_bget?ko+K02620+K04490+K04491+K04492">
        <graphics name="K02620..." fgcolor="#000000" bgcolor="#FFFFFF"
             type="rectangle" x="742" y="692" width="46" height="17"/>
    </entry>
    <entry id="22" name="path:map04010" type="map"
        link="http://www.genome.jp/kegg/pathway/map/map04010.html">
        <graphics name="MAPK signaling pathway" fgcolor="#000000" bgcolor="#FFFFFF"
             type="roundrectangle" x="587" y="248" width="103" height="34"/>
    </entry>
    <entry id="23" name="path:map03320" type="map"
        link="http://www.genome.jp/kegg/pathway/map/map03320.html">
        <graphics name="PPAR signaling pathway" fgcolor="#000000" bgcolor="#FFFFFF"
             type="roundrectangle" x="504" y="405" width="103" height="34"/>
    </entry>
    <entry id="24" name="path:map04115" type="map"
        link="http://www.genome.jp/kegg/pathway/map/map04115.html">
        <graphics name="p53 signaling pathway" fgcolor="#000000" bgcolor="#FFFFFF"
             type="roundrectangle" x="794" y="568" width="103" height="34"/>
    </entry>
    <entry id="25" name="path:map04520" type="map"
        link="http://www.genome.jp/kegg/pathway/map/map04520.html">
        <graphics name="Adherens junction" fgcolor="#000000" bgcolor="#FFFFFF"
             type="roundrectangle" x="422" y="736" width="103" height="34"/>
    </entry>
    <entry id="26" name="path:map04310" type="map"
        link="http://www.genome.jp/kegg/pathway/map/map04310.html">
        <graphics name="Wnt signaling pathway" fgcolor="#000000" bgcolor="#FFFFFF"
             type="roundrectangle" x="596" y="736" width="103" height="34"/>
    </entry>
    <relation entry1="19" entry2="18" type="PPrel">
        <subtype name="indirect" value="..>"/>
    </relation>
    <relation entry1="20" entry2="18" type="PPrel">
        <subtype name="indirect" value="..>"/>
    </relation>
    <relation entry1="18" entry2="17" type="PPrel">
        <subtype name="activation" value="-->"/>
    </relation>
    <relation entry1="17" entry2="16" type="PPrel">
        <subtype name="activation" value="-->"/>
        <subtype name="phosphorylation" value="+p"/>
    </relation>
    <relation entry1="4" entry2="16" type="PPrel">
        <subtype name="activation" value="-->"/>
        <subtype name="phosphorylation" value="+p"/>
    </relation>
    <relation entry1="16" entry2="14" type="PPrel">
        <subtype name="activation" value="-->"/>
        <subtype name="phosphorylation" value="+p"/>
    </relation>
    <relation entry1="3" entry2="6" type="PPrel">
        <subtype name="activation" value="-->"/>
        <subtype name="phosphorylation" value="+p"/>
    </relation>
    <relation entry1="6" entry2="5" type="PPrel">
        <subtype name="activation" value="-->"/>
        <subtype name="phosphorylation" value="+p"/>
    </relation>
    <relation entry1="1" entry2="3" type="PPrel">
        <subtype name="activation" value="-->"/>
    </relation>
    <relation entry1="7" entry2="9" type="PPrel">
        <subtype name="binding/association" value="---"/>
    </relation>
    <relation entry1="10" entry2="12" type="PPrel">
        <subtype name="dissociation" value="-+-"/>
    </relation>
    <relation entry1="10" entry2="21" type="PPrel">
        <subtype name="activation" value="-->"/>
    </relation>
    <relation entry1="21" entry2="11" type="GErel">
        <subtype name="expression" value="-->"/>
    </relation>
    <relation entry1="21" entry2="15" type="GErel">
        <subtype name="expression" value="-->"/>
    </relation>
</pathway>
