<?xml version="1.0"?>
<!DOCTYPE pathway SYSTEM "http://www.genome.jp/kegg/xml/KGML_v0.6.1_.dtd">
<!-- Creation date: Feb 03 2009 13:37:10 +0900 (JST) -->
<pathway name="path:map04662" org="map" number="04662"
         title="B cell receptor signaling pathway"
         image="http://www.genome.jp/kegg/pathway/map/map04662.gif"
         link="http://www.genome.jp/dbget-bin/show_pathway?map04662">
    <entry id="1" name="cpd:C05981" type="compound"
        link="http://www.genome.jp/dbget-bin/www_bget?compound+C05981">
        <graphics name="C05981" fgcolor="#000000" bgcolor="#FFFFFF"
             type="circle" x="340" y="593" width="8" height="8"/>
    </entry>
    <entry id="2" name="cpd:C00165" type="compound"
        link="http://www.genome.jp/dbget-bin/www_bget?compound+C00165">
        <graphics name="C00165" fgcolor="#000000" bgcolor="#FFFFFF"
             type="circle" x="400" y="464" width="8" height="8"/>
    </entry>
    <entry id="3" name="cpd:C00076" type="compound"
        link="http://www.genome.jp/dbget-bin/www_bget?compound+C00076">
        <graphics name="C00076" fgcolor="#000000" bgcolor="#FFFFFF"
             type="circle" x="558" y="401" width="8" height="8"/>
    </entry>
    <entry id="4" name="cpd:C01245" type="compound"
        link="http://www.genome.jp/dbget-bin/www_bget?compound+C01245">
        <graphics name="C01245" fgcolor="#000000" bgcolor="#FFFFFF"
             type="circle" x="480" y="401" width="8" height="8"/>
    </entry>
    <entry id="5" name="ko:K02581 ko:K04734 ko:K05872" type="ortholog"
        link="http://www.genome.jp/dbget-bin/www_bget?ko+K02581+K04734+K05872">
        <graphics name="K02581..." fgcolor="#000000" bgcolor="#FFFFFF"
             type="rectangle" x="752" y="557" width="46" height="17"/>
    </entry>
    <entry id="6" name="ko:K02580 ko:K04735" type="ortholog"
        link="http://www.genome.jp/dbget-bin/www_bget?ko+K02580+K04735">
        <graphics name="K02580..." fgcolor="#000000" bgcolor="#FFFFFF"
             type="rectangle" x="752" y="528" width="46" height="17"/>
    </entry>
    <entry id="7" name="ko:K07209" type="ortholog"
        link="http://www.genome.jp/dbget-bin/www_bget?ko+K07209">
        <graphics name="K07209" fgcolor="#000000" bgcolor="#FFFFFF"
             type="rectangle" x="631" y="574" width="46" height="17"/>
    </entry>
    <entry id="8" name="ko:K07210" type="ortholog"
        link="http://www.genome.jp/dbget-bin/www_bget?ko+K07210">
        <graphics name="K07210" fgcolor="#000000" bgcolor="#FFFFFF"
             type="rectangle" x="631" y="557" width="46" height="17"/>
    </entry>
    <entry id="9" name="ko:K04467" type="ortholog"
        link="http://www.genome.jp/dbget-bin/www_bget?ko+K04467">
        <graphics name="K04467" fgcolor="#000000" bgcolor="#FFFFFF"
             type="rectangle" x="631" y="540" width="46" height="17"/>
    </entry>
    <entry id="10" name="ko:K03083" type="ortholog"
        link="http://www.genome.jp/dbget-bin/www_bget?ko+K03083">
        <graphics name="K03083" fgcolor="#000000" bgcolor="#FFFFFF"
             type="rectangle" x="554" y="633" width="46" height="17"/>
    </entry>
    <entry id="11" name="ko:K07369" type="ortholog"
        link="http://www.genome.jp/dbget-bin/www_bget?ko+K07369">
        <graphics name="K07369" fgcolor="#000000" bgcolor="#FFFFFF"
             type="rectangle" x="534" y="545" width="46" height="17"/>
    </entry>
    <entry id="12" name="ko:K07368" type="ortholog"
        link="http://www.genome.jp/dbget-bin/www_bget?ko+K07368">
        <graphics name="K07368" fgcolor="#000000" bgcolor="#FFFFFF"
             type="rectangle" x="534" y="528" width="46" height="17"/>
    </entry>
    <entry id="13" name="ko:K07367" type="ortholog"
        link="http://www.genome.jp/dbget-bin/www_bget?ko+K07367">
        <graphics name="K07367" fgcolor="#000000" bgcolor="#FFFFFF"
             type="rectangle" x="534" y="511" width="46" height="17"/>
    </entry>
    <entry id="14" name="ko:K04456" type="ortholog"
        link="http://www.genome.jp/dbget-bin/www_bget?ko+K04456">
        <graphics name="K04456" fgcolor="#000000" bgcolor="#FFFFFF"
             type="rectangle" x="471" y="592" width="46" height="17"/>
    </entry>
    <entry id="15" name="hsa:5579 mmu:18751 rno:25023 dre:393953" type="other">
        <graphics name="PRKCB..." fgcolor="#000000" bgcolor="#FFFFFF"
             type="rectangle" x="419" y="528" width="46" height="17"/>
    </entry>
    <entry id="16" name="ko:K05730" type="ortholog"
        link="http://www.genome.jp/dbget-bin/www_bget?ko+K05730">
        <graphics name="K05730" fgcolor="#000000" bgcolor="#FFFFFF"
             type="rectangle" x="274" y="623" width="46" height="17"/>
    </entry>
    <entry id="17" name="ko:K00922 ko:K02649" type="ortholog"
        link="http://www.genome.jp/dbget-bin/www_bget?ko+K00922+K02649">
        <graphics name="K00922..." fgcolor="#000000" bgcolor="#FFFFFF"
             type="rectangle" x="274" y="592" width="46" height="17"/>
    </entry>
    <entry id="18" name="ko:K04012" type="ortholog"
        link="http://www.genome.jp/dbget-bin/www_bget?ko+K04012">
        <graphics name="K04012" fgcolor="#000000" bgcolor="#FFFFFF"
             type="rectangle" x="180" y="612" width="46" height="17"/>
    </entry>
    <entry id="19" name="ko:K06465" type="ortholog"
        link="http://www.genome.jp/dbget-bin/www_bget?ko+K06465">
        <graphics name="K06465" fgcolor="#000000" bgcolor="#FFFFFF"
             type="rectangle" x="180" y="592" width="46" height="17"/>
    </entry>
    <entry id="20" name="ko:K06508" type="ortholog"
        link="http://www.genome.jp/dbget-bin/www_bget?ko+K06508">
        <graphics name="K06508" fgcolor="#000000" bgcolor="#FFFFFF"
             type="rectangle" x="180" y="572" width="46" height="17"/>
    </entry>
    <entry id="21" name="hsa:8519 ptr:450916 bta:353510 mmu:68713" type="other">
        <graphics name="IFITM1..." fgcolor="#000000" bgcolor="#FFFFFF"
             type="rectangle" x="180" y="552" width="46" height="17"/>
    </entry>
    <entry id="22" name="ko:K03084" type="ortholog"
        link="http://www.genome.jp/dbget-bin/www_bget?ko+K03084">
        <graphics name="K03084" fgcolor="#000000" bgcolor="#FFFFFF"
             type="rectangle" x="250" y="497" width="46" height="17"/>
    </entry>
    <entry id="23" name="hsa:2213 mmu:14130 rno:289211" type="other">
        <graphics name="FCGR2B..." fgcolor="#000000" bgcolor="#FFFFFF"
             type="rectangle" x="180" y="497" width="46" height="17"/>
    </entry>
    <entry id="24" name="ko:K04379 ko:K04448" type="ortholog"
        link="http://www.genome.jp/dbget-bin/www_bget?ko+K04379+K04448">
        <graphics name="K04379..." fgcolor="#000000" bgcolor="#FFFFFF"
             type="rectangle" x="752" y="463" width="46" height="17"/>
    </entry>
    <entry id="25" name="ko:K02833 ko:K07827 ko:K07828" type="ortholog"
        link="http://www.genome.jp/dbget-bin/www_bget?ko+K02833+K07827+K07828">
        <graphics name="K02833..." fgcolor="#000000" bgcolor="#FFFFFF"
             type="rectangle" x="553" y="463" width="46" height="17"/>
    </entry>
    <entry id="26" name="hsa:25780 mmu:240168 rno:313874 ptr:470348 gga:421460 cfa:475720" type="other">
        <graphics name="RASGRP3..." fgcolor="#000000" bgcolor="#FFFFFF"
             type="rectangle" x="471" y="463" width="46" height="17"/>
    </entry>
    <entry id="27" name="ko:K04446" type="ortholog"
        link="http://www.genome.jp/dbget-bin/www_bget?ko+K04446">
        <graphics name="K04446" fgcolor="#000000" bgcolor="#FFFFFF"
             type="rectangle" x="752" y="400" width="46" height="17"/>
    </entry>
    <entry id="28" name="ko:K04348 ko:K06268" type="ortholog"
        link="http://www.genome.jp/dbget-bin/www_bget?ko+K04348+K06268">
        <graphics name="K04348..." fgcolor="#000000" bgcolor="#FFFFFF"
             type="rectangle" x="645" y="400" width="46" height="17"/>
    </entry>
    <entry id="29" name="ko:K04392 ko:K07860 ko:K07861" type="ortholog"
        link="http://www.genome.jp/dbget-bin/www_bget?ko+K04392+K07860+K07861">
        <graphics name="K04392..." fgcolor="#000000" bgcolor="#FFFFFF"
             type="rectangle" x="570" y="303" width="46" height="17"/>
    </entry>
    <entry id="30" name="ko:K05730" type="ortholog"
        link="http://www.genome.jp/dbget-bin/www_bget?ko+K05730">
        <graphics name="K05730" fgcolor="#000000" bgcolor="#FFFFFF"
             type="rectangle" x="448" y="303" width="46" height="17"/>
    </entry>
    <entry id="31" name="hsa:5336 mmu:234779 rno:29337 ptr:454268 gga:415805" type="other">
        <graphics name="PLCG2..." fgcolor="#000000" bgcolor="#FFFFFF"
             type="rectangle" x="386" y="400" width="46" height="17"/>
    </entry>
    <entry id="32" name="ko:K07371" type="ortholog"
        link="http://www.genome.jp/dbget-bin/www_bget?ko+K07371">
        <graphics name="K07371" fgcolor="#000000" bgcolor="#FFFFFF"
             type="rectangle" x="345" y="357" width="46" height="17"/>
    </entry>
    <entry id="33" name="ko:K07370" type="ortholog"
        link="http://www.genome.jp/dbget-bin/www_bget?ko+K07370">
        <graphics name="K07370" fgcolor="#000000" bgcolor="#FFFFFF"
             type="rectangle" x="274" y="367" width="46" height="17"/>
    </entry>
    <entry id="34" name="ko:K05854" type="ortholog"
        link="http://www.genome.jp/dbget-bin/www_bget?ko+K05854">
        <graphics name="K05854" fgcolor="#000000" bgcolor="#FFFFFF"
             type="rectangle" x="253" y="313" width="46" height="17"/>
    </entry>
    <entry id="35" name="ko:K06507" type="ortholog"
        link="http://www.genome.jp/dbget-bin/www_bget?ko+K06507">
        <graphics name="K06507" fgcolor="#000000" bgcolor="#FFFFFF"
             type="rectangle" x="180" y="328" width="46" height="17"/>
    </entry>
    <entry id="36" name="ko:K06506" type="ortholog"
        link="http://www.genome.jp/dbget-bin/www_bget?ko+K06506">
        <graphics name="K06506" fgcolor="#000000" bgcolor="#FFFFFF"
             type="rectangle" x="180" y="311" width="46" height="17"/>
    </entry>
    <entry id="37" name="ko:K06856" type="ortholog"
        link="http://www.genome.jp/dbget-bin/www_bget?ko+K06856">
        <graphics name="K06856" fgcolor="#000000" bgcolor="#FFFFFF"
             type="rectangle" x="180" y="291" width="46" height="17"/>
    </entry>
    <entry id="38" name="ko:K05855" type="ortholog"
        link="http://www.genome.jp/dbget-bin/www_bget?ko+K05855">
        <graphics name="K05855" fgcolor="#000000" bgcolor="#FFFFFF"
             type="rectangle" x="362" y="313" width="46" height="17"/>
    </entry>
    <entry id="39" name="ko:K05697" type="ortholog"
        link="http://www.genome.jp/dbget-bin/www_bget?ko+K05697">
        <graphics name="K05697" fgcolor="#000000" bgcolor="#FFFFFF"
             type="rectangle" x="273" y="165" width="46" height="17"/>
    </entry>
    <entry id="40" name="ko:K06504" type="ortholog"
        link="http://www.genome.jp/dbget-bin/www_bget?ko+K06504">
        <graphics name="K06504" fgcolor="#000000" bgcolor="#FFFFFF"
             type="rectangle" x="180" y="188" width="46" height="17"/>
    </entry>
    <entry id="41" name="ko:K06467" type="ortholog"
        link="http://www.genome.jp/dbget-bin/www_bget?ko+K06467">
        <graphics name="K06467" fgcolor="#000000" bgcolor="#FFFFFF"
             type="rectangle" x="180" y="165" width="46" height="17"/>
    </entry>
    <entry id="42" name="hsa:11025 ptr:450147 bta:617702 mmu:18733 rno:65146 rno:683463 cfa:484306" type="other">
        <graphics name="LILRB3..." fgcolor="#000000" bgcolor="#FFFFFF"
             type="rectangle" x="180" y="142" width="46" height="17"/>
    </entry>
    <entry id="43" name="path:map04010" type="map"
        link="http://www.genome.jp/kegg/pathway/map/map04010.html">
        <graphics name="MAPK signaling pathway" fgcolor="#000000" bgcolor="#FFFFFF"
             type="roundrectangle" x="653" y="463" width="102" height="34"/>
    </entry>
    <entry id="44" name="path:map04120" type="map"
        link="http://www.genome.jp/kegg/pathway/map/map04120.html">
        <graphics name="Ubiquitin mediated proteolysis" fgcolor="#000000" bgcolor="#FFFFFF"
             type="roundrectangle" x="751" y="649" width="99" height="34"/>
    </entry>
    <entry id="45" name="path:map04610" type="map"
        link="http://www.genome.jp/kegg/pathway/map/map04610.html">
        <graphics name="Complement and coagulation cascades" fgcolor="#000000" bgcolor="#FFFFFF"
             type="roundrectangle" x="86" y="661" width="115" height="34"/>
    </entry>
    <entry id="46" name="path:map04810" type="map"
        link="http://www.genome.jp/kegg/pathway/map/map04810.html">
        <graphics name="Regulation of actin cytoskeleton" fgcolor="#000000" bgcolor="#FFFFFF"
             type="roundrectangle" x="710" y="304" width="101" height="34"/>
    </entry>
    <entry id="47" name="path:map04662" type="map"
        link="http://www.genome.jp/dbget-bin/get_linkdb?pathway+map04662">
        <graphics name="TITLE:B cell receptor signaling pathway" fgcolor="#000000" bgcolor="#FFFFFF"
             type="roundrectangle" x="213" y="67" width="307" height="25"/>
    </entry>
    <entry id="48" name="undefined" type="group">
        <graphics fgcolor="#000000" bgcolor="#FFFFFF"
             type="rectangle" x="534" y="528" width="66" height="71"/>
        <component id="11"/>
        <component id="12"/>
        <component id="13"/>
    </entry>
    <entry id="49" name="undefined" type="group">
        <graphics fgcolor="#000000" bgcolor="#FFFFFF"
             type="rectangle" x="631" y="557" width="66" height="71"/>
        <component id="7"/>
        <component id="8"/>
        <component id="9"/>
    </entry>
    <relation entry1="39" entry2="42" type="PPrel">
        <subtype name="binding/association" value="---"/>
    </relation>
    <relation entry1="39" entry2="41" type="PPrel">
        <subtype name="binding/association" value="---"/>
    </relation>
    <relation entry1="39" entry2="40" type="PPrel">
        <subtype name="binding/association" value="---"/>
    </relation>
    <relation entry1="30" entry2="32" type="PPrel">
        <subtype name="binding/association" value="---"/>
    </relation>
    <relation entry1="31" entry2="32" type="PPrel">
        <subtype name="binding/association" value="---"/>
    </relation>
    <relation entry1="32" entry2="33" type="PPrel">
        <subtype name="binding/association" value="---"/>
    </relation>
    <relation entry1="22" entry2="23" type="PPrel">
        <subtype name="binding/association" value="---"/>
    </relation>
    <relation entry1="37" entry2="34" type="PPrel">
        <subtype name="activation" value="-->"/>
    </relation>
    <relation entry1="34" entry2="36" type="PPrel">
        <subtype name="phosphorylation" value="+p"/>
    </relation>
    <relation entry1="34" entry2="35" type="PPrel">
        <subtype name="phosphorylation" value="+p"/>
    </relation>
    <relation entry1="34" entry2="33" type="PPrel">
        <subtype name="phosphorylation" value="+p"/>
    </relation>
    <relation entry1="34" entry2="38" type="PPrel">
        <subtype name="phosphorylation" value="+p"/>
    </relation>
    <relation entry1="38" entry2="32" type="PPrel">
        <subtype name="phosphorylation" value="+p"/>
    </relation>
    <relation entry1="38" entry2="31" type="PPrel">
        <subtype name="phosphorylation" value="+p"/>
    </relation>
    <relation entry1="31" entry2="26" type="PPrel">
        <subtype name="compound" value="2"/>
    </relation>
    <relation entry1="48" entry2="49" type="PPrel">
        <subtype name="activation" value="-->"/>
    </relation>
    <relation entry1="19" entry2="17" type="PPrel">
        <subtype name="activation" value="-->"/>
    </relation>
    <relation entry1="19" entry2="16" type="PPrel">
        <subtype name="activation" value="-->"/>
    </relation>
    <relation entry1="14" entry2="10" type="PPrel">
        <subtype name="inhibition" value="--|"/>
        <subtype name="phosphorylation" value="+p"/>
    </relation>
    <relation entry1="30" entry2="29" type="PPrel">
        <subtype name="activation" value="-->"/>
    </relation>
    <relation entry1="5" entry2="6" type="PPrel">
        <subtype name="dissociation" value="-+-"/>
    </relation>
    <relation entry1="39" entry2="33" type="PPrel">
        <subtype name="inhibition" value="--|"/>
        <subtype name="dephosphorylation" value="-p"/>
    </relation>
    <relation entry1="39" entry2="38" type="PPrel">
        <subtype name="inhibition" value="--|"/>
        <subtype name="dephosphorylation" value="-p"/>
    </relation>
    <relation entry1="17" entry2="14" type="PPrel">
        <subtype name="compound" value="1"/>
    </relation>
    <relation entry1="31" entry2="15" type="PPrel">
        <subtype name="compound" value="2"/>
    </relation>
    <relation entry1="33" entry2="31" type="PPrel">
        <subtype name="phosphorylation" value="+p"/>
    </relation>
    <relation entry1="26" entry2="25" type="PPrel">
        <subtype name="activation" value="-->"/>
    </relation>
    <relation entry1="15" entry2="48" type="PPrel">
        <subtype name="phosphorylation" value="+p"/>
    </relation>
    <relation entry1="49" entry2="5" type="PPrel">
        <subtype name="phosphorylation" value="+p"/>
    </relation>
    <relation entry1="14" entry2="49" type="PPrel">
        <subtype name="phosphorylation" value="+p"/>
    </relation>
    <relation entry1="28" entry2="27" type="PPrel">
        <subtype name="dephosphorylation" value="-p"/>
    </relation>
    <relation entry1="31" entry2="4" type="PCrel">
        <subtype name="activation" value="-->"/>
    </relation>
    <relation entry1="3" entry2="28" type="PCrel">
        <subtype name="activation" value="-->"/>
    </relation>
    <relation entry1="25" entry2="24" type="PPrel">
        <subtype name="indirect" value="..>"/>
    </relation>
</pathway>
