<?xml version="1.0"?>
<!DOCTYPE pathway SYSTEM "http://www.genome.jp/kegg/xml/KGML_v0.6.1_.dtd">
<!-- Creation date: Jan 15 2009 02:59:50 +0900 (JST) -->
<pathway name="path:map00623" org="map" number="00623"
         title="2,4-Dichlorobenzoate degradation"
         image="http://www.genome.jp/kegg/pathway/map/map00623.gif"
         link="http://www.genome.jp/dbget-bin/show_pathway?map00623">
    <entry id="1" name="ec:1.2.3.-" type="enzyme" reaction="rn:R07668"
        link="http://www.genome.jp/dbget-bin/www_bget?enzyme+1.2.3.-">
        <graphics name="1.2.3.-" fgcolor="#000000" bgcolor="#FFFFFF"
             type="rectangle" x="434" y="367" width="46" height="17"/>
    </entry>
    <entry id="2" name="path:map00626" type="map"
        link="http://www.genome.jp/kegg/pathway/map/map00626.html">
        <graphics name="Naphthalene and anthracene degradation" fgcolor="#000000" bgcolor="#FFFFFF"
             type="roundrectangle" x="99" y="311" width="147" height="34"/>
    </entry>
    <entry id="3" name="path:map00361" type="map"
        link="http://www.genome.jp/kegg/pathway/map/map00361.html">
        <graphics name="gamma-Hexachlorocyclohexane degradation" fgcolor="#000000" bgcolor="#FFFFFF"
             type="roundrectangle" x="604" y="252" width="139" height="34"/>
    </entry>
    <entry id="4" name="ec:1.14.13.64" type="enzyme" reaction="rn:R01297 rn:R01299"
        link="http://www.genome.jp/dbget-bin/www_bget?enzyme+1.14.13.64">
        <graphics name="1.14.13.64" fgcolor="#000000" bgcolor="#FFFFFF"
             type="rectangle" x="414" y="253" width="46" height="17"/>
    </entry>
    <entry id="5" name="cpd:C00530" type="compound"
        link="http://www.genome.jp/dbget-bin/www_bget?compound+C00530">
        <graphics name="C00530" fgcolor="#000000" bgcolor="#FFFFFF"
             type="circle" x="469" y="253" width="8" height="8"/>
    </entry>
    <entry id="6" name="cpd:C06679" type="compound"
        link="http://www.genome.jp/dbget-bin/www_bget?compound+C06679">
        <graphics name="C06679" fgcolor="#000000" bgcolor="#FFFFFF"
             type="circle" x="595" y="314" width="8" height="8"/>
    </entry>
    <entry id="7" name="cpd:C06678" type="compound"
        link="http://www.genome.jp/dbget-bin/www_bget?compound+C06678">
        <graphics name="C06678" fgcolor="#000000" bgcolor="#FFFFFF"
             type="circle" x="685" y="314" width="8" height="8"/>
    </entry>
    <entry id="8" name="cpd:C06677" type="compound"
        link="http://www.genome.jp/dbget-bin/www_bget?compound+C06677">
        <graphics name="C06677" fgcolor="#000000" bgcolor="#FFFFFF"
             type="circle" x="775" y="314" width="8" height="8"/>
    </entry>
    <entry id="9" name="cpd:C00755" type="compound"
        link="http://www.genome.jp/dbget-bin/www_bget?compound+C00755">
        <graphics name="C00755" fgcolor="#000000" bgcolor="#FFFFFF"
             type="circle" x="584" y="357" width="8" height="8"/>
    </entry>
    <entry id="10" name="cpd:C06317" type="compound"
        link="http://www.genome.jp/dbget-bin/www_bget?compound+C06317">
        <graphics name="C06317" fgcolor="#000000" bgcolor="#FFFFFF"
             type="circle" x="674" y="357" width="8" height="8"/>
    </entry>
    <entry id="11" name="cpd:C06673" type="compound"
        link="http://www.genome.jp/dbget-bin/www_bget?compound+C06673">
        <graphics name="C06673" fgcolor="#000000" bgcolor="#FFFFFF"
             type="circle" x="666" y="401" width="8" height="8"/>
    </entry>
    <entry id="12" name="cpd:C06335" type="compound"
        link="http://www.genome.jp/dbget-bin/www_bget?compound+C06335">
        <graphics name="C06335" fgcolor="#000000" bgcolor="#FFFFFF"
             type="circle" x="578" y="457" width="8" height="8"/>
    </entry>
    <entry id="13" name="cpd:C00568" type="compound"
        link="http://www.genome.jp/dbget-bin/www_bget?compound+C00568">
        <graphics name="C00568" fgcolor="#000000" bgcolor="#FFFFFF"
             type="circle" x="460" y="401" width="8" height="8"/>
    </entry>
    <entry id="14" name="cpd:C02236" type="compound"
        link="http://www.genome.jp/dbget-bin/www_bget?compound+C02236">
        <graphics name="C02236" fgcolor="#000000" bgcolor="#FFFFFF"
             type="circle" x="505" y="314" width="8" height="8"/>
    </entry>
    <entry id="15" name="cpd:C06672" type="compound"
        link="http://www.genome.jp/dbget-bin/www_bget?compound+C06672">
        <graphics name="C06672" fgcolor="#000000" bgcolor="#FFFFFF"
             type="circle" x="494" y="357" width="8" height="8"/>
    </entry>
    <entry id="16" name="cpd:C02372" type="compound"
        link="http://www.genome.jp/dbget-bin/www_bget?compound+C02372">
        <graphics name="C02372" fgcolor="#000000" bgcolor="#FFFFFF"
             type="circle" x="460" y="476" width="8" height="8"/>
    </entry>
    <entry id="17" name="cpd:C01163" type="compound"
        link="http://www.genome.jp/dbget-bin/www_bget?compound+C01163">
        <graphics name="C01163" fgcolor="#000000" bgcolor="#FFFFFF"
             type="circle" x="194" y="566" width="8" height="8"/>
    </entry>
    <entry id="18" name="cpd:C04783" type="compound"
        link="http://www.genome.jp/dbget-bin/www_bget?compound+C04783">
        <graphics name="C04783" fgcolor="#000000" bgcolor="#FFFFFF"
             type="circle" x="188" y="401" width="8" height="8"/>
    </entry>
    <entry id="19" name="cpd:C01606" type="compound"
        link="http://www.genome.jp/dbget-bin/www_bget?compound+C01606">
        <graphics name="C01606" fgcolor="#000000" bgcolor="#FFFFFF"
             type="circle" x="98" y="401" width="8" height="8"/>
    </entry>
    <entry id="20" name="cpd:C06337" type="compound"
        link="http://www.genome.jp/dbget-bin/www_bget?compound+C06337">
        <graphics name="C06337" fgcolor="#000000" bgcolor="#FFFFFF"
             type="circle" x="179" y="346" width="8" height="8"/>
    </entry>
    <entry id="21" name="cpd:C06318" type="compound"
        link="http://www.genome.jp/dbget-bin/www_bget?compound+C06318">
        <graphics name="C06318" fgcolor="#000000" bgcolor="#FFFFFF"
             type="circle" x="269" y="346" width="8" height="8"/>
    </entry>
    <entry id="22" name="cpd:C06680" type="compound"
        link="http://www.genome.jp/dbget-bin/www_bget?compound+C06680">
        <graphics name="C06680" fgcolor="#000000" bgcolor="#FFFFFF"
             type="circle" x="180" y="460" width="8" height="8"/>
    </entry>
    <entry id="23" name="cpd:C00587" type="compound"
        link="http://www.genome.jp/dbget-bin/www_bget?compound+C00587">
        <graphics name="C00587" fgcolor="#000000" bgcolor="#FFFFFF"
             type="circle" x="269" y="460" width="8" height="8"/>
    </entry>
    <entry id="24" name="path:map00621" type="map"
        link="http://www.genome.jp/kegg/pathway/map/map00621.html">
        <graphics name="Biphenyl degradation" fgcolor="#000000" bgcolor="#FFFFFF"
             type="roundrectangle" x="134" y="163" width="118" height="25"/>
    </entry>
    <entry id="25" name="path:map00351" type="map"
        link="http://www.genome.jp/kegg/pathway/map/map00351.html">
        <graphics name="1,1,1-Trichloro-2,2-bis(4-chlorophenyl)ethane (DDT) degradation" fgcolor="#000000" bgcolor="#FFFFFF"
             type="roundrectangle" x="138" y="133" width="108" height="25"/>
    </entry>
    <entry id="26" name="path:map00361" type="map"
        link="http://www.genome.jp/kegg/pathway/map/map00361.html">
        <graphics name="gamma-Hexachlorocyclohexane degradation" fgcolor="#000000" bgcolor="#FFFFFF"
             type="roundrectangle" x="475" y="532" width="144" height="34"/>
    </entry>
    <entry id="27" name="path:map00362" type="map"
        link="http://www.genome.jp/kegg/pathway/map/map00362.html">
        <graphics name="Benzoate degradation via hydroxylation" fgcolor="#000000" bgcolor="#FFFFFF"
             type="roundrectangle" x="217" y="658" width="207" height="25"/>
    </entry>
    <entry id="28" name="path:map00623" type="map"
        link="http://www.genome.jp/dbget-bin/get_linkdb?pathway+map00623">
        <graphics name="TITLE:2,4-Dichlorobenzoate degradation" fgcolor="#000000" bgcolor="#FFFFFF"
             type="roundrectangle" x="208" y="67" width="296" height="25"/>
    </entry>
    <entry id="29" name="ec:6.2.1.33" type="enzyme" reaction="rn:R03932"
        link="http://www.genome.jp/dbget-bin/www_bget?enzyme+6.2.1.33">
        <graphics name="6.2.1.33" fgcolor="#000000" bgcolor="#FFFFFF"
             type="rectangle" x="322" y="134" width="46" height="17"/>
    </entry>
    <entry id="30" name="ec:1.3.1.63" type="enzyme" reaction="rn:R05276"
        link="http://www.genome.jp/dbget-bin/www_bget?enzyme+1.3.1.63">
        <graphics name="1.3.1.63" fgcolor="#000000" bgcolor="#FFFFFF"
             type="rectangle" x="417" y="134" width="46" height="17"/>
    </entry>
    <entry id="31" name="prf:2003168A" type="other" reaction="rn:R05451"
        link="http://www.genome.jp/dbget-bin/www_bget?prf+2003168A">
        <graphics name="2003168A" fgcolor="#000000" bgcolor="#FFFFFF"
             type="rectangle" x="509" y="134" width="46" height="17"/>
    </entry>
    <entry id="32" name="ec:3.8.1.7" type="enzyme" reaction="rn:R04101"
        link="http://www.genome.jp/dbget-bin/www_bget?enzyme+3.8.1.7">
        <graphics name="3.8.1.7" fgcolor="#000000" bgcolor="#FFFFFF"
             type="rectangle" x="369" y="160" width="46" height="17"/>
    </entry>
    <entry id="33" name="ko:K01075" type="ortholog" reaction="rn:R01301"
        link="http://www.genome.jp/dbget-bin/www_bget?ko+K01075">
        <graphics name="K01075" fgcolor="#000000" bgcolor="#FFFFFF"
             type="rectangle" x="369" y="219" width="46" height="17"/>
    </entry>
    <entry id="34" name="ec:1.14.99.15" type="enzyme" reaction="rn:R01306"
        link="http://www.genome.jp/dbget-bin/www_bget?enzyme+1.14.99.15">
        <graphics name="1.14.99.15" fgcolor="#000000" bgcolor="#FFFFFF"
             type="rectangle" x="307" y="253" width="46" height="17"/>
    </entry>
    <entry id="35" name="ec:1.14.12.8" type="enzyme" reaction="rn:R01636"
        link="http://www.genome.jp/dbget-bin/www_bget?enzyme+1.14.12.8">
        <graphics name="1.14.12.8" fgcolor="#000000" bgcolor="#FFFFFF"
             type="rectangle" x="455" y="314" width="46" height="17"/>
    </entry>
    <entry id="36" name="ec:1.2.1.62" type="enzyme" reaction="rn:R05272"
        link="http://www.genome.jp/dbget-bin/www_bget?enzyme+1.2.1.62">
        <graphics name="1.2.1.62" fgcolor="#000000" bgcolor="#FFFFFF"
             type="rectangle" x="555" y="313" width="46" height="17"/>
    </entry>
    <entry id="37" name="ec:1.1.1.257" type="enzyme" reaction="rn:R05271"
        link="http://www.genome.jp/dbget-bin/www_bget?enzyme+1.1.1.257">
        <graphics name="1.1.1.257" fgcolor="#000000" bgcolor="#FFFFFF"
             type="rectangle" x="645" y="313" width="46" height="17"/>
    </entry>
    <entry id="38" name="up:P94679_COMTE" type="other" reaction="rn:R05281"
        link="http://www.genome.jp/dbget-bin/www_bget?up+P94679_COMTE">
        <graphics name="P94679_COMTE" fgcolor="#000000" bgcolor="#FFFFFF"
             type="rectangle" x="735" y="313" width="46" height="17"/>
    </entry>
    <entry id="39" name="ec:1.14.13.33" type="enzyme" reaction="rn:R01296 rn:R01298"
        link="http://www.genome.jp/dbget-bin/www_bget?enzyme+1.14.13.33">
        <graphics name="1.14.13.33" fgcolor="#000000" bgcolor="#FFFFFF"
             type="rectangle" x="344" y="297" width="46" height="17"/>
    </entry>
    <entry id="40" name="ko:K00481" type="ortholog" reaction="rn:R01298"
        link="http://www.genome.jp/dbget-bin/www_bget?ko+K00481">
        <graphics name="K00481" fgcolor="#000000" bgcolor="#FFFFFF"
             type="rectangle" x="394" y="297" width="46" height="17"/>
    </entry>
    <entry id="41" name="ec:1.3.1.53" type="enzyme" reaction="rn:R01633"
        link="http://www.genome.jp/dbget-bin/www_bget?enzyme+1.3.1.53">
        <graphics name="1.3.1.53" fgcolor="#000000" bgcolor="#FFFFFF"
             type="rectangle" x="315" y="346" width="46" height="17"/>
    </entry>
    <entry id="42" name="ec:1.14.12.15" type="enzyme" reaction="rn:R05148"
        link="http://www.genome.jp/dbget-bin/www_bget?enzyme+1.14.12.15">
        <graphics name="1.14.12.15" fgcolor="#000000" bgcolor="#FFFFFF"
             type="rectangle" x="221" y="346" width="46" height="17"/>
    </entry>
    <entry id="43" name="ko:K03862 ko:K03863" type="ortholog" reaction="rn:R05274"
        link="http://www.genome.jp/dbget-bin/www_bget?ko+K03862+K03863">
        <graphics name="K03862..." fgcolor="#000000" bgcolor="#FFFFFF"
             type="rectangle" x="434" y="346" width="46" height="17"/>
    </entry>
    <entry id="44" name="ec:1.2.1.67" type="enzyme" reaction="rn:R05699"
        link="http://www.genome.jp/dbget-bin/www_bget?enzyme+1.2.1.67">
        <graphics name="1.2.1.67" fgcolor="#000000" bgcolor="#FFFFFF"
             type="rectangle" x="543" y="357" width="46" height="17"/>
    </entry>
    <entry id="45" name="ec:1.1.3.38" type="enzyme" reaction="rn:R02877"
        link="http://www.genome.jp/dbget-bin/www_bget?enzyme+1.1.3.38">
        <graphics name="1.1.3.38" fgcolor="#000000" bgcolor="#FFFFFF"
             type="rectangle" x="636" y="357" width="46" height="17"/>
    </entry>
    <entry id="46" name="ko:K07519" type="ortholog" reaction="rn:R03630"
        link="http://www.genome.jp/dbget-bin/www_bget?ko+K07519">
        <graphics name="K07519" fgcolor="#000000" bgcolor="#FFFFFF"
             type="rectangle" x="139" y="400" width="46" height="17"/>
    </entry>
    <entry id="47" name="ec:1.3.1.64" type="enzyme" reaction="rn:R05275"
        link="http://www.genome.jp/dbget-bin/www_bget?enzyme+1.3.1.64">
        <graphics name="1.3.1.64" fgcolor="#000000" bgcolor="#FFFFFF"
             type="rectangle" x="224" y="401" width="46" height="17"/>
    </entry>
    <entry id="48" name="ko:K04102" type="ortholog" reaction="rn:R01635"
        link="http://www.genome.jp/dbget-bin/www_bget?ko+K04102">
        <graphics name="K04102" fgcolor="#000000" bgcolor="#FFFFFF"
             type="rectangle" x="314" y="402" width="46" height="17"/>
    </entry>
    <entry id="49" name="ko:K03384" type="ortholog" reaction="rn:R05280"
        link="http://www.genome.jp/dbget-bin/www_bget?ko+K03384">
        <graphics name="K03384" fgcolor="#000000" bgcolor="#FFFFFF"
             type="rectangle" x="422" y="401" width="46" height="17"/>
    </entry>
    <entry id="50" name="ec:1.7.1.-" type="enzyme" reaction="rn:R05277"
        link="http://www.genome.jp/dbget-bin/www_bget?enzyme+1.7.1.-">
        <graphics name="1.7.1.-" fgcolor="#000000" bgcolor="#FFFFFF"
             type="rectangle" x="623" y="401" width="46" height="17"/>
    </entry>
    <entry id="51" name="ec:1.14.13.27" type="enzyme" reaction="rn:R02561 rn:R02562"
        link="http://www.genome.jp/dbget-bin/www_bget?enzyme+1.14.13.27">
        <graphics name="1.14.13.27" fgcolor="#000000" bgcolor="#FFFFFF"
             type="rectangle" x="460" y="432" width="46" height="17"/>
    </entry>
    <entry id="52" name="ko:K04102" type="ortholog" reaction="rn:R05375"
        link="http://www.genome.jp/dbget-bin/www_bget?ko+K04102">
        <graphics name="K04102" fgcolor="#000000" bgcolor="#FFFFFF"
             type="rectangle" x="222" y="459" width="46" height="17"/>
    </entry>
    <entry id="53" name="ec:1.14.13.23" type="enzyme" reaction="rn:R01628"
        link="http://www.genome.jp/dbget-bin/www_bget?enzyme+1.14.13.23">
        <graphics name="1.14.13.23" fgcolor="#000000" bgcolor="#FFFFFF"
             type="rectangle" x="314" y="460" width="46" height="17"/>
    </entry>
    <entry id="54" name="emb:AF109074" type="other" reaction="rn:R05279"
        link="http://www.genome.jp/dbget-bin/www_bget?emb+AF109074">
        <graphics name="AF109074" fgcolor="#000000" bgcolor="#FFFFFF"
             type="rectangle" x="578" y="484" width="46" height="17"/>
    </entry>
    <entry id="55" name="ko:K04100 ko:K04101" type="ortholog" reaction="rn:R01632"
        link="http://www.genome.jp/dbget-bin/www_bget?ko+K04100+K04101">
        <graphics name="K04100..." fgcolor="#000000" bgcolor="#FFFFFF"
             type="rectangle" x="370" y="515" width="46" height="17"/>
    </entry>
    <entry id="56" name="ko:K00448 ko:K00449" type="ortholog" reaction="rn:R01631"
        link="http://www.genome.jp/dbget-bin/www_bget?ko+K00448+K00449">
        <graphics name="K00448..." fgcolor="#000000" bgcolor="#FFFFFF"
             type="rectangle" x="195" y="515" width="46" height="17"/>
    </entry>
    <entry id="57" name="ko:K00465" type="ortholog" reaction="rn:R05278"
        link="http://www.genome.jp/dbget-bin/www_bget?ko+K00465">
        <graphics name="K00465" fgcolor="#000000" bgcolor="#FFFFFF"
             type="rectangle" x="578" y="552" width="46" height="17"/>
    </entry>
    <entry id="58" name="ko:K03463" type="ortholog" reaction="rn:R05394"
        link="http://www.genome.jp/dbget-bin/www_bget?ko+K03463">
        <graphics name="K03463" fgcolor="#000000" bgcolor="#FFFFFF"
             type="rectangle" x="578" y="618" width="46" height="17"/>
    </entry>
    <entry id="59" name="ko:K01066" type="ortholog" reaction="rn:R05420"
        link="http://www.genome.jp/dbget-bin/www_bget?ko+K01066">
        <graphics name="K01066" fgcolor="#000000" bgcolor="#FFFFFF"
             type="rectangle" x="534" y="659" width="46" height="17"/>
    </entry>
    <entry id="60" name="cpd:C03233" type="compound"
        link="http://www.genome.jp/dbget-bin/www_bget?compound+C03233">
        <graphics name="C03233" fgcolor="#000000" bgcolor="#FFFFFF"
             type="circle" x="278" y="401" width="8" height="8"/>
    </entry>
    <entry id="61" name="cpd:C02370" type="compound"
        link="http://www.genome.jp/dbget-bin/www_bget?compound+C02370">
        <graphics name="C02370" fgcolor="#000000" bgcolor="#FFFFFF"
             type="circle" x="279" y="135" width="8" height="8"/>
    </entry>
    <entry id="62" name="cpd:C02519" type="compound"
        link="http://www.genome.jp/dbget-bin/www_bget?compound+C02519">
        <graphics name="C02519" fgcolor="#000000" bgcolor="#FFFFFF"
             type="circle" x="257" y="253" width="8" height="8"/>
    </entry>
    <entry id="63" name="cpd:C06387" type="compound"
        link="http://www.genome.jp/dbget-bin/www_bget?compound+C06387">
        <graphics name="C06387" fgcolor="#000000" bgcolor="#FFFFFF"
             type="circle" x="369" y="135" width="8" height="8"/>
    </entry>
    <entry id="64" name="cpd:C02949" type="compound"
        link="http://www.genome.jp/dbget-bin/www_bget?compound+C02949">
        <graphics name="C02949" fgcolor="#000000" bgcolor="#FFFFFF"
             type="circle" x="369" y="194" width="8" height="8"/>
    </entry>
    <entry id="65" name="cpd:C00156" type="compound"
        link="http://www.genome.jp/dbget-bin/www_bget?compound+C00156">
        <graphics name="C00156" fgcolor="#000000" bgcolor="#FFFFFF"
             type="circle" x="369" y="253" width="8" height="8"/>
    </entry>
    <entry id="66" name="cpd:C00230" type="compound"
        link="http://www.genome.jp/dbget-bin/www_bget?compound+C00230">
        <graphics name="C00230" fgcolor="#000000" bgcolor="#FFFFFF"
             type="circle" x="369" y="401" width="8" height="8"/>
    </entry>
    <entry id="67" name="cpd:C04484" type="compound"
        link="http://www.genome.jp/dbget-bin/www_bget?compound+C04484">
        <graphics name="C04484" fgcolor="#000000" bgcolor="#FFFFFF"
             type="circle" x="369" y="561" width="8" height="8"/>
    </entry>
    <entry id="68" name="cpd:C06671" type="compound"
        link="http://www.genome.jp/dbget-bin/www_bget?compound+C06671">
        <graphics name="C06671" fgcolor="#000000" bgcolor="#FFFFFF"
             type="circle" x="459" y="135" width="8" height="8"/>
    </entry>
    <entry id="69" name="cpd:C06670" type="compound"
        link="http://www.genome.jp/dbget-bin/www_bget?compound+C06670">
        <graphics name="C06670" fgcolor="#000000" bgcolor="#FFFFFF"
             type="circle" x="549" y="135" width="8" height="8"/>
    </entry>
    <entry id="70" name="cpd:C06674" type="compound"
        link="http://www.genome.jp/dbget-bin/www_bget?compound+C06674">
        <graphics name="C06674" fgcolor="#000000" bgcolor="#FFFFFF"
             type="circle" x="578" y="523" width="8" height="8"/>
    </entry>
    <entry id="71" name="cpd:C06675" type="compound"
        link="http://www.genome.jp/dbget-bin/www_bget?compound+C06675">
        <graphics name="C06675" fgcolor="#000000" bgcolor="#FFFFFF"
             type="circle" x="578" y="590" width="8" height="8"/>
    </entry>
    <entry id="72" name="cpd:C06676" type="compound"
        link="http://www.genome.jp/dbget-bin/www_bget?compound+C06676">
        <graphics name="C06676" fgcolor="#000000" bgcolor="#FFFFFF"
             type="circle" x="578" y="659" width="8" height="8"/>
    </entry>
    <entry id="73" name="cpd:C02222" type="compound"
        link="http://www.genome.jp/dbget-bin/www_bget?compound+C02222">
        <graphics name="C02222" fgcolor="#000000" bgcolor="#FFFFFF"
             type="circle" x="478" y="659" width="8" height="8"/>
    </entry>
    <relation entry1="29" entry2="30" type="ECrel">
        <subtype name="compound" value="63"/>
    </relation>
    <relation entry1="30" entry2="32" type="ECrel">
        <subtype name="compound" value="63"/>
    </relation>
    <relation entry1="29" entry2="32" type="ECrel">
        <subtype name="compound" value="63"/>
    </relation>
    <relation entry1="30" entry2="31" type="ECrel">
        <subtype name="compound" value="68"/>
    </relation>
    <relation entry1="33" entry2="34" type="ECrel">
        <subtype name="compound" value="65"/>
    </relation>
    <relation entry1="4" entry2="33" type="ECrel">
        <subtype name="compound" value="65"/>
    </relation>
    <relation entry1="4" entry2="34" type="ECrel">
        <subtype name="compound" value="65"/>
    </relation>
    <relation entry1="39" entry2="48" type="ECrel">
        <subtype name="compound" value="66"/>
    </relation>
    <relation entry1="39" entry2="49" type="ECrel">
        <subtype name="compound" value="66"/>
    </relation>
    <relation entry1="39" entry2="41" type="ECrel">
        <subtype name="compound" value="66"/>
    </relation>
    <relation entry1="35" entry2="39" type="ECrel">
        <subtype name="compound" value="66"/>
    </relation>
    <relation entry1="39" entry2="43" type="ECrel">
        <subtype name="compound" value="66"/>
    </relation>
    <relation entry1="39" entry2="53" type="ECrel">
        <subtype name="compound" value="66"/>
    </relation>
    <relation entry1="40" entry2="48" type="ECrel">
        <subtype name="compound" value="66"/>
    </relation>
    <relation entry1="40" entry2="49" type="ECrel">
        <subtype name="compound" value="66"/>
    </relation>
    <relation entry1="40" entry2="41" type="ECrel">
        <subtype name="compound" value="66"/>
    </relation>
    <relation entry1="35" entry2="40" type="ECrel">
        <subtype name="compound" value="66"/>
    </relation>
    <relation entry1="40" entry2="43" type="ECrel">
        <subtype name="compound" value="66"/>
    </relation>
    <relation entry1="40" entry2="53" type="ECrel">
        <subtype name="compound" value="66"/>
    </relation>
    <relation entry1="48" entry2="49" type="ECrel">
        <subtype name="compound" value="66"/>
    </relation>
    <relation entry1="41" entry2="48" type="ECrel">
        <subtype name="compound" value="66"/>
    </relation>
    <relation entry1="35" entry2="48" type="ECrel">
        <subtype name="compound" value="66"/>
    </relation>
    <relation entry1="43" entry2="48" type="ECrel">
        <subtype name="compound" value="66"/>
    </relation>
    <relation entry1="48" entry2="53" type="ECrel">
        <subtype name="compound" value="66"/>
    </relation>
    <relation entry1="41" entry2="49" type="ECrel">
        <subtype name="compound" value="66"/>
    </relation>
    <relation entry1="35" entry2="49" type="ECrel">
        <subtype name="compound" value="66"/>
    </relation>
    <relation entry1="43" entry2="49" type="ECrel">
        <subtype name="compound" value="66"/>
    </relation>
    <relation entry1="49" entry2="53" type="ECrel">
        <subtype name="compound" value="66"/>
    </relation>
    <relation entry1="35" entry2="41" type="ECrel">
        <subtype name="compound" value="66"/>
    </relation>
    <relation entry1="41" entry2="43" type="ECrel">
        <subtype name="compound" value="66"/>
    </relation>
    <relation entry1="41" entry2="53" type="ECrel">
        <subtype name="compound" value="66"/>
    </relation>
    <relation entry1="35" entry2="43" type="ECrel">
        <subtype name="compound" value="66"/>
    </relation>
    <relation entry1="35" entry2="53" type="ECrel">
        <subtype name="compound" value="66"/>
    </relation>
    <relation entry1="43" entry2="53" type="ECrel">
        <subtype name="compound" value="66"/>
    </relation>
    <relation entry1="41" entry2="42" type="ECrel">
        <subtype name="compound" value="21"/>
    </relation>
    <relation entry1="46" entry2="47" type="ECrel">
        <subtype name="compound" value="18"/>
    </relation>
    <relation entry1="47" entry2="48" type="ECrel">
        <subtype name="compound" value="60"/>
    </relation>
    <relation entry1="52" entry2="53" type="ECrel">
        <subtype name="compound" value="23"/>
    </relation>
    <relation entry1="33" entry2="40" type="ECrel">
        <subtype name="compound" value="65"/>
    </relation>
    <relation entry1="33" entry2="39" type="ECrel">
        <subtype name="compound" value="65"/>
    </relation>
    <relation entry1="34" entry2="40" type="ECrel">
        <subtype name="compound" value="65"/>
    </relation>
    <relation entry1="34" entry2="39" type="ECrel">
        <subtype name="compound" value="65"/>
    </relation>
    <relation entry1="4" entry2="40" type="ECrel">
        <subtype name="compound" value="65"/>
    </relation>
    <relation entry1="4" entry2="39" type="ECrel">
        <subtype name="compound" value="65"/>
    </relation>
    <relation entry1="40" entry2="55" type="ECrel">
        <subtype name="compound" value="66"/>
    </relation>
    <relation entry1="40" entry2="56" type="ECrel">
        <subtype name="compound" value="66"/>
    </relation>
    <relation entry1="39" entry2="55" type="ECrel">
        <subtype name="compound" value="66"/>
    </relation>
    <relation entry1="39" entry2="56" type="ECrel">
        <subtype name="compound" value="66"/>
    </relation>
    <relation entry1="41" entry2="55" type="ECrel">
        <subtype name="compound" value="66"/>
    </relation>
    <relation entry1="41" entry2="56" type="ECrel">
        <subtype name="compound" value="66"/>
    </relation>
    <relation entry1="48" entry2="55" type="ECrel">
        <subtype name="compound" value="66"/>
    </relation>
    <relation entry1="48" entry2="56" type="ECrel">
        <subtype name="compound" value="66"/>
    </relation>
    <relation entry1="49" entry2="55" type="ECrel">
        <subtype name="compound" value="66"/>
    </relation>
    <relation entry1="49" entry2="56" type="ECrel">
        <subtype name="compound" value="66"/>
    </relation>
    <relation entry1="43" entry2="55" type="ECrel">
        <subtype name="compound" value="66"/>
    </relation>
    <relation entry1="43" entry2="56" type="ECrel">
        <subtype name="compound" value="66"/>
    </relation>
    <relation entry1="35" entry2="55" type="ECrel">
        <subtype name="compound" value="66"/>
    </relation>
    <relation entry1="35" entry2="56" type="ECrel">
        <subtype name="compound" value="66"/>
    </relation>
    <relation entry1="53" entry2="55" type="ECrel">
        <subtype name="compound" value="66"/>
    </relation>
    <relation entry1="53" entry2="56" type="ECrel">
        <subtype name="compound" value="66"/>
    </relation>
    <relation entry1="55" entry2="56" type="ECrel">
        <subtype name="compound" value="66"/>
    </relation>
    <relation entry1="32" entry2="33" type="ECrel">
        <subtype name="compound" value="64"/>
    </relation>
    <relation entry1="49" entry2="50" type="ECrel">
        <subtype name="compound" value="13"/>
    </relation>
    <relation entry1="49" entry2="51" type="ECrel">
        <subtype name="compound" value="13"/>
    </relation>
    <relation entry1="50" entry2="51" type="ECrel">
        <subtype name="compound" value="13"/>
    </relation>
    <relation entry1="50" entry2="54" type="ECrel">
        <subtype name="compound" value="12"/>
    </relation>
    <relation entry1="54" entry2="57" type="ECrel">
        <subtype name="compound" value="70"/>
    </relation>
    <relation entry1="57" entry2="58" type="ECrel">
        <subtype name="compound" value="71"/>
    </relation>
    <relation entry1="58" entry2="59" type="ECrel">
        <subtype name="compound" value="72"/>
    </relation>
    <relation entry1="35" entry2="36" type="ECrel">
        <subtype name="compound" value="14"/>
    </relation>
    <relation entry1="36" entry2="37" type="ECrel">
        <subtype name="compound" value="6"/>
    </relation>
    <relation entry1="37" entry2="38" type="ECrel">
        <subtype name="compound" value="7"/>
    </relation>
    <relation entry1="43" entry2="44" type="ECrel">
        <subtype name="compound" value="15"/>
    </relation>
    <relation entry1="44" entry2="45" type="ECrel">
        <subtype name="compound" value="9"/>
    </relation>
    <relation entry1="44" entry2="1" type="ECrel">
        <subtype name="compound" value="15"/>
    </relation>
    <relation entry1="53" entry2="1" type="ECrel">
        <subtype name="compound" value="66"/>
    </relation>
    <relation entry1="56" entry2="1" type="ECrel">
        <subtype name="compound" value="66"/>
    </relation>
    <relation entry1="55" entry2="1" type="ECrel">
        <subtype name="compound" value="66"/>
    </relation>
    <relation entry1="49" entry2="1" type="ECrel">
        <subtype name="compound" value="66"/>
    </relation>
    <relation entry1="35" entry2="1" type="ECrel">
        <subtype name="compound" value="66"/>
    </relation>
    <relation entry1="40" entry2="1" type="ECrel">
        <subtype name="compound" value="66"/>
    </relation>
    <relation entry1="39" entry2="1" type="ECrel">
        <subtype name="compound" value="66"/>
    </relation>
    <relation entry1="41" entry2="1" type="ECrel">
        <subtype name="compound" value="66"/>
    </relation>
    <relation entry1="48" entry2="1" type="ECrel">
        <subtype name="compound" value="66"/>
    </relation>
    <relation entry1="24" entry2="25" type="maplink">
        <subtype name="compound" value="61"/>
    </relation>
    <relation entry1="29" entry2="25" type="maplink">
        <subtype name="compound" value="61"/>
    </relation>
    <relation entry1="29" entry2="24" type="maplink">
        <subtype name="compound" value="61"/>
    </relation>
    <relation entry1="56" entry2="27" type="maplink">
        <subtype name="compound" value="17"/>
    </relation>
    <relation entry1="55" entry2="27" type="maplink">
        <subtype name="compound" value="67"/>
    </relation>
    <relation entry1="51" entry2="26" type="maplink">
        <subtype name="compound" value="16"/>
    </relation>
    <relation entry1="59" entry2="27" type="maplink">
        <subtype name="compound" value="73"/>
    </relation>
    <relation entry1="2" entry2="46" type="maplink">
        <subtype name="compound" value="19"/>
    </relation>
    <relation entry1="4" entry2="3" type="maplink">
        <subtype name="compound" value="5"/>
    </relation>
    <reaction name="rn:R07668" type="irreversible">
        <substrate name="cpd:C06672"/>
        <product name="cpd:C00230"/>
    </reaction>
    <reaction name="rn:R01297" type="irreversible">
        <substrate name="cpd:C00156"/>
        <product name="cpd:C00530"/>
    </reaction>
    <reaction name="rn:R01299" type="irreversible">
        <substrate name="cpd:C00156"/>
        <product name="cpd:C00530"/>
    </reaction>
    <reaction name="rn:R03932" type="irreversible">
        <substrate name="cpd:C02370"/>
        <product name="cpd:C06387"/>
    </reaction>
    <reaction name="rn:R05276" type="irreversible">
        <substrate name="cpd:C06671"/>
        <product name="cpd:C06387"/>
    </reaction>
    <reaction name="rn:R05451" type="irreversible">
        <substrate name="cpd:C06670"/>
        <product name="cpd:C06671"/>
    </reaction>
    <reaction name="rn:R04101" type="irreversible">
        <substrate name="cpd:C06387"/>
        <product name="cpd:C02949"/>
    </reaction>
    <reaction name="rn:R01301" type="irreversible">
        <substrate name="cpd:C02949"/>
        <product name="cpd:C00156"/>
    </reaction>
    <reaction name="rn:R01306" type="irreversible">
        <substrate name="cpd:C02519"/>
        <product name="cpd:C00156"/>
    </reaction>
    <reaction name="rn:R01636" type="irreversible">
        <substrate name="cpd:C02236"/>
        <product name="cpd:C00230"/>
    </reaction>
    <reaction name="rn:R05272" type="irreversible">
        <substrate name="cpd:C06679"/>
        <product name="cpd:C02236"/>
    </reaction>
    <reaction name="rn:R05271" type="irreversible">
        <substrate name="cpd:C06678"/>
        <product name="cpd:C06679"/>
    </reaction>
    <reaction name="rn:R05281" type="irreversible">
        <substrate name="cpd:C06677"/>
        <product name="cpd:C06678"/>
    </reaction>
    <reaction name="rn:R01296" type="irreversible">
        <substrate name="cpd:C00156"/>
        <product name="cpd:C00230"/>
    </reaction>
    <reaction name="rn:R01298" type="irreversible">
        <substrate name="cpd:C00156"/>
        <product name="cpd:C00230"/>
    </reaction>
    <reaction name="rn:R01633" type="irreversible">
        <substrate name="cpd:C06318"/>
        <product name="cpd:C00230"/>
    </reaction>
    <reaction name="rn:R05148" type="irreversible">
        <substrate name="cpd:C06337"/>
        <product name="cpd:C06318"/>
    </reaction>
    <reaction name="rn:R05274" type="irreversible">
        <substrate name="cpd:C06672"/>
        <product name="cpd:C00230"/>
    </reaction>
    <reaction name="rn:R05699" type="irreversible">
        <substrate name="cpd:C00755"/>
        <product name="cpd:C06672"/>
    </reaction>
    <reaction name="rn:R02877" type="irreversible">
        <substrate name="cpd:C06317"/>
        <product name="cpd:C00755"/>
    </reaction>
    <reaction name="rn:R03630" type="irreversible">
        <substrate name="cpd:C01606"/>
        <product name="cpd:C04783"/>
    </reaction>
    <reaction name="rn:R05275" type="irreversible">
        <substrate name="cpd:C04783"/>
        <product name="cpd:C03233"/>
    </reaction>
    <reaction name="rn:R01635" type="irreversible">
        <substrate name="cpd:C03233"/>
        <product name="cpd:C00230"/>
    </reaction>
    <reaction name="rn:R05280" type="irreversible">
        <substrate name="cpd:C00568"/>
        <product name="cpd:C00230"/>
    </reaction>
    <reaction name="rn:R05277" type="irreversible">
        <substrate name="cpd:C06673"/>
        <product name="cpd:C00568"/>
        <product name="cpd:C06335"/>
    </reaction>
    <reaction name="rn:R02561" type="irreversible">
        <substrate name="cpd:C00568"/>
        <product name="cpd:C02372"/>
    </reaction>
    <reaction name="rn:R02562" type="irreversible">
        <substrate name="cpd:C00568"/>
        <product name="cpd:C02372"/>
    </reaction>
    <reaction name="rn:R05375" type="irreversible">
        <substrate name="cpd:C06680"/>
        <product name="cpd:C00587"/>
    </reaction>
    <reaction name="rn:R01628" type="irreversible">
        <substrate name="cpd:C00587"/>
        <product name="cpd:C00230"/>
    </reaction>
    <reaction name="rn:R05279" type="irreversible">
        <substrate name="cpd:C06335"/>
        <product name="cpd:C06674"/>
    </reaction>
    <reaction name="rn:R01632" type="irreversible">
        <substrate name="cpd:C00230"/>
        <product name="cpd:C04484"/>
    </reaction>
    <reaction name="rn:R01631" type="irreversible">
        <substrate name="cpd:C00230"/>
        <product name="cpd:C01163"/>
    </reaction>
    <reaction name="rn:R05278" type="irreversible">
        <substrate name="cpd:C06674"/>
        <product name="cpd:C06675"/>
    </reaction>
    <reaction name="rn:R05394" type="irreversible">
        <substrate name="cpd:C06675"/>
        <product name="cpd:C06676"/>
    </reaction>
    <reaction name="rn:R05420" type="irreversible">
        <substrate name="cpd:C06676"/>
        <product name="cpd:C02222"/>
    </reaction>
</pathway>
