<?xml version="1.0"?>
<!DOCTYPE pathway SYSTEM "http://www.genome.jp/kegg/xml/KGML_v0.6.1_.dtd">
<!-- Creation date: Feb 03 2009 03:40:58 +0900 (JST) -->
<pathway name="path:map04540" org="map" number="04540"
         title="Gap junction"
         image="http://www.genome.jp/kegg/pathway/map/map04540.gif"
         link="http://www.genome.jp/dbget-bin/show_pathway?map04540">
    <entry id="1" name="cpd:C00681" type="compound"
        link="http://www.genome.jp/dbget-bin/www_bget?compound+C00681">
        <graphics name="C00681" fgcolor="#000000" bgcolor="#FFFFFF"
             type="circle" x="216" y="129" width="8" height="8"/>
    </entry>
    <entry id="2" name="vg:NC_001407_4" type="other"
        link="http://www.genome.jp/dbget-bin/www_bget?vg+NC_001407_4">
        <graphics name="NC_001407_4" fgcolor="#000000" bgcolor="#FFFFFF"
             type="rectangle" x="581" y="274" width="46" height="17"/>
    </entry>
    <entry id="3" name="cpd:C00076" type="compound"
        link="http://www.genome.jp/dbget-bin/www_bget?compound+C00076">
        <graphics name="C00076" fgcolor="#000000" bgcolor="#FFFFFF"
             type="circle" x="691" y="633" width="8" height="8"/>
    </entry>
    <entry id="4" name="cpd:C01245" type="compound"
        link="http://www.genome.jp/dbget-bin/www_bget?compound+C01245">
        <graphics name="C01245" fgcolor="#000000" bgcolor="#FFFFFF"
             type="circle" x="619" y="705" width="8" height="8"/>
    </entry>
    <entry id="5" name="cpd:C00942" type="compound"
        link="http://www.genome.jp/dbget-bin/www_bget?compound+C00942">
        <graphics name="C00942" fgcolor="#000000" bgcolor="#FFFFFF"
             type="circle" x="770" y="600" width="8" height="8"/>
    </entry>
    <entry id="6" name="cpd:C00165" type="compound"
        link="http://www.genome.jp/dbget-bin/www_bget?compound+C00165">
        <graphics name="C00165" fgcolor="#000000" bgcolor="#FFFFFF"
             type="circle" x="620" y="634" width="8" height="8"/>
    </entry>
    <entry id="7" name="cpd:C00575" type="compound"
        link="http://www.genome.jp/dbget-bin/www_bget?compound+C00575">
        <graphics name="C00575" fgcolor="#000000" bgcolor="#FFFFFF"
             type="circle" x="557" y="600" width="8" height="8"/>
    </entry>
    <entry id="8" name="ko:K08959" type="ortholog"
        link="http://www.genome.jp/dbget-bin/www_bget?ko+K08959">
        <graphics name="K08959" fgcolor="#000000" bgcolor="#FFFFFF"
             type="rectangle" x="376" y="293" width="46" height="17"/>
    </entry>
    <entry id="9" name="ko:K02677" type="ortholog"
        link="http://www.genome.jp/dbget-bin/www_bget?ko+K02677">
        <graphics name="K02677" fgcolor="#000000" bgcolor="#FFFFFF"
             type="rectangle" x="669" y="488" width="46" height="17"/>
    </entry>
    <entry id="10" name="cpd:C00533" type="compound"
        link="http://www.genome.jp/dbget-bin/www_bget?compound+C00533">
        <graphics name="C00533" fgcolor="#000000" bgcolor="#FFFFFF"
             type="circle" x="217" y="774" width="8" height="8"/>
    </entry>
    <entry id="11" name="cpd:C00780" type="compound"
        link="http://www.genome.jp/dbget-bin/www_bget?compound+C00780">
        <graphics name="C00780" fgcolor="#000000" bgcolor="#FFFFFF"
             type="circle" x="216" y="687" width="8" height="8"/>
    </entry>
    <entry id="12" name="cpd:C00025" type="compound"
        link="http://www.genome.jp/dbget-bin/www_bget?compound+C00025">
        <graphics name="C00025" fgcolor="#000000" bgcolor="#FFFFFF"
             type="circle" x="216" y="718" width="8" height="8"/>
    </entry>
    <entry id="13" name="ko:K04630" type="ortholog"
        link="http://www.genome.jp/dbget-bin/www_bget?ko+K04630">
        <graphics name="K04630" fgcolor="#000000" bgcolor="#FFFFFF"
             type="rectangle" x="389" y="129" width="46" height="17"/>
    </entry>
    <entry id="14" name="ko:K07372 ko:K07373" type="ortholog"
        link="http://www.genome.jp/dbget-bin/www_bget?ko+K07372+K07373">
        <graphics name="K07372..." fgcolor="#000000" bgcolor="#FFFFFF"
             type="rectangle" x="296" y="435" width="46" height="17"/>
    </entry>
    <entry id="15" name="ko:K07372 ko:K07373" type="ortholog"
        link="http://www.genome.jp/dbget-bin/www_bget?ko+K07372+K07373">
        <graphics name="K07372..." fgcolor="#000000" bgcolor="#FFFFFF"
             type="rectangle" x="136" y="435" width="46" height="17"/>
    </entry>
    <entry id="16" name="ko:K07372 ko:K07373" type="ortholog"
        link="http://www.genome.jp/dbget-bin/www_bget?ko+K07372+K07373">
        <graphics name="K07372..." fgcolor="#000000" bgcolor="#FFFFFF"
             type="rectangle" x="296" y="368" width="46" height="17"/>
    </entry>
    <entry id="17" name="ko:K07372 ko:K07373" type="ortholog"
        link="http://www.genome.jp/dbget-bin/www_bget?ko+K07372+K07373">
        <graphics name="K07372..." fgcolor="#000000" bgcolor="#FFFFFF"
             type="rectangle" x="136" y="368" width="46" height="17"/>
    </entry>
    <entry id="18" name="ko:K07372" type="ortholog"
        link="http://www.genome.jp/dbget-bin/www_bget?ko+K07372">
        <graphics name="K07372" fgcolor="#000000" bgcolor="#FFFFFF"
             type="rectangle" x="296" y="267" width="46" height="17"/>
    </entry>
    <entry id="19" name="ko:K07372" type="ortholog"
        link="http://www.genome.jp/dbget-bin/www_bget?ko+K07372">
        <graphics name="K07372" fgcolor="#000000" bgcolor="#FFFFFF"
             type="rectangle" x="296" y="214" width="46" height="17"/>
    </entry>
    <entry id="20" name="ko:K07372" type="ortholog"
        link="http://www.genome.jp/dbget-bin/www_bget?ko+K07372">
        <graphics name="K07372" fgcolor="#000000" bgcolor="#FFFFFF"
             type="rectangle" x="136" y="285" width="46" height="17"/>
    </entry>
    <entry id="21" name="cpd:C03758" type="compound"
        link="http://www.genome.jp/dbget-bin/www_bget?compound+C03758">
        <graphics name="C03758" fgcolor="#000000" bgcolor="#FFFFFF"
             type="circle" x="217" y="634" width="8" height="8"/>
    </entry>
    <entry id="22" name="cpd:C00547" type="compound"
        link="http://www.genome.jp/dbget-bin/www_bget?compound+C00547">
        <graphics name="C00547" fgcolor="#000000" bgcolor="#FFFFFF"
             type="circle" x="217" y="582" width="8" height="8"/>
    </entry>
    <entry id="23" name="ko:K04464" type="ortholog"
        link="http://www.genome.jp/dbget-bin/www_bget?ko+K04464">
        <graphics name="K04464" fgcolor="#000000" bgcolor="#FFFFFF"
             type="rectangle" x="662" y="286" width="46" height="17"/>
    </entry>
    <entry id="24" name="ko:K04420" type="ortholog"
        link="http://www.genome.jp/dbget-bin/www_bget?ko+K04420">
        <graphics name="K04420" fgcolor="#000000" bgcolor="#FFFFFF"
             type="rectangle" x="636" y="230" width="46" height="17"/>
    </entry>
    <entry id="25" name="ko:K04463" type="ortholog"
        link="http://www.genome.jp/dbget-bin/www_bget?ko+K04463">
        <graphics name="K04463" fgcolor="#000000" bgcolor="#FFFFFF"
             type="rectangle" x="714" y="230" width="46" height="17"/>
    </entry>
    <entry id="26" name="ko:K07376" type="ortholog"
        link="http://www.genome.jp/dbget-bin/www_bget?ko+K07376">
        <graphics name="K07376" fgcolor="#000000" bgcolor="#FFFFFF"
             type="rectangle" x="743" y="475" width="46" height="17"/>
    </entry>
    <entry id="27" name="ko:K04157 ko:K04158 ko:K04159" type="ortholog"
        link="http://www.genome.jp/dbget-bin/www_bget?ko+K04157+K04158+K04159">
        <graphics name="K04157..." fgcolor="#000000" bgcolor="#FFFFFF"
             type="rectangle" x="296" y="687" width="46" height="17"/>
    </entry>
    <entry id="28" name="ko:K02087" type="ortholog"
        link="http://www.genome.jp/dbget-bin/www_bget?ko+K02087">
        <graphics name="K02087" fgcolor="#000000" bgcolor="#FFFFFF"
             type="rectangle" x="365" y="496" width="46" height="17"/>
    </entry>
    <entry id="29" name="ko:K04289" type="ortholog"
        link="http://www.genome.jp/dbget-bin/www_bget?ko+K04289">
        <graphics name="K04289" fgcolor="#000000" bgcolor="#FFFFFF"
             type="rectangle" x="296" y="129" width="46" height="17"/>
    </entry>
    <entry id="30" name="ko:K04345" type="ortholog"
        link="http://www.genome.jp/dbget-bin/www_bget?ko+K04345">
        <graphics name="K04345" fgcolor="#000000" bgcolor="#FFFFFF"
             type="rectangle" x="598" y="500" width="46" height="17"/>
    </entry>
    <entry id="31" name="ko:K05701" type="ortholog"
        link="http://www.genome.jp/dbget-bin/www_bget?ko+K05701">
        <graphics name="K05701" fgcolor="#000000" bgcolor="#FFFFFF"
             type="rectangle" x="439" y="496" width="46" height="17"/>
    </entry>
    <entry id="32" name="ko:K07375" type="ortholog"
        link="http://www.genome.jp/dbget-bin/www_bget?ko+K07375">
        <graphics name="K07375" fgcolor="#000000" bgcolor="#FFFFFF"
             type="rectangle" x="376" y="225" width="46" height="17"/>
    </entry>
    <entry id="33" name="ko:K08041 ko:K08042 ko:K08043 ko:K08044 ko:K08045 ko:K08046 ko:K08047 ko:K08048 ko:K08049" type="ortholog"
        link="http://www.genome.jp/dbget-bin/www_bget?ko+K08041+K08042+K08043+K08044+K08045+K08046+K08047+K08048+K08049">
        <graphics name="K08041..." fgcolor="#000000" bgcolor="#FFFFFF"
             type="rectangle" x="476" y="599" width="46" height="17"/>
    </entry>
    <entry id="34" name="ko:K05704" type="ortholog"
        link="http://www.genome.jp/dbget-bin/www_bget?ko+K05704">
        <graphics name="K05704" fgcolor="#000000" bgcolor="#FFFFFF"
             type="rectangle" x="558" y="230" width="46" height="17"/>
    </entry>
    <entry id="35" name="ko:K07374" type="ortholog"
        link="http://www.genome.jp/dbget-bin/www_bget?ko+K07374">
        <graphics name="K07374" fgcolor="#000000" bgcolor="#FFFFFF"
             type="rectangle" x="376" y="203" width="46" height="17"/>
    </entry>
    <entry id="36" name="ko:K07372" type="ortholog"
        link="http://www.genome.jp/dbget-bin/www_bget?ko+K07372">
        <graphics name="K07372" fgcolor="#000000" bgcolor="#FFFFFF"
             type="rectangle" x="136" y="232" width="46" height="17"/>
    </entry>
    <entry id="37" name="ko:K01769" type="ortholog"
        link="http://www.genome.jp/dbget-bin/www_bget?ko+K01769">
        <graphics name="K01769" fgcolor="#000000" bgcolor="#FFFFFF"
             type="rectangle" x="812" y="774" width="46" height="17"/>
    </entry>
    <entry id="38" name="ko:K04371" type="ortholog"
        link="http://www.genome.jp/dbget-bin/www_bget?ko+K04371">
        <graphics name="K04371" fgcolor="#000000" bgcolor="#FFFFFF"
             type="rectangle" x="743" y="303" width="46" height="17"/>
    </entry>
    <entry id="39" name="ko:K04368 ko:K04369" type="ortholog"
        link="http://www.genome.jp/dbget-bin/www_bget?ko+K04368+K04369">
        <graphics name="K04368..." fgcolor="#000000" bgcolor="#FFFFFF"
             type="rectangle" x="812" y="147" width="46" height="17"/>
    </entry>
    <entry id="40" name="ko:K04366" type="ortholog"
        link="http://www.genome.jp/dbget-bin/www_bget?ko+K04366">
        <graphics name="K04366" fgcolor="#000000" bgcolor="#FFFFFF"
             type="rectangle" x="691" y="147" width="46" height="17"/>
    </entry>
    <entry id="41" name="ko:K02833 ko:K07827 ko:K07828" type="ortholog"
        link="http://www.genome.jp/dbget-bin/www_bget?ko+K02833+K07827+K07828">
        <graphics name="K02833..." fgcolor="#000000" bgcolor="#FFFFFF"
             type="rectangle" x="569" y="147" width="46" height="17"/>
    </entry>
    <entry id="42" name="ko:K03099" type="ortholog"
        link="http://www.genome.jp/dbget-bin/www_bget?ko+K03099">
        <graphics name="K03099" fgcolor="#000000" bgcolor="#FFFFFF"
             type="rectangle" x="473" y="162" width="46" height="17"/>
    </entry>
    <entry id="43" name="ko:K04364" type="ortholog"
        link="http://www.genome.jp/dbget-bin/www_bget?ko+K04364">
        <graphics name="K04364" fgcolor="#000000" bgcolor="#FFFFFF"
             type="rectangle" x="389" y="162" width="46" height="17"/>
    </entry>
    <entry id="44" name="ko:K04361 ko:K04363 ko:K05089" type="ortholog"
        link="http://www.genome.jp/dbget-bin/www_bget?ko+K04361+K04363+K05089">
        <graphics name="K04361..." fgcolor="#000000" bgcolor="#FFFFFF"
             type="rectangle" x="296" y="162" width="46" height="17"/>
    </entry>
    <entry id="45" name="ko:K04357 ko:K04359 ko:K05450" type="ortholog"
        link="http://www.genome.jp/dbget-bin/www_bget?ko+K04357+K04359+K05450">
        <graphics name="K04357..." fgcolor="#000000" bgcolor="#FFFFFF"
             type="rectangle" x="215" y="162" width="46" height="17"/>
    </entry>
    <entry id="46" name="ko:K04141" type="ortholog"
        link="http://www.genome.jp/dbget-bin/www_bget?ko+K04141">
        <graphics name="K04141" fgcolor="#000000" bgcolor="#FFFFFF"
             type="rectangle" x="296" y="582" width="46" height="17"/>
    </entry>
    <entry id="47" name="ko:K04632" type="ortholog"
        link="http://www.genome.jp/dbget-bin/www_bget?ko+K04632">
        <graphics name="K04632" fgcolor="#000000" bgcolor="#FFFFFF"
             type="rectangle" x="388" y="599" width="46" height="17"/>
    </entry>
    <entry id="48" name="ko:K04634 ko:K04635" type="ortholog"
        link="http://www.genome.jp/dbget-bin/www_bget?ko+K04634+K04635">
        <graphics name="K04634..." fgcolor="#000000" bgcolor="#FFFFFF"
             type="rectangle" x="388" y="704" width="46" height="17"/>
    </entry>
    <entry id="49" name="ko:K04630" type="ortholog"
        link="http://www.genome.jp/dbget-bin/www_bget?ko+K04630">
        <graphics name="K04630" fgcolor="#000000" bgcolor="#FFFFFF"
             type="rectangle" x="388" y="652" width="46" height="17"/>
    </entry>
    <entry id="50" name="ko:K04603 ko:K04604" type="ortholog"
        link="http://www.genome.jp/dbget-bin/www_bget?ko+K04603+K04604">
        <graphics name="K04603..." fgcolor="#000000" bgcolor="#FFFFFF"
             type="rectangle" x="296" y="718" width="46" height="17"/>
    </entry>
    <entry id="51" name="ko:K04145" type="ortholog"
        link="http://www.genome.jp/dbget-bin/www_bget?ko+K04145">
        <graphics name="K04145" fgcolor="#000000" bgcolor="#FFFFFF"
             type="rectangle" x="296" y="652" width="46" height="17"/>
    </entry>
    <entry id="52" name="ko:K05858" type="ortholog"
        link="http://www.genome.jp/dbget-bin/www_bget?ko+K05858">
        <graphics name="K05858" fgcolor="#000000" bgcolor="#FFFFFF"
             type="rectangle" x="537" y="704" width="46" height="17"/>
    </entry>
    <entry id="53" name="ko:K04144" type="ortholog"
        link="http://www.genome.jp/dbget-bin/www_bget?ko+K04144">
        <graphics name="K04144" fgcolor="#000000" bgcolor="#FFFFFF"
             type="rectangle" x="296" y="617" width="46" height="17"/>
    </entry>
    <entry id="54" name="ko:K04958 ko:K04959 ko:K04960" type="ortholog"
        link="http://www.genome.jp/dbget-bin/www_bget?ko+K04958+K04959+K04960">
        <graphics name="K04958..." fgcolor="#000000" bgcolor="#FFFFFF"
             type="rectangle" x="700" y="704" width="46" height="17"/>
    </entry>
    <entry id="55" name="path:map04540" type="map"
        link="http://www.genome.jp/dbget-bin/get_linkdb?pathway+map04540">
        <graphics name="TITLE:Gap junction" fgcolor="#000000" bgcolor="#FFFFFF"
             type="roundrectangle" x="130" y="67" width="141" height="25"/>
    </entry>
    <entry id="56" name="path:map04060" type="map"
        link="http://www.genome.jp/kegg/pathway/map/map04060.html">
        <graphics name="Cytokine-cytokine receptor interaction" fgcolor="#000000" bgcolor="#FFFFFF"
             type="roundrectangle" x="118" y="152" width="110" height="45"/>
    </entry>
    <entry id="57" name="path:map04080" type="map"
        link="http://www.genome.jp/kegg/pathway/map/map04080.html">
        <graphics name="Neuroactive ligand-receptor interaction" fgcolor="#000000" bgcolor="#FFFFFF"
             type="roundrectangle" x="119" y="634" width="114" height="45"/>
    </entry>
    <entry id="58" name="path:map04070" type="map"
        link="http://www.genome.jp/kegg/pathway/map/map04070.html">
        <graphics name="Phosphatidylinositol signaling system" fgcolor="#000000" bgcolor="#FFFFFF"
             type="roundrectangle" x="520" y="657" width="110" height="34"/>
    </entry>
    <entry id="59" name="path:map04020" type="map"
        link="http://www.genome.jp/kegg/pathway/map/map04020.html">
        <graphics name="Calcium signaling pathway" fgcolor="#000000" bgcolor="#FFFFFF"
             type="roundrectangle" x="609" y="742" width="113" height="34"/>
    </entry>
    <entry id="60" name="path:map04010" type="map"
        link="http://www.genome.jp/kegg/pathway/map/map04010.html">
        <graphics name="MAPK signaling pathway" fgcolor="#000000" bgcolor="#FFFFFF"
             type="roundrectangle" x="648" y="191" width="112" height="34"/>
    </entry>
    <relation entry1="33" entry2="30" type="PPrel">
        <subtype name="compound" value="7"/>
    </relation>
    <relation entry1="52" entry2="9" type="PPrel">
        <subtype name="compound" value="6"/>
    </relation>
    <relation entry1="52" entry2="54" type="PPrel">
        <subtype name="compound" value="4"/>
    </relation>
    <relation entry1="54" entry2="9" type="PPrel">
        <subtype name="compound" value="3"/>
    </relation>
    <relation entry1="37" entry2="26" type="PPrel">
        <subtype name="compound" value="5"/>
    </relation>
    <relation entry1="29" entry2="1" type="PCrel"/>
    <relation entry1="46" entry2="22" type="PCrel"/>
    <relation entry1="53" entry2="21" type="PCrel"/>
    <relation entry1="51" entry2="21" type="PCrel"/>
    <relation entry1="27" entry2="11" type="PCrel"/>
    <relation entry1="50" entry2="12" type="PCrel"/>
    <relation entry1="37" entry2="10" type="PCrel"/>
    <relation entry1="29" entry2="13" type="PPrel">
        <subtype name="activation" value="-->"/>
    </relation>
    <relation entry1="13" entry2="41" type="PPrel">
        <subtype name="activation" value="-->"/>
    </relation>
    <relation entry1="41" entry2="40" type="PPrel">
        <subtype name="activation" value="-->"/>
    </relation>
    <relation entry1="40" entry2="39" type="PPrel">
        <subtype name="activation" value="-->"/>
    </relation>
    <relation entry1="39" entry2="38" type="PPrel">
        <subtype name="activation" value="-->"/>
    </relation>
    <relation entry1="45" entry2="44" type="PPrel">
        <subtype name="activation" value="-->"/>
    </relation>
    <relation entry1="44" entry2="43" type="PPrel">
        <subtype name="activation" value="-->"/>
    </relation>
    <relation entry1="43" entry2="42" type="PPrel">
        <subtype name="activation" value="-->"/>
    </relation>
    <relation entry1="42" entry2="41" type="PPrel">
        <subtype name="activation" value="-->"/>
    </relation>
    <relation entry1="44" entry2="34" type="PPrel">
        <subtype name="activation" value="-->"/>
    </relation>
    <relation entry1="34" entry2="24" type="PPrel">
        <subtype name="activation" value="-->"/>
    </relation>
    <relation entry1="24" entry2="25" type="PPrel">
        <subtype name="activation" value="-->"/>
    </relation>
    <relation entry1="25" entry2="23" type="PPrel">
        <subtype name="activation" value="-->"/>
    </relation>
    <relation entry1="46" entry2="47" type="PPrel">
        <subtype name="activation" value="-->"/>
    </relation>
    <relation entry1="53" entry2="47" type="PPrel">
        <subtype name="activation" value="-->"/>
    </relation>
    <relation entry1="47" entry2="33" type="PPrel">
        <subtype name="activation" value="-->"/>
    </relation>
    <relation entry1="51" entry2="49" type="PPrel">
        <subtype name="activation" value="-->"/>
    </relation>
    <relation entry1="27" entry2="48" type="PPrel">
        <subtype name="activation" value="-->"/>
    </relation>
    <relation entry1="50" entry2="48" type="PPrel">
        <subtype name="activation" value="-->"/>
    </relation>
    <relation entry1="48" entry2="52" type="PPrel">
        <subtype name="activation" value="-->"/>
    </relation>
    <relation entry1="20" entry2="36" type="PPrel">
        <subtype name="binding/association" value="---"/>
    </relation>
    <relation entry1="18" entry2="19" type="PPrel">
        <subtype name="binding/association" value="---"/>
    </relation>
    <relation entry1="19" entry2="35" type="PPrel">
        <subtype name="binding/association" value="---"/>
    </relation>
    <relation entry1="19" entry2="32" type="PPrel">
        <subtype name="binding/association" value="---"/>
    </relation>
    <relation entry1="15" entry2="17" type="PPrel">
        <subtype name="binding/association" value="---"/>
    </relation>
    <relation entry1="16" entry2="17" type="PPrel">
        <subtype name="binding/association" value="---"/>
    </relation>
    <relation entry1="14" entry2="16" type="PPrel">
        <subtype name="binding/association" value="---"/>
    </relation>
    <relation entry1="14" entry2="15" type="PPrel">
        <subtype name="binding/association" value="---"/>
    </relation>
    <relation entry1="8" entry2="18" type="PPrel">
        <subtype name="activation" value="-->"/>
        <subtype name="phosphorylation" value="+p"/>
    </relation>
    <relation entry1="49" entry2="33" type="PPrel">
        <subtype name="inhibition" value="--|"/>
    </relation>
    <relation entry1="26" entry2="14" type="PPrel">
        <subtype name="indirect" value="..>"/>
    </relation>
    <relation entry1="9" entry2="14" type="PPrel">
        <subtype name="indirect" value="..>"/>
    </relation>
    <relation entry1="30" entry2="14" type="PPrel">
        <subtype name="indirect" value="..>"/>
    </relation>
    <relation entry1="14" entry2="31" type="PPrel">
        <subtype name="binding/association" value="---"/>
    </relation>
    <relation entry1="34" entry2="16" type="PPrel">
        <subtype name="indirect" value="..>"/>
    </relation>
    <relation entry1="2" entry2="16" type="PPrel">
        <subtype name="inhibition" value="--|"/>
        <subtype name="phosphorylation" value="+p"/>
    </relation>
    <relation entry1="23" entry2="16" type="PPrel">
        <subtype name="inhibition" value="--|"/>
        <subtype name="phosphorylation" value="+p"/>
    </relation>
    <relation entry1="38" entry2="16" type="PPrel">
        <subtype name="inhibition" value="--|"/>
        <subtype name="phosphorylation" value="+p"/>
    </relation>
    <relation entry1="28" entry2="14" type="PPrel">
        <subtype name="inhibition" value="--|"/>
        <subtype name="phosphorylation" value="+p"/>
    </relation>
    <relation entry1="30" entry2="16" type="PPrel">
        <subtype name="indirect" value="..>"/>
    </relation>
    <relation entry1="9" entry2="16" type="PPrel">
        <subtype name="indirect" value="..>"/>
    </relation>
    <relation entry1="26" entry2="16" type="PPrel">
        <subtype name="indirect" value="..>"/>
    </relation>
    <relation entry1="2" entry2="14" type="PPrel">
        <subtype name="inhibition" value="--|"/>
        <subtype name="phosphorylation" value="+p"/>
    </relation>
    <relation entry1="23" entry2="14" type="PPrel">
        <subtype name="inhibition" value="--|"/>
        <subtype name="phosphorylation" value="+p"/>
    </relation>
    <relation entry1="38" entry2="14" type="PPrel">
        <subtype name="inhibition" value="--|"/>
        <subtype name="phosphorylation" value="+p"/>
    </relation>
    <relation entry1="34" entry2="14" type="PPrel">
        <subtype name="indirect" value="..>"/>
    </relation>
</pathway>
