<?xml version="1.0"?>
<!DOCTYPE pathway SYSTEM "http://www.genome.jp/kegg/xml/KGML_v0.6.1_.dtd">
<!-- Creation date: Mar 21 2009 02:44:23 +0900 (JST) -->
<pathway name="path:map04120" org="map" number="04120"
         title="Ubiquitin mediated proteolysis"
         image="http://www.genome.jp/kegg/pathway/map/map04120.gif"
         link="http://www.genome.jp/dbget-bin/show_pathway?map04120">
    <entry id="1" name="ko:K10685" type="ortholog"
        link="http://www.genome.jp/dbget-bin/www_bget?ko+K10685">
        <graphics name="K10685" fgcolor="#000000" bgcolor="#FFFFFF"
             type="rectangle" x="266" y="367" width="46" height="17"/>
    </entry>
    <entry id="2" name="ko:K10684" type="ortholog"
        link="http://www.genome.jp/dbget-bin/www_bget?ko+K10684">
        <graphics name="K10684" fgcolor="#000000" bgcolor="#FFFFFF"
             type="rectangle" x="212" y="367" width="46" height="17"/>
    </entry>
    <entry id="3" name="ko:K03872" type="ortholog"
        link="http://www.genome.jp/dbget-bin/www_bget?ko+K03872">
        <graphics name="K03872" fgcolor="#000000" bgcolor="#FFFFFF"
             type="rectangle" x="467" y="1004" width="46" height="17"/>
    </entry>
    <entry id="4" name="ko:K03868" type="ortholog"
        link="http://www.genome.jp/dbget-bin/www_bget?ko+K03868">
        <graphics name="K03868" fgcolor="#000000" bgcolor="#FFFFFF"
             type="rectangle" x="375" y="1035" width="46" height="17"/>
    </entry>
    <entry id="5" name="ko:K03868" type="ortholog"
        link="http://www.genome.jp/dbget-bin/www_bget?ko+K03868">
        <graphics name="K03868" fgcolor="#000000" bgcolor="#FFFFFF"
             type="rectangle" x="375" y="944" width="46" height="17"/>
    </entry>
    <entry id="6" name="ko:K03868" type="ortholog"
        link="http://www.genome.jp/dbget-bin/www_bget?ko+K03868">
        <graphics name="K03868" fgcolor="#000000" bgcolor="#FFFFFF"
             type="rectangle" x="375" y="902" width="46" height="17"/>
    </entry>
    <entry id="7" name="ko:K03868" type="ortholog"
        link="http://www.genome.jp/dbget-bin/www_bget?ko+K03868">
        <graphics name="K03868" fgcolor="#000000" bgcolor="#FFFFFF"
             type="rectangle" x="375" y="858" width="46" height="17"/>
    </entry>
    <entry id="8" name="ko:K03360 ko:K03361 ko:K03362 ko:K03875 ko:K10099 ko:K10259 ko:K10260 ko:K10291" type="ortholog"
        link="http://www.genome.jp/dbget-bin/www_bget?ko+K03360+K03361+K03362+K03875+K10099+K10259+K10260+K10291">
        <graphics name="K03360..." fgcolor="#000000" bgcolor="#FFFFFF"
             type="rectangle" x="513" y="814" width="46" height="17"/>
    </entry>
    <entry id="9" name="ko:K10140 ko:K10143 ko:K10570 ko:K10571" type="ortholog"
        link="http://www.genome.jp/dbget-bin/www_bget?ko+K10140+K10143+K10570+K10571">
        <graphics name="K10140..." fgcolor="#000000" bgcolor="#FFFFFF"
             type="rectangle" x="513" y="944" width="46" height="17"/>
    </entry>
    <entry id="10" name="ko:K10688" type="ortholog"
        link="http://www.genome.jp/dbget-bin/www_bget?ko+K10688">
        <graphics name="K10688" fgcolor="#000000" bgcolor="#FFFFFF"
             type="rectangle" x="731" y="418" width="46" height="17"/>
    </entry>
    <entry id="11" name="ko:K10686" type="ortholog"
        link="http://www.genome.jp/dbget-bin/www_bget?ko+K10686">
        <graphics name="K10686" fgcolor="#000000" bgcolor="#FFFFFF"
             type="rectangle" x="320" y="367" width="46" height="17"/>
    </entry>
    <entry id="12" name="ko:K03357" type="ortholog"
        link="http://www.genome.jp/dbget-bin/www_bget?ko+K03357">
        <graphics name="K03357" fgcolor="#000000" bgcolor="#FFFFFF"
             type="rectangle" x="941" y="882" width="46" height="17"/>
    </entry>
    <entry id="13" name="ko:K03355" type="ortholog"
        link="http://www.genome.jp/dbget-bin/www_bget?ko+K03355">
        <graphics name="K03355" fgcolor="#000000" bgcolor="#FFFFFF"
             type="rectangle" x="941" y="865" width="46" height="17"/>
    </entry>
    <entry id="14" name="ko:K03353" type="ortholog"
        link="http://www.genome.jp/dbget-bin/www_bget?ko+K03353">
        <graphics name="K03353" fgcolor="#000000" bgcolor="#FFFFFF"
             type="rectangle" x="941" y="848" width="46" height="17"/>
    </entry>
    <entry id="15" name="ko:K03352" type="ortholog"
        link="http://www.genome.jp/dbget-bin/www_bget?ko+K03352">
        <graphics name="K03352" fgcolor="#000000" bgcolor="#FFFFFF"
             type="rectangle" x="987" y="831" width="46" height="17"/>
    </entry>
    <entry id="16" name="ko:K03351" type="ortholog"
        link="http://www.genome.jp/dbget-bin/www_bget?ko+K03351">
        <graphics name="K03351" fgcolor="#000000" bgcolor="#FFFFFF"
             type="rectangle" x="941" y="831" width="46" height="17"/>
    </entry>
    <entry id="17" name="ko:K03350" type="ortholog"
        link="http://www.genome.jp/dbget-bin/www_bget?ko+K03350">
        <graphics name="K03350" fgcolor="#000000" bgcolor="#FFFFFF"
             type="rectangle" x="987" y="814" width="46" height="17"/>
    </entry>
    <entry id="18" name="ko:K03348" type="ortholog"
        link="http://www.genome.jp/dbget-bin/www_bget?ko+K03348">
        <graphics name="K03348" fgcolor="#000000" bgcolor="#FFFFFF"
             type="rectangle" x="941" y="814" width="46" height="17"/>
    </entry>
    <entry id="19" name="ko:K03364" type="ortholog"
        link="http://www.genome.jp/dbget-bin/www_bget?ko+K03364">
        <graphics name="K03364" fgcolor="#000000" bgcolor="#FFFFFF"
             type="rectangle" x="895" y="831" width="46" height="17"/>
    </entry>
    <entry id="20" name="ko:K03363" type="ortholog"
        link="http://www.genome.jp/dbget-bin/www_bget?ko+K03363">
        <graphics name="K03363" fgcolor="#000000" bgcolor="#FFFFFF"
             type="rectangle" x="895" y="814" width="46" height="17"/>
    </entry>
    <entry id="21" name="ko:K03349" type="ortholog"
        link="http://www.genome.jp/dbget-bin/www_bget?ko+K03349">
        <graphics name="K03349" fgcolor="#000000" bgcolor="#FFFFFF"
             type="rectangle" x="803" y="814" width="46" height="17"/>
    </entry>
    <entry id="22" name="ko:K03358" type="ortholog"
        link="http://www.genome.jp/dbget-bin/www_bget?ko+K03358">
        <graphics name="K03358" fgcolor="#000000" bgcolor="#FFFFFF"
             type="rectangle" x="757" y="814" width="46" height="17"/>
    </entry>
    <entry id="23" name="ko:K03872" type="ortholog"
        link="http://www.genome.jp/dbget-bin/www_bget?ko+K03872">
        <graphics name="K03872" fgcolor="#000000" bgcolor="#FFFFFF"
             type="rectangle" x="467" y="875" width="46" height="17"/>
    </entry>
    <entry id="24" name="ko:K03869" type="ortholog"
        link="http://www.genome.jp/dbget-bin/www_bget?ko+K03869">
        <graphics name="K03869" fgcolor="#000000" bgcolor="#FFFFFF"
             type="rectangle" x="420" y="902" width="46" height="17"/>
    </entry>
    <entry id="25" name="ko:K03094" type="ortholog"
        link="http://www.genome.jp/dbget-bin/www_bget?ko+K03094">
        <graphics name="K03094" fgcolor="#000000" bgcolor="#FFFFFF"
             type="rectangle" x="467" y="1035" width="46" height="17"/>
    </entry>
    <entry id="26" name="ko:K03094" type="ortholog"
        link="http://www.genome.jp/dbget-bin/www_bget?ko+K03094">
        <graphics name="K03094" fgcolor="#000000" bgcolor="#FFFFFF"
             type="rectangle" x="467" y="814" width="46" height="17"/>
    </entry>
    <entry id="27" name="ko:K03347" type="ortholog"
        link="http://www.genome.jp/dbget-bin/www_bget?ko+K03347">
        <graphics name="K03347" fgcolor="#000000" bgcolor="#FFFFFF"
             type="rectangle" x="421" y="814" width="46" height="17"/>
    </entry>
    <entry id="28" name="ko:K03868" type="ortholog"
        link="http://www.genome.jp/dbget-bin/www_bget?ko+K03868">
        <graphics name="K03868" fgcolor="#000000" bgcolor="#FFFFFF"
             type="rectangle" x="375" y="814" width="46" height="17"/>
    </entry>
    <entry id="29" name="ko:K10610" type="ortholog"
        link="http://www.genome.jp/dbget-bin/www_bget?ko+K10610">
        <graphics name="K10610" fgcolor="#000000" bgcolor="#FFFFFF"
             type="rectangle" x="467" y="944" width="46" height="17"/>
    </entry>
    <entry id="30" name="ko:K10601" type="ortholog"
        link="http://www.genome.jp/dbget-bin/www_bget?ko+K10601">
        <graphics name="K10601" fgcolor="#000000" bgcolor="#FFFFFF"
             type="rectangle" x="861" y="680" width="46" height="17"/>
    </entry>
    <entry id="31" name="ko:K10599" type="ortholog"
        link="http://www.genome.jp/dbget-bin/www_bget?ko+K10599">
        <graphics name="K10599" fgcolor="#000000" bgcolor="#FFFFFF"
             type="rectangle" x="470" y="680" width="46" height="17"/>
    </entry>
    <entry id="32" name="ko:K06689" type="ortholog"
        link="http://www.genome.jp/dbget-bin/www_bget?ko+K06689">
        <graphics name="K06689" fgcolor="#000000" bgcolor="#FFFFFF"
             type="rectangle" x="674" y="366" width="46" height="17"/>
    </entry>
    <entry id="33" name="ko:K10580" type="ortholog"
        link="http://www.genome.jp/dbget-bin/www_bget?ko+K10580">
        <graphics name="K10580" fgcolor="#000000" bgcolor="#FFFFFF"
             type="rectangle" x="847" y="392" width="46" height="17"/>
    </entry>
    <entry id="34" name="ko:K10589" type="ortholog"
        link="http://www.genome.jp/dbget-bin/www_bget?ko+K10589">
        <graphics name="K10589" fgcolor="#000000" bgcolor="#FFFFFF"
             type="rectangle" x="212" y="651" width="46" height="17"/>
    </entry>
    <entry id="35" name="ko:K10578" type="ortholog"
        link="http://www.genome.jp/dbget-bin/www_bget?ko+K10578">
        <graphics name="K10578" fgcolor="#000000" bgcolor="#FFFFFF"
             type="rectangle" x="558" y="392" width="46" height="17"/>
    </entry>
    <entry id="36" name="ko:K10583" type="ortholog"
        link="http://www.genome.jp/dbget-bin/www_bget?ko+K10583">
        <graphics name="K10583" fgcolor="#000000" bgcolor="#FFFFFF"
             type="rectangle" x="617" y="418" width="46" height="17"/>
    </entry>
    <entry id="37" name="ko:K06688" type="ortholog"
        link="http://www.genome.jp/dbget-bin/www_bget?ko+K06688">
        <graphics name="K06688" fgcolor="#000000" bgcolor="#FFFFFF"
             type="rectangle" x="616" y="366" width="46" height="17"/>
    </entry>
    <entry id="38" name="ko:K10573" type="ortholog"
        link="http://www.genome.jp/dbget-bin/www_bget?ko+K10573">
        <graphics name="K10573" fgcolor="#000000" bgcolor="#FFFFFF"
             type="rectangle" x="502" y="366" width="46" height="17"/>
    </entry>
    <entry id="39" name="ko:K04649" type="ortholog"
        link="http://www.genome.jp/dbget-bin/www_bget?ko+K04649">
        <graphics name="K04649" fgcolor="#000000" bgcolor="#FFFFFF"
             type="rectangle" x="847" y="418" width="46" height="17"/>
    </entry>
    <entry id="40" name="ko:K04555" type="ortholog"
        link="http://www.genome.jp/dbget-bin/www_bget?ko+K04555">
        <graphics name="K04555" fgcolor="#000000" bgcolor="#FFFFFF"
             type="rectangle" x="847" y="366" width="46" height="17"/>
    </entry>
    <entry id="41" name="ko:K10575" type="ortholog"
        link="http://www.genome.jp/dbget-bin/www_bget?ko+K10575">
        <graphics name="K10575" fgcolor="#000000" bgcolor="#FFFFFF"
             type="rectangle" x="790" y="366" width="46" height="17"/>
    </entry>
    <entry id="42" name="ko:K03178 ko:K10698 ko:K10699" type="ortholog"
        link="http://www.genome.jp/dbget-bin/www_bget?ko+K03178+K10698+K10699">
        <graphics name="K03178..." fgcolor="#000000" bgcolor="#FFFFFF"
             type="rectangle" x="157" y="367" width="46" height="17"/>
    </entry>
    <entry id="43" name="path:map03050" type="map"
        link="http://www.genome.jp/kegg/pathway/map/map03050.html">
        <graphics name="Proteasome" fgcolor="#000000" bgcolor="#FFFFFF"
             type="roundrectangle" x="768" y="144" width="90" height="25"/>
    </entry>
    <entry id="44" name="ko:K10598" type="ortholog"
        link="http://www.genome.jp/dbget-bin/www_bget?ko+K10598">
        <graphics name="K10598" fgcolor="#000000" bgcolor="#FFFFFF"
             type="rectangle" x="414" y="680" width="46" height="17"/>
    </entry>
    <entry id="45" name="ko:K02207" type="ortholog"
        link="http://www.genome.jp/dbget-bin/www_bget?ko+K02207">
        <graphics name="K02207" fgcolor="#000000" bgcolor="#FFFFFF"
             type="rectangle" x="559" y="417" width="46" height="17"/>
    </entry>
    <entry id="46" name="ko:K09561" type="ortholog"
        link="http://www.genome.jp/dbget-bin/www_bget?ko+K09561">
        <graphics name="K09561" fgcolor="#000000" bgcolor="#FFFFFF"
             type="rectangle" x="524" y="651" width="46" height="17"/>
    </entry>
    <entry id="47" name="ko:K10597" type="ortholog"
        link="http://www.genome.jp/dbget-bin/www_bget?ko+K10597">
        <graphics name="K10597" fgcolor="#000000" bgcolor="#FFFFFF"
             type="rectangle" x="469" y="651" width="46" height="17"/>
    </entry>
    <entry id="48" name="ko:K10590" type="ortholog"
        link="http://www.genome.jp/dbget-bin/www_bget?ko+K10590">
        <graphics name="K10590" fgcolor="#000000" bgcolor="#FFFFFF"
             type="rectangle" x="213" y="680" width="46" height="17"/>
    </entry>
    <entry id="49" name="ko:K10592" type="ortholog"
        link="http://www.genome.jp/dbget-bin/www_bget?ko+K10592">
        <graphics name="K10592" fgcolor="#000000" bgcolor="#FFFFFF"
             type="rectangle" x="322" y="680" width="46" height="17"/>
    </entry>
    <entry id="50" name="ko:K10585" type="ortholog"
        link="http://www.genome.jp/dbget-bin/www_bget?ko+K10585">
        <graphics name="K10585" fgcolor="#000000" bgcolor="#FFFFFF"
             type="rectangle" x="790" y="418" width="46" height="17"/>
    </entry>
    <entry id="51" name="ko:K10591" type="ortholog"
        link="http://www.genome.jp/dbget-bin/www_bget?ko+K10591">
        <graphics name="K10591" fgcolor="#000000" bgcolor="#FFFFFF"
             type="rectangle" x="268" y="680" width="46" height="17"/>
    </entry>
    <entry id="52" name="ko:K10582" type="ortholog"
        link="http://www.genome.jp/dbget-bin/www_bget?ko+K10582">
        <graphics name="K10582" fgcolor="#000000" bgcolor="#FFFFFF"
             type="rectangle" x="502" y="418" width="46" height="17"/>
    </entry>
    <entry id="53" name="ko:K10581" type="ortholog"
        link="http://www.genome.jp/dbget-bin/www_bget?ko+K10581">
        <graphics name="K10581" fgcolor="#000000" bgcolor="#FFFFFF"
             type="rectangle" x="906" y="392" width="46" height="17"/>
    </entry>
    <entry id="54" name="ko:K10579" type="ortholog"
        link="http://www.genome.jp/dbget-bin/www_bget?ko+K10579">
        <graphics name="K10579" fgcolor="#000000" bgcolor="#FFFFFF"
             type="rectangle" x="789" y="392" width="46" height="17"/>
    </entry>
    <entry id="55" name="ko:K10577" type="ortholog"
        link="http://www.genome.jp/dbget-bin/www_bget?ko+K10577">
        <graphics name="K10577" fgcolor="#000000" bgcolor="#FFFFFF"
             type="rectangle" x="502" y="393" width="46" height="17"/>
    </entry>
    <entry id="56" name="ko:K10576" type="ortholog"
        link="http://www.genome.jp/dbget-bin/www_bget?ko+K10576">
        <graphics name="K10576" fgcolor="#000000" bgcolor="#FFFFFF"
             type="rectangle" x="905" y="366" width="46" height="17"/>
    </entry>
    <entry id="57" name="path:map04120" type="map"
        link="http://www.genome.jp/dbget-bin/get_linkdb?pathway+map04120">
        <graphics name="TITLE:Ubiquitin mediated proteolysis" fgcolor="#000000" bgcolor="#FFFFFF"
             type="roundrectangle" x="200" y="67" width="280" height="25"/>
    </entry>
    <entry id="58" name="ko:K03873" type="ortholog"
        link="http://www.genome.jp/dbget-bin/www_bget?ko+K03873">
        <graphics name="K03873" fgcolor="#000000" bgcolor="#FFFFFF"
             type="rectangle" x="467" y="987" width="46" height="17"/>
    </entry>
    <entry id="59" name="ko:K03876 ko:K07868 ko:K10447 ko:K10456" type="ortholog"
        link="http://www.genome.jp/dbget-bin/www_bget?ko+K03876+K07868+K10447+K10456">
        <graphics name="K03876..." fgcolor="#000000" bgcolor="#FFFFFF"
             type="rectangle" x="515" y="902" width="46" height="17"/>
    </entry>
    <entry id="60" name="ko:K03871" type="ortholog"
        link="http://www.genome.jp/dbget-bin/www_bget?ko+K03871">
        <graphics name="K03871" fgcolor="#000000" bgcolor="#FFFFFF"
             type="rectangle" x="513" y="858" width="46" height="17"/>
    </entry>
    <entry id="61" name="ko:K03873" type="ortholog"
        link="http://www.genome.jp/dbget-bin/www_bget?ko+K03873">
        <graphics name="K03873" fgcolor="#000000" bgcolor="#FFFFFF"
             type="rectangle" x="467" y="858" width="46" height="17"/>
    </entry>
    <entry id="62" name="ko:K10611" type="ortholog"
        link="http://www.genome.jp/dbget-bin/www_bget?ko+K10611">
        <graphics name="K10611" fgcolor="#000000" bgcolor="#FFFFFF"
             type="rectangle" x="375" y="987" width="46" height="17"/>
    </entry>
    <entry id="63" name="ko:K10606" type="ortholog"
        link="http://www.genome.jp/dbget-bin/www_bget?ko+K10606">
        <graphics name="K10606" fgcolor="#000000" bgcolor="#FFFFFF"
             type="rectangle" x="757" y="709" width="46" height="17"/>
    </entry>
    <entry id="64" name="ko:K04706" type="ortholog"
        link="http://www.genome.jp/dbget-bin/www_bget?ko+K04706">
        <graphics name="K04706" fgcolor="#000000" bgcolor="#FFFFFF"
             type="rectangle" x="809" y="680" width="46" height="17"/>
    </entry>
    <entry id="65" name="ko:K04556" type="ortholog"
        link="http://www.genome.jp/dbget-bin/www_bget?ko+K04556">
        <graphics name="K04556" fgcolor="#000000" bgcolor="#FFFFFF"
             type="rectangle" x="757" y="651" width="46" height="17"/>
    </entry>
    <entry id="66" name="ko:K04707" type="ortholog"
        link="http://www.genome.jp/dbget-bin/www_bget?ko+K04707">
        <graphics name="K04707" fgcolor="#000000" bgcolor="#FFFFFF"
             type="rectangle" x="705" y="651" width="46" height="17"/>
    </entry>
    <entry id="67" name="ko:K10587" type="ortholog"
        link="http://www.genome.jp/dbget-bin/www_bget?ko+K10587">
        <graphics name="K10587" fgcolor="#000000" bgcolor="#FFFFFF"
             type="rectangle" x="104" y="651" width="46" height="17"/>
    </entry>
    <entry id="68" name="ko:K05633" type="ortholog"
        link="http://www.genome.jp/dbget-bin/www_bget?ko+K05633">
        <graphics name="K05633" fgcolor="#000000" bgcolor="#FFFFFF"
             type="rectangle" x="104" y="680" width="46" height="17"/>
    </entry>
    <entry id="69" name="ko:K10588" type="ortholog"
        link="http://www.genome.jp/dbget-bin/www_bget?ko+K10588">
        <graphics name="K10588" fgcolor="#000000" bgcolor="#FFFFFF"
             type="rectangle" x="158" y="651" width="46" height="17"/>
    </entry>
    <entry id="70" name="ko:K04554" type="ortholog"
        link="http://www.genome.jp/dbget-bin/www_bget?ko+K04554">
        <graphics name="K04554" fgcolor="#000000" bgcolor="#FFFFFF"
             type="rectangle" x="617" y="393" width="46" height="17"/>
    </entry>
    <entry id="71" name="ko:K04552" type="ortholog"
        link="http://www.genome.jp/dbget-bin/www_bget?ko+K04552">
        <graphics name="K04552" fgcolor="#000000" bgcolor="#FFFFFF"
             type="rectangle" x="674" y="392" width="46" height="17"/>
    </entry>
    <entry id="72" name="ko:K10595" type="ortholog"
        link="http://www.genome.jp/dbget-bin/www_bget?ko+K10595">
        <graphics name="K10595" fgcolor="#000000" bgcolor="#FFFFFF"
             type="rectangle" x="213" y="709" width="46" height="17"/>
    </entry>
    <entry id="73" name="ko:K10596" type="ortholog"
        link="http://www.genome.jp/dbget-bin/www_bget?ko+K10596">
        <graphics name="K10596" fgcolor="#000000" bgcolor="#FFFFFF"
             type="rectangle" x="414" y="651" width="46" height="17"/>
    </entry>
    <entry id="74" name="ko:K10586" type="ortholog"
        link="http://www.genome.jp/dbget-bin/www_bget?ko+K10586">
        <graphics name="K10586" fgcolor="#000000" bgcolor="#FFFFFF"
             type="rectangle" x="905" y="418" width="46" height="17"/>
    </entry>
    <entry id="75" name="ko:K03356" type="ortholog"
        link="http://www.genome.jp/dbget-bin/www_bget?ko+K03356">
        <graphics name="K03356" fgcolor="#000000" bgcolor="#FFFFFF"
             type="rectangle" x="987" y="865" width="46" height="17"/>
    </entry>
    <entry id="76" name="ko:K10574" type="ortholog"
        link="http://www.genome.jp/dbget-bin/www_bget?ko+K10574">
        <graphics name="K10574" fgcolor="#000000" bgcolor="#FFFFFF"
             type="rectangle" x="559" y="366" width="46" height="17"/>
    </entry>
    <entry id="77" name="ko:K10609" type="ortholog"
        link="http://www.genome.jp/dbget-bin/www_bget?ko+K10609">
        <graphics name="K10609" fgcolor="#000000" bgcolor="#FFFFFF"
             type="rectangle" x="421" y="944" width="46" height="17"/>
    </entry>
    <entry id="78" name="ko:K10143" type="ortholog"
        link="http://www.genome.jp/dbget-bin/www_bget?ko+K10143">
        <graphics name="K10143" fgcolor="#000000" bgcolor="#FFFFFF"
             type="rectangle" x="652" y="680" width="46" height="17"/>
    </entry>
    <entry id="79" name="ko:K04506" type="ortholog"
        link="http://www.genome.jp/dbget-bin/www_bget?ko+K04506">
        <graphics name="K04506" fgcolor="#000000" bgcolor="#FFFFFF"
             type="rectangle" x="809" y="651" width="46" height="17"/>
    </entry>
    <entry id="80" name="ko:K04694 ko:K04696" type="ortholog"
        link="http://www.genome.jp/dbget-bin/www_bget?ko+K04694+K04696">
        <graphics name="K04694..." fgcolor="#000000" bgcolor="#FFFFFF"
             type="rectangle" x="513" y="987" width="46" height="17"/>
    </entry>
    <entry id="81" name="ko:K10615" type="ortholog"
        link="http://www.genome.jp/dbget-bin/www_bget?ko+K10615">
        <graphics name="K10615" fgcolor="#000000" bgcolor="#FFFFFF"
             type="rectangle" x="322" y="709" width="46" height="17"/>
    </entry>
    <entry id="82" name="ko:K10614" type="ortholog"
        link="http://www.genome.jp/dbget-bin/www_bget?ko+K10614">
        <graphics name="K10614" fgcolor="#000000" bgcolor="#FFFFFF"
             type="rectangle" x="268" y="709" width="46" height="17"/>
    </entry>
    <entry id="83" name="ko:K10687" type="ortholog"
        link="http://www.genome.jp/dbget-bin/www_bget?ko+K10687">
        <graphics name="K10687" fgcolor="#000000" bgcolor="#FFFFFF"
             type="rectangle" x="731" y="366" width="46" height="17"/>
    </entry>
    <entry id="84" name="ko:K03359" type="ortholog"
        link="http://www.genome.jp/dbget-bin/www_bget?ko+K03359">
        <graphics name="K03359" fgcolor="#000000" bgcolor="#FFFFFF"
             type="rectangle" x="987" y="882" width="46" height="17"/>
    </entry>
    <entry id="85" name="ko:K03354" type="ortholog"
        link="http://www.genome.jp/dbget-bin/www_bget?ko+K03354">
        <graphics name="K03354" fgcolor="#000000" bgcolor="#FFFFFF"
             type="rectangle" x="987" y="848" width="46" height="17"/>
    </entry>
    <entry id="86" name="ko:K10264" type="ortholog"
        link="http://www.genome.jp/dbget-bin/www_bget?ko+K10264">
        <graphics name="K10264" fgcolor="#000000" bgcolor="#FFFFFF"
             type="rectangle" x="513" y="1035" width="46" height="17"/>
    </entry>
    <entry id="87" name="ko:K03870" type="ortholog"
        link="http://www.genome.jp/dbget-bin/www_bget?ko+K03870">
        <graphics name="K03870" fgcolor="#000000" bgcolor="#FFFFFF"
             type="rectangle" x="421" y="858" width="46" height="17"/>
    </entry>
    <entry id="88" name="ko:K10613" type="ortholog"
        link="http://www.genome.jp/dbget-bin/www_bget?ko+K10613">
        <graphics name="K10613" fgcolor="#000000" bgcolor="#FFFFFF"
             type="rectangle" x="421" y="1035" width="46" height="17"/>
    </entry>
    <entry id="89" name="ko:K10612" type="ortholog"
        link="http://www.genome.jp/dbget-bin/www_bget?ko+K10612">
        <graphics name="K10612" fgcolor="#000000" bgcolor="#FFFFFF"
             type="rectangle" x="421" y="987" width="46" height="17"/>
    </entry>
    <entry id="90" name="ko:K10608" type="ortholog"
        link="http://www.genome.jp/dbget-bin/www_bget?ko+K10608">
        <graphics name="K10608" fgcolor="#000000" bgcolor="#FFFFFF"
             type="rectangle" x="914" y="709" width="46" height="17"/>
    </entry>
    <entry id="91" name="ko:K10607" type="ortholog"
        link="http://www.genome.jp/dbget-bin/www_bget?ko+K10607">
        <graphics name="K10607" fgcolor="#000000" bgcolor="#FFFFFF"
             type="rectangle" x="860" y="709" width="46" height="17"/>
    </entry>
    <entry id="92" name="ko:K08285" type="ortholog"
        link="http://www.genome.jp/dbget-bin/www_bget?ko+K08285">
        <graphics name="K08285" fgcolor="#000000" bgcolor="#FFFFFF"
             type="rectangle" x="809" y="709" width="46" height="17"/>
    </entry>
    <entry id="93" name="ko:K10605" type="ortholog"
        link="http://www.genome.jp/dbget-bin/www_bget?ko+K10605">
        <graphics name="K10605" fgcolor="#000000" bgcolor="#FFFFFF"
             type="rectangle" x="705" y="709" width="46" height="17"/>
    </entry>
    <entry id="94" name="ko:K10604" type="ortholog"
        link="http://www.genome.jp/dbget-bin/www_bget?ko+K10604">
        <graphics name="K10604" fgcolor="#000000" bgcolor="#FFFFFF"
             type="rectangle" x="653" y="709" width="46" height="17"/>
    </entry>
    <entry id="95" name="ko:K10603" type="ortholog"
        link="http://www.genome.jp/dbget-bin/www_bget?ko+K10603">
        <graphics name="K10603" fgcolor="#000000" bgcolor="#FFFFFF"
             type="rectangle" x="965" y="680" width="46" height="17"/>
    </entry>
    <entry id="96" name="ko:K10602" type="ortholog"
        link="http://www.genome.jp/dbget-bin/www_bget?ko+K10602">
        <graphics name="K10602" fgcolor="#000000" bgcolor="#FFFFFF"
             type="rectangle" x="914" y="680" width="46" height="17"/>
    </entry>
    <entry id="97" name="ko:K04725" type="ortholog"
        link="http://www.genome.jp/dbget-bin/www_bget?ko+K04725">
        <graphics name="K04725" fgcolor="#000000" bgcolor="#FFFFFF"
             type="rectangle" x="757" y="680" width="46" height="17"/>
    </entry>
    <entry id="98" name="ko:K10144" type="ortholog"
        link="http://www.genome.jp/dbget-bin/www_bget?ko+K10144">
        <graphics name="K10144" fgcolor="#000000" bgcolor="#FFFFFF"
             type="rectangle" x="705" y="680" width="46" height="17"/>
    </entry>
    <entry id="99" name="ko:K04416" type="ortholog"
        link="http://www.genome.jp/dbget-bin/www_bget?ko+K04416">
        <graphics name="K04416" fgcolor="#000000" bgcolor="#FFFFFF"
             type="rectangle" x="965" y="651" width="46" height="17"/>
    </entry>
    <entry id="100" name="ko:K03175" type="ortholog"
        link="http://www.genome.jp/dbget-bin/www_bget?ko+K03175">
        <graphics name="K03175" fgcolor="#000000" bgcolor="#FFFFFF"
             type="rectangle" x="914" y="651" width="46" height="17"/>
    </entry>
    <entry id="101" name="ko:K10054" type="ortholog"
        link="http://www.genome.jp/dbget-bin/www_bget?ko+K10054">
        <graphics name="K10054" fgcolor="#000000" bgcolor="#FFFFFF"
             type="rectangle" x="860" y="651" width="46" height="17"/>
    </entry>
    <entry id="102" name="ko:K06643" type="ortholog"
        link="http://www.genome.jp/dbget-bin/www_bget?ko+K06643">
        <graphics name="K06643" fgcolor="#000000" bgcolor="#FFFFFF"
             type="rectangle" x="652" y="651" width="46" height="17"/>
    </entry>
    <entry id="103" name="ko:K10600" type="ortholog"
        link="http://www.genome.jp/dbget-bin/www_bget?ko+K10600">
        <graphics name="K10600" fgcolor="#000000" bgcolor="#FFFFFF"
             type="rectangle" x="524" y="680" width="46" height="17"/>
    </entry>
    <entry id="104" name="ko:K10584" type="ortholog"
        link="http://www.genome.jp/dbget-bin/www_bget?ko+K10584">
        <graphics name="K10584" fgcolor="#000000" bgcolor="#FFFFFF"
             type="rectangle" x="675" y="417" width="46" height="17"/>
    </entry>
    <entry id="105" name="ko:K04678" type="ortholog"
        link="http://www.genome.jp/dbget-bin/www_bget?ko+K04678">
        <graphics name="K04678" fgcolor="#000000" bgcolor="#FFFFFF"
             type="rectangle" x="266" y="651" width="46" height="17"/>
    </entry>
    <entry id="106" name="ko:K05632" type="ortholog"
        link="http://www.genome.jp/dbget-bin/www_bget?ko+K05632">
        <graphics name="K05632" fgcolor="#000000" bgcolor="#FFFFFF"
             type="rectangle" x="320" y="651" width="46" height="17"/>
    </entry>
    <entry id="107" name="ko:K04553" type="ortholog"
        link="http://www.genome.jp/dbget-bin/www_bget?ko+K04553">
        <graphics name="K04553" fgcolor="#000000" bgcolor="#FFFFFF"
             type="rectangle" x="731" y="392" width="46" height="17"/>
    </entry>
    <entry id="108" name="ko:K10594" type="ortholog"
        link="http://www.genome.jp/dbget-bin/www_bget?ko+K10594">
        <graphics name="K10594" fgcolor="#000000" bgcolor="#FFFFFF"
             type="rectangle" x="159" y="709" width="46" height="17"/>
    </entry>
    <entry id="109" name="ko:K05630" type="ortholog"
        link="http://www.genome.jp/dbget-bin/www_bget?ko+K05630">
        <graphics name="K05630" fgcolor="#000000" bgcolor="#FFFFFF"
             type="rectangle" x="158" y="680" width="46" height="17"/>
    </entry>
    <entry id="110" name="ko:K10593" type="ortholog"
        link="http://www.genome.jp/dbget-bin/www_bget?ko+K10593">
        <graphics name="K10593" fgcolor="#000000" bgcolor="#FFFFFF"
             type="rectangle" x="105" y="709" width="46" height="17"/>
    </entry>
</pathway>
