<?xml version="1.0"?>
<!DOCTYPE pathway SYSTEM "http://www.genome.jp/kegg/xml/KGML_v0.6.1_.dtd">
<!-- Creation date: Mar 07 2009 02:35:06 +0900 (JST) -->
<pathway name="path:map00364" org="map" number="00364"
         title="Fluorobenzoate degradation"
         image="http://www.genome.jp/kegg/pathway/map/map00364.gif"
         link="http://www.genome.jp/dbget-bin/show_pathway?map00364">
    <entry id="1" name="cpd:C02364" type="compound"
        link="http://www.genome.jp/dbget-bin/www_bget?compound+C02364">
        <graphics name="C02364" fgcolor="#000000" bgcolor="#FFFFFF"
             type="circle" x="94" y="276" width="8" height="8"/>
    </entry>
    <entry id="2" name="ko:K03384" type="ortholog" reaction="rn:R08104"
        link="http://www.genome.jp/dbget-bin/www_bget?ko+K03384">
        <graphics name="K03384" fgcolor="#000000" bgcolor="#FFFFFF"
             type="rectangle" x="698" y="412" width="46" height="17"/>
    </entry>
    <entry id="3" name="ko:K03384" type="ortholog" reaction="rn:R08103"
        link="http://www.genome.jp/dbget-bin/www_bget?ko+K03384">
        <graphics name="K03384" fgcolor="#000000" bgcolor="#FFFFFF"
             type="rectangle" x="571" y="412" width="46" height="17"/>
    </entry>
    <entry id="4" name="ko:K01061" type="ortholog" reaction="rn:R08121"
        link="http://www.genome.jp/dbget-bin/www_bget?ko+K01061">
        <graphics name="K01061" fgcolor="#000000" bgcolor="#FFFFFF"
             type="rectangle" x="732" y="337" width="46" height="17"/>
    </entry>
    <entry id="5" name="ko:K01061" type="ortholog" reaction="rn:R08120"
        link="http://www.genome.jp/dbget-bin/www_bget?ko+K01061">
        <graphics name="K01061" fgcolor="#000000" bgcolor="#FFFFFF"
             type="rectangle" x="732" y="276" width="46" height="17"/>
    </entry>
    <entry id="6" name="cpd:C16474" type="compound"
        link="http://www.genome.jp/dbget-bin/www_bget?compound+C16474">
        <graphics name="C16474" fgcolor="#000000" bgcolor="#FFFFFF"
             type="circle" x="493" y="337" width="8" height="8"/>
    </entry>
    <entry id="7" name="path:map00362" type="map"
        link="http://www.genome.jp/kegg/pathway/map/map00362.html">
        <graphics name="Benzoate degradation via hydroxylation" fgcolor="#000000" bgcolor="#FFFFFF"
             type="roundrectangle" x="836" y="216" width="119" height="34"/>
    </entry>
    <entry id="8" name="cpd:C00090" type="compound"
        link="http://www.genome.jp/dbget-bin/www_bget?compound+C00090">
        <graphics name="C00090" fgcolor="#000000" bgcolor="#FFFFFF"
             type="circle" x="918" y="412" width="8" height="8"/>
    </entry>
    <entry id="9" name="cpd:C16484" type="compound"
        link="http://www.genome.jp/dbget-bin/www_bget?compound+C16484">
        <graphics name="C16484" fgcolor="#000000" bgcolor="#FFFFFF"
             type="circle" x="768" y="412" width="8" height="8"/>
    </entry>
    <entry id="10" name="ko:K00224" type="ortholog" reaction="rn:R08105"
        link="http://www.genome.jp/dbget-bin/www_bget?ko+K00224">
        <graphics name="K00224" fgcolor="#000000" bgcolor="#FFFFFF"
             type="rectangle" x="436" y="412" width="46" height="17"/>
    </entry>
    <entry id="11" name="ko:K03381" type="ortholog" reaction="rn:R08114"
        link="http://www.genome.jp/dbget-bin/www_bget?ko+K03381">
        <graphics name="K03381" fgcolor="#000000" bgcolor="#FFFFFF"
             type="rectangle" x="425" y="276" width="46" height="17"/>
    </entry>
    <entry id="12" name="ko:K05549 ko:K05550 ko:K05784" type="ortholog" reaction="rn:R08109"
        link="http://www.genome.jp/dbget-bin/www_bget?ko+K05549+K05550+K05784">
        <graphics name="K05549..." fgcolor="#000000" bgcolor="#FFFFFF"
             type="rectangle" x="156" y="337" width="46" height="17"/>
    </entry>
    <entry id="13" name="path:map00623" type="map"
        link="http://www.genome.jp/kegg/pathway/map/map00623.html">
        <graphics name="2,4-Dichlorobenzoate degradation" fgcolor="#000000" bgcolor="#FFFFFF"
             type="roundrectangle" x="450" y="503" width="121" height="34"/>
    </entry>
    <entry id="14" name="cpd:C02949" type="compound"
        link="http://www.genome.jp/dbget-bin/www_bget?compound+C02949">
        <graphics name="C02949" fgcolor="#000000" bgcolor="#FFFFFF"
             type="circle" x="260" y="504" width="8" height="8"/>
    </entry>
    <entry id="15" name="ko:K05549 ko:K05550 ko:K05784" type="ortholog" reaction="rn:R08110"
        link="http://www.genome.jp/dbget-bin/www_bget?ko+K05549+K05550+K05784">
        <graphics name="K05549..." fgcolor="#000000" bgcolor="#FFFFFF"
             type="rectangle" x="156" y="413" width="46" height="17"/>
    </entry>
    <entry id="16" name="ko:K05783" type="ortholog" reaction="rn:R08113"
        link="http://www.genome.jp/dbget-bin/www_bget?ko+K05783">
        <graphics name="K05783" fgcolor="#000000" bgcolor="#FFFFFF"
             type="rectangle" x="290" y="413" width="46" height="17"/>
    </entry>
    <entry id="17" name="ko:K05549 ko:K05550 ko:K05784" type="ortholog" reaction="rn:R08100"
        link="http://www.genome.jp/dbget-bin/www_bget?ko+K05549+K05550+K05784">
        <graphics name="K05549..." fgcolor="#000000" bgcolor="#FFFFFF"
             type="rectangle" x="156" y="148" width="46" height="17"/>
    </entry>
    <entry id="18" name="ec:6.2.1.33" type="enzyme" reaction="rn:R08117"
        link="http://www.genome.jp/dbget-bin/www_bget?enzyme+6.2.1.33">
        <graphics name="6.2.1.33" fgcolor="#000000" bgcolor="#FFFFFF"
             type="rectangle" x="94" y="459" width="46" height="17"/>
    </entry>
    <entry id="19" name="ko:K05549 ko:K05550 ko:K05784" type="ortholog" reaction="rn:R08101"
        link="http://www.genome.jp/dbget-bin/www_bget?ko+K05549+K05550+K05784">
        <graphics name="K05549..." fgcolor="#000000" bgcolor="#FFFFFF"
             type="rectangle" x="156" y="208" width="46" height="17"/>
    </entry>
    <entry id="20" name="ec:1.3.1.-" type="enzyme" reaction="rn:R08123"
        link="http://www.genome.jp/dbget-bin/www_bget?enzyme+1.3.1.-">
        <graphics name="1.3.1.-" fgcolor="#000000" bgcolor="#FFFFFF"
             type="rectangle" x="290" y="208" width="46" height="17"/>
    </entry>
    <entry id="21" name="cpd:C16476" type="compound"
        link="http://www.genome.jp/dbget-bin/www_bget?compound+C16476">
        <graphics name="C16476" fgcolor="#000000" bgcolor="#FFFFFF"
             type="circle" x="646" y="337" width="8" height="8"/>
    </entry>
    <entry id="22" name="cpd:C16473" type="compound"
        link="http://www.genome.jp/dbget-bin/www_bget?compound+C16473">
        <graphics name="C16473" fgcolor="#000000" bgcolor="#FFFFFF"
             type="circle" x="363" y="337" width="8" height="8"/>
    </entry>
    <entry id="23" name="cpd:C16475" type="compound"
        link="http://www.genome.jp/dbget-bin/www_bget?compound+C16475">
        <graphics name="C16475" fgcolor="#000000" bgcolor="#FFFFFF"
             type="circle" x="493" y="276" width="8" height="8"/>
    </entry>
    <entry id="24" name="cpd:C16472" type="compound"
        link="http://www.genome.jp/dbget-bin/www_bget?compound+C16472">
        <graphics name="C16472" fgcolor="#000000" bgcolor="#FFFFFF"
             type="circle" x="363" y="276" width="8" height="8"/>
    </entry>
    <entry id="25" name="cpd:C02222" type="compound"
        link="http://www.genome.jp/dbget-bin/www_bget?compound+C02222">
        <graphics name="C02222" fgcolor="#000000" bgcolor="#FFFFFF"
             type="circle" x="801" y="337" width="8" height="8"/>
    </entry>
    <entry id="26" name="ko:K01856" type="ortholog" reaction="rn:R08116"
        link="http://www.genome.jp/dbget-bin/www_bget?ko+K01856">
        <graphics name="K01856" fgcolor="#000000" bgcolor="#FFFFFF"
             type="rectangle" x="566" y="337" width="46" height="17"/>
    </entry>
    <entry id="27" name="ko:K05783" type="ortholog" reaction="rn:R08111"
        link="http://www.genome.jp/dbget-bin/www_bget?ko+K05783">
        <graphics name="K05783" fgcolor="#000000" bgcolor="#FFFFFF"
             type="rectangle" x="290" y="276" width="46" height="17"/>
    </entry>
    <entry id="28" name="ko:K01860" type="ortholog" reaction="rn:R08119"
        link="http://www.genome.jp/dbget-bin/www_bget?ko+K01860">
        <graphics name="K01860" fgcolor="#000000" bgcolor="#FFFFFF"
             type="rectangle" x="566" y="276" width="46" height="17"/>
    </entry>
    <entry id="29" name="ko:K05783" type="ortholog" reaction="rn:R08112"
        link="http://www.genome.jp/dbget-bin/www_bget?ko+K05783">
        <graphics name="K05783" fgcolor="#000000" bgcolor="#FFFFFF"
             type="rectangle" x="290" y="337" width="46" height="17"/>
    </entry>
    <entry id="30" name="ko:K03381" type="ortholog" reaction="rn:R08115"
        link="http://www.genome.jp/dbget-bin/www_bget?ko+K03381">
        <graphics name="K03381" fgcolor="#000000" bgcolor="#FFFFFF"
             type="rectangle" x="425" y="337" width="46" height="17"/>
    </entry>
    <entry id="31" name="ko:K05549 ko:K05550 ko:K05784" type="ortholog" reaction="rn:R08108"
        link="http://www.genome.jp/dbget-bin/www_bget?ko+K05549+K05550+K05784">
        <graphics name="K05549..." fgcolor="#000000" bgcolor="#FFFFFF"
             type="rectangle" x="156" y="276" width="46" height="17"/>
    </entry>
    <entry id="32" name="ec:3.8.1.7" type="enzyme" reaction="rn:R08118"
        link="http://www.genome.jp/dbget-bin/www_bget?enzyme+3.8.1.7">
        <graphics name="3.8.1.7" fgcolor="#000000" bgcolor="#FFFFFF"
             type="rectangle" x="156" y="504" width="46" height="17"/>
    </entry>
    <entry id="33" name="ec:1.3.1.-" type="enzyme" reaction="rn:R08122"
        link="http://www.genome.jp/dbget-bin/www_bget?enzyme+1.3.1.-">
        <graphics name="1.3.1.-" fgcolor="#000000" bgcolor="#FFFFFF"
             type="rectangle" x="290" y="148" width="46" height="17"/>
    </entry>
    <entry id="34" name="path:map00364" type="map"
        link="http://www.genome.jp/dbget-bin/get_linkdb?pathway+map00364">
        <graphics name="TITLE:Fluorobenzoate degradation" fgcolor="#000000" bgcolor="#FFFFFF"
             type="roundrectangle" x="189" y="67" width="258" height="25"/>
    </entry>
    <entry id="35" name="cpd:C11272" type="compound"
        link="http://www.genome.jp/dbget-bin/www_bget?compound+C11272">
        <graphics name="C11272" fgcolor="#000000" bgcolor="#FFFFFF"
             type="circle" x="632" y="412" width="8" height="8"/>
    </entry>
    <entry id="36" name="cpd:C02371" type="compound"
        link="http://www.genome.jp/dbget-bin/www_bget?compound+C02371">
        <graphics name="C02371" fgcolor="#000000" bgcolor="#FFFFFF"
             type="circle" x="93" y="412" width="8" height="8"/>
    </entry>
    <entry id="37" name="cpd:C16480" type="compound"
        link="http://www.genome.jp/dbget-bin/www_bget?compound+C16480">
        <graphics name="C16480" fgcolor="#000000" bgcolor="#FFFFFF"
             type="circle" x="227" y="412" width="8" height="8"/>
    </entry>
    <entry id="38" name="cpd:C16479" type="compound"
        link="http://www.genome.jp/dbget-bin/www_bget?compound+C16479">
        <graphics name="C16479" fgcolor="#000000" bgcolor="#FFFFFF"
             type="circle" x="227" y="337" width="8" height="8"/>
    </entry>
    <entry id="39" name="cpd:C16478" type="compound"
        link="http://www.genome.jp/dbget-bin/www_bget?compound+C16478">
        <graphics name="C16478" fgcolor="#000000" bgcolor="#FFFFFF"
             type="circle" x="227" y="276" width="8" height="8"/>
    </entry>
    <entry id="40" name="cpd:C16482" type="compound"
        link="http://www.genome.jp/dbget-bin/www_bget?compound+C16482">
        <graphics name="C16482" fgcolor="#000000" bgcolor="#FFFFFF"
             type="circle" x="226" y="148" width="8" height="8"/>
    </entry>
    <entry id="41" name="cpd:C02359" type="compound"
        link="http://www.genome.jp/dbget-bin/www_bget?compound+C02359">
        <graphics name="C02359" fgcolor="#000000" bgcolor="#FFFFFF"
             type="circle" x="93" y="148" width="8" height="8"/>
    </entry>
    <entry id="42" name="cpd:C16483" type="compound"
        link="http://www.genome.jp/dbget-bin/www_bget?compound+C16483">
        <graphics name="C16483" fgcolor="#000000" bgcolor="#FFFFFF"
             type="circle" x="499" y="412" width="8" height="8"/>
    </entry>
    <entry id="43" name="cpd:C16481" type="compound"
        link="http://www.genome.jp/dbget-bin/www_bget?compound+C16481">
        <graphics name="C16481" fgcolor="#000000" bgcolor="#FFFFFF"
             type="circle" x="227" y="208" width="8" height="8"/>
    </entry>
    <entry id="44" name="cpd:C16477" type="compound"
        link="http://www.genome.jp/dbget-bin/www_bget?compound+C16477">
        <graphics name="C16477" fgcolor="#000000" bgcolor="#FFFFFF"
             type="circle" x="646" y="276" width="8" height="8"/>
    </entry>
    <entry id="45" name="cpd:C02802" type="compound"
        link="http://www.genome.jp/dbget-bin/www_bget?compound+C02802">
        <graphics name="C02802" fgcolor="#000000" bgcolor="#FFFFFF"
             type="circle" x="93" y="504" width="8" height="8"/>
    </entry>
    <entry id="58" name="" type="other" reaction="rn:R08106">
        <graphics fgcolor="#000000" bgcolor="#FFFFFF"
             type="rectangle" x="840" y="412" width="141" height="1"/>
    </entry>
    <relation entry1="17" entry2="33" type="ECrel">
        <subtype name="compound" value="40"/>
    </relation>
    <relation entry1="19" entry2="20" type="ECrel">
        <subtype name="compound" value="43"/>
    </relation>
    <relation entry1="27" entry2="31" type="ECrel">
        <subtype name="compound" value="39"/>
    </relation>
    <relation entry1="12" entry2="29" type="ECrel">
        <subtype name="compound" value="38"/>
    </relation>
    <relation entry1="15" entry2="16" type="ECrel">
        <subtype name="compound" value="37"/>
    </relation>
    <relation entry1="15" entry2="18" type="ECrel">
        <subtype name="compound" value="36"/>
    </relation>
    <relation entry1="18" entry2="32" type="ECrel">
        <subtype name="compound" value="45"/>
    </relation>
    <relation entry1="16" entry2="29" type="ECrel">
        <subtype name="compound" value="22"/>
    </relation>
    <relation entry1="10" entry2="29" type="ECrel">
        <subtype name="compound" value="22"/>
    </relation>
    <relation entry1="29" entry2="30" type="ECrel">
        <subtype name="compound" value="22"/>
    </relation>
    <relation entry1="10" entry2="16" type="ECrel">
        <subtype name="compound" value="22"/>
    </relation>
    <relation entry1="16" entry2="30" type="ECrel">
        <subtype name="compound" value="22"/>
    </relation>
    <relation entry1="10" entry2="30" type="ECrel">
        <subtype name="compound" value="22"/>
    </relation>
    <relation entry1="26" entry2="30" type="ECrel">
        <subtype name="compound" value="6"/>
    </relation>
    <relation entry1="4" entry2="26" type="ECrel">
        <subtype name="compound" value="21"/>
    </relation>
    <relation entry1="3" entry2="10" type="ECrel">
        <subtype name="compound" value="42"/>
    </relation>
    <relation entry1="2" entry2="3" type="ECrel">
        <subtype name="compound" value="35"/>
    </relation>
    <relation entry1="27" entry2="20" type="ECrel">
        <subtype name="compound" value="24"/>
    </relation>
    <relation entry1="11" entry2="20" type="ECrel">
        <subtype name="compound" value="24"/>
    </relation>
    <relation entry1="11" entry2="27" type="ECrel">
        <subtype name="compound" value="24"/>
    </relation>
    <relation entry1="11" entry2="28" type="ECrel">
        <subtype name="compound" value="23"/>
    </relation>
    <relation entry1="5" entry2="28" type="ECrel">
        <subtype name="compound" value="44"/>
    </relation>
    <relation entry1="4" entry2="5" type="ECrel">
        <subtype name="compound" value="25"/>
    </relation>
    <relation entry1="32" entry2="13" type="maplink">
        <subtype name="compound" value="14"/>
    </relation>
    <relation entry1="7" entry2="33" type="maplink">
        <subtype name="compound" value="8"/>
    </relation>
    <relation entry1="5" entry2="7" type="maplink">
        <subtype name="compound" value="25"/>
    </relation>
    <relation entry1="4" entry2="7" type="maplink">
        <subtype name="compound" value="25"/>
    </relation>
    <reaction name="rn:R08104" type="irreversible">
        <substrate name="cpd:C11272"/>
        <product name="cpd:C16484"/>
    </reaction>
    <reaction name="rn:R08103" type="irreversible">
        <substrate name="cpd:C11272"/>
        <product name="cpd:C16483"/>
    </reaction>
    <reaction name="rn:R08121" type="irreversible">
        <substrate name="cpd:C16476"/>
        <product name="cpd:C02222"/>
    </reaction>
    <reaction name="rn:R08120" type="irreversible">
        <substrate name="cpd:C16477"/>
        <product name="cpd:C02222"/>
    </reaction>
    <reaction name="rn:R08105" type="irreversible">
        <substrate name="cpd:C16483"/>
        <product name="cpd:C16473"/>
    </reaction>
    <reaction name="rn:R08114" type="irreversible">
        <substrate name="cpd:C16472"/>
        <product name="cpd:C16475"/>
    </reaction>
    <reaction name="rn:R08109" type="irreversible">
        <substrate name="cpd:C02364"/>
        <product name="cpd:C16479"/>
    </reaction>
    <reaction name="rn:R08110" type="irreversible">
        <substrate name="cpd:C02371"/>
        <product name="cpd:C16480"/>
    </reaction>
    <reaction name="rn:R08113" type="irreversible">
        <substrate name="cpd:C16480"/>
        <product name="cpd:C16473"/>
    </reaction>
    <reaction name="rn:R08100" type="irreversible">
        <substrate name="cpd:C02359"/>
        <product name="cpd:C16482"/>
    </reaction>
    <reaction name="rn:R08117" type="irreversible">
        <substrate name="cpd:C02371"/>
        <product name="cpd:C02802"/>
    </reaction>
    <reaction name="rn:R08101" type="irreversible">
        <substrate name="cpd:C02359"/>
        <product name="cpd:C16481"/>
    </reaction>
    <reaction name="rn:R08123" type="irreversible">
        <substrate name="cpd:C16481"/>
        <product name="cpd:C16472"/>
    </reaction>
    <reaction name="rn:R08116" type="irreversible">
        <substrate name="cpd:C16474"/>
        <product name="cpd:C16476"/>
    </reaction>
    <reaction name="rn:R08111" type="irreversible">
        <substrate name="cpd:C16478"/>
        <product name="cpd:C16472"/>
    </reaction>
    <reaction name="rn:R08119" type="irreversible">
        <substrate name="cpd:C16475"/>
        <product name="cpd:C16477"/>
    </reaction>
    <reaction name="rn:R08112" type="irreversible">
        <substrate name="cpd:C16479"/>
        <product name="cpd:C16473"/>
    </reaction>
    <reaction name="rn:R08115" type="irreversible">
        <substrate name="cpd:C16473"/>
        <product name="cpd:C16474"/>
    </reaction>
    <reaction name="rn:R08108" type="irreversible">
        <substrate name="cpd:C02364"/>
        <product name="cpd:C16478"/>
    </reaction>
    <reaction name="rn:R08118" type="irreversible">
        <substrate name="cpd:C02802"/>
        <product name="cpd:C02949"/>
    </reaction>
    <reaction name="rn:R08122" type="irreversible">
        <substrate name="cpd:C16482"/>
        <product name="cpd:C00090"/>
    </reaction>
    <reaction name="rn:R08106" type="irreversible">
        <substrate name="cpd:C16484"/>
        <product name="cpd:C00090"/>
    </reaction>
</pathway>
