<?xml version="1.0"?>
<!DOCTYPE pathway SYSTEM "http://www.genome.jp/kegg/xml/KGML_v0.6.1_.dtd">
<!-- Creation date: Jan 30 2009 05:55:39 +0900 (JST) -->
<pathway name="path:map04670" org="map" number="04670"
         title="Leukocyte transendothelial migration"
         image="http://www.genome.jp/kegg/pathway/map/map04670.gif"
         link="http://www.genome.jp/dbget-bin/show_pathway?map04670">
    <entry id="1" name="ko:K06087 ko:K06088 ko:K06787" type="ortholog"
        link="http://www.genome.jp/dbget-bin/www_bget?ko+K06087+K06088+K06787">
        <graphics name="K06087..." fgcolor="#000000" bgcolor="#FFFFFF"
             type="rectangle" x="295" y="702" width="46" height="17"/>
    </entry>
    <entry id="2" name="ko:K01398 ko:K01403" type="ortholog"
        link="http://www.genome.jp/dbget-bin/www_bget?ko+K01398+K01403">
        <graphics name="K01398..." fgcolor="#000000" bgcolor="#FFFFFF"
             type="rectangle" x="326" y="587" width="46" height="17"/>
    </entry>
    <entry id="3" name="ko:K06087 ko:K06088 ko:K06787" type="ortholog"
        link="http://www.genome.jp/dbget-bin/www_bget?ko+K06087+K06088+K06787">
        <graphics name="K06087..." fgcolor="#000000" bgcolor="#FFFFFF"
             type="rectangle" x="218" y="702" width="46" height="17"/>
    </entry>
    <entry id="4" name="ko:K04353 ko:K07836" type="ortholog"
        link="http://www.genome.jp/dbget-bin/www_bget?ko+K04353+K07836">
        <graphics name="K04353..." fgcolor="#000000" bgcolor="#FFFFFF"
             type="rectangle" x="749" y="176" width="46" height="17"/>
    </entry>
    <entry id="5" name="ko:K05730" type="ortholog"
        link="http://www.genome.jp/dbget-bin/www_bget?ko+K05730">
        <graphics name="K05730" fgcolor="#000000" bgcolor="#FFFFFF"
             type="rectangle" x="591" y="186" width="46" height="17"/>
    </entry>
    <entry id="6" name="ko:K06461" type="ortholog"
        link="http://www.genome.jp/dbget-bin/www_bget?ko+K06461">
        <graphics name="K06461" fgcolor="#000000" bgcolor="#FFFFFF"
             type="rectangle" x="793" y="286" width="46" height="17"/>
    </entry>
    <entry id="7" name="ko:K05718" type="ortholog"
        link="http://www.genome.jp/dbget-bin/www_bget?ko+K05718">
        <graphics name="K05718" fgcolor="#000000" bgcolor="#FFFFFF"
             type="rectangle" x="709" y="286" width="46" height="17"/>
    </entry>
    <entry id="8" name="ko:K07293" type="ortholog"
        link="http://www.genome.jp/dbget-bin/www_bget?ko+K07293">
        <graphics name="K07293" fgcolor="#000000" bgcolor="#FFFFFF"
             type="rectangle" x="439" y="618" width="46" height="17"/>
    </entry>
    <entry id="9" name="ko:K04392" type="ortholog"
        link="http://www.genome.jp/dbget-bin/www_bget?ko+K04392">
        <graphics name="K04392" fgcolor="#000000" bgcolor="#FFFFFF"
             type="rectangle" x="886" y="165" width="46" height="17"/>
    </entry>
    <entry id="10" name="ko:K07860" type="ortholog"
        link="http://www.genome.jp/dbget-bin/www_bget?ko+K07860">
        <graphics name="K07860" fgcolor="#000000" bgcolor="#FFFFFF"
             type="rectangle" x="875" y="120" width="46" height="17"/>
    </entry>
    <entry id="11" name="ko:K05763 ko:K08007" type="ortholog"
        link="http://www.genome.jp/dbget-bin/www_bget?ko+K05763+K08007">
        <graphics name="K05763..." fgcolor="#000000" bgcolor="#FFFFFF"
             type="rectangle" x="677" y="356" width="46" height="17"/>
    </entry>
    <entry id="12" name="ko:K06533" type="ortholog"
        link="http://www.genome.jp/dbget-bin/www_bget?ko+K06533">
        <graphics name="K06533" fgcolor="#000000" bgcolor="#FFFFFF"
             type="rectangle" x="311" y="642" width="46" height="17"/>
    </entry>
    <entry id="13" name="ko:K06520" type="ortholog"
        link="http://www.genome.jp/dbget-bin/www_bget?ko+K06520">
        <graphics name="K06520" fgcolor="#000000" bgcolor="#FFFFFF"
             type="rectangle" x="210" y="530" width="46" height="17"/>
    </entry>
    <entry id="14" name="ko:K06471" type="ortholog"
        link="http://www.genome.jp/dbget-bin/www_bget?ko+K06471">
        <graphics name="K06471" fgcolor="#000000" bgcolor="#FFFFFF"
             type="rectangle" x="359" y="493" width="46" height="17"/>
    </entry>
    <entry id="15" name="ko:K05719" type="ortholog"
        link="http://www.genome.jp/dbget-bin/www_bget?ko+K05719">
        <graphics name="K05719" fgcolor="#000000" bgcolor="#FFFFFF"
             type="rectangle" x="614" y="303" width="46" height="17"/>
    </entry>
    <entry id="16" name="ko:K06464" type="ortholog"
        link="http://www.genome.jp/dbget-bin/www_bget?ko+K06464">
        <graphics name="K06464" fgcolor="#000000" bgcolor="#FFFFFF"
             type="rectangle" x="793" y="303" width="46" height="17"/>
    </entry>
    <entry id="17" name="ko:K06464" type="ortholog"
        link="http://www.genome.jp/dbget-bin/www_bget?ko+K06464">
        <graphics name="K06464" fgcolor="#000000" bgcolor="#FFFFFF"
             type="rectangle" x="709" y="303" width="46" height="17"/>
    </entry>
    <entry id="18" name="ko:K06464" type="ortholog"
        link="http://www.genome.jp/dbget-bin/www_bget?ko+K06464">
        <graphics name="K06464" fgcolor="#000000" bgcolor="#FFFFFF"
             type="rectangle" x="301" y="440" width="46" height="17"/>
    </entry>
    <entry id="19" name="ko:K04351 ko:K08014" type="ortholog"
        link="http://www.genome.jp/dbget-bin/www_bget?ko+K04351+K08014">
        <graphics name="K04351..." fgcolor="#000000" bgcolor="#FFFFFF"
             type="rectangle" x="805" y="209" width="46" height="17"/>
    </entry>
    <entry id="20" name="ko:K05690" type="ortholog"
        link="http://www.genome.jp/dbget-bin/www_bget?ko+K05690">
        <graphics name="K05690" fgcolor="#000000" bgcolor="#FFFFFF"
             type="rectangle" x="357" y="655" width="46" height="17"/>
    </entry>
    <entry id="21" name="cpd:C00575" type="compound"
        link="http://www.genome.jp/dbget-bin/www_bget?compound+C00575">
        <graphics name="C00575" fgcolor="#000000" bgcolor="#FFFFFF"
             type="circle" x="840" y="238" width="8" height="8"/>
    </entry>
    <entry id="22" name="ko:K07363 ko:K08016" type="ortholog"
        link="http://www.genome.jp/dbget-bin/www_bget?ko+K07363+K08016">
        <graphics name="K07363..." fgcolor="#000000" bgcolor="#FFFFFF"
             type="rectangle" x="831" y="176" width="46" height="17"/>
    </entry>
    <entry id="23" name="ko:K08015" type="ortholog"
        link="http://www.genome.jp/dbget-bin/www_bget?ko+K08015">
        <graphics name="K08015" fgcolor="#000000" bgcolor="#FFFFFF"
             type="rectangle" x="749" y="159" width="46" height="17"/>
    </entry>
    <entry id="24" name="ko:K05871" type="ortholog"
        link="http://www.genome.jp/dbget-bin/www_bget?ko+K05871">
        <graphics name="K05871" fgcolor="#000000" bgcolor="#FFFFFF"
             type="rectangle" x="655" y="162" width="46" height="17"/>
    </entry>
    <entry id="25" name="ko:K10031" type="ortholog"
        link="http://www.genome.jp/dbget-bin/www_bget?ko+K10031">
        <graphics name="K10031" fgcolor="#000000" bgcolor="#FFFFFF"
             type="rectangle" x="876" y="339" width="46" height="17"/>
    </entry>
    <entry id="26" name="ko:K04189" type="ortholog"
        link="http://www.genome.jp/dbget-bin/www_bget?ko+K04189">
        <graphics name="K04189" fgcolor="#000000" bgcolor="#FFFFFF"
             type="rectangle" x="876" y="294" width="46" height="17"/>
    </entry>
    <entry id="27" name="ko:K04630" type="ortholog"
        link="http://www.genome.jp/dbget-bin/www_bget?ko+K04630">
        <graphics name="K04630" fgcolor="#000000" bgcolor="#FFFFFF"
             type="rectangle" x="876" y="269" width="46" height="17"/>
    </entry>
    <entry id="28" name="ko:K06514" type="ortholog"
        link="http://www.genome.jp/dbget-bin/www_bget?ko+K06514">
        <graphics name="K06514" fgcolor="#000000" bgcolor="#FFFFFF"
             type="rectangle" x="793" y="339" width="46" height="17"/>
    </entry>
    <entry id="29" name="ko:K05726" type="ortholog"
        link="http://www.genome.jp/dbget-bin/www_bget?ko+K05726">
        <graphics name="K05726" fgcolor="#000000" bgcolor="#FFFFFF"
             type="rectangle" x="772" y="581" width="46" height="17"/>
    </entry>
    <entry id="30" name="cpd:C00027" type="compound"
        link="http://www.genome.jp/dbget-bin/www_bget?compound+C00027">
        <graphics name="C00027" fgcolor="#000000" bgcolor="#FFFFFF"
             type="circle" x="481" y="565" width="8" height="8"/>
    </entry>
    <entry id="31" name="cpd:C00076" type="compound"
        link="http://www.genome.jp/dbget-bin/www_bget?compound+C00076">
        <graphics name="C00076" fgcolor="#000000" bgcolor="#FFFFFF"
             type="circle" x="708" y="430" width="8" height="8"/>
    </entry>
    <entry id="32" name="ko:K06527" type="ortholog"
        link="http://www.genome.jp/dbget-bin/www_bget?ko+K06527">
        <graphics name="K06527" fgcolor="#000000" bgcolor="#FFFFFF"
             type="rectangle" x="614" y="339" width="46" height="17"/>
    </entry>
    <entry id="33" name="ko:K06490" type="ortholog"
        link="http://www.genome.jp/dbget-bin/www_bget?ko+K06490">
        <graphics name="K06490" fgcolor="#000000" bgcolor="#FFFFFF"
             type="rectangle" x="708" y="339" width="46" height="17"/>
    </entry>
    <entry id="34" name="ko:K05702" type="ortholog"
        link="http://www.genome.jp/dbget-bin/www_bget?ko+K05702">
        <graphics name="K05702" fgcolor="#000000" bgcolor="#FFFFFF"
             type="rectangle" x="919" y="468" width="46" height="17"/>
    </entry>
    <entry id="35" name="ko:K04353 ko:K07836" type="ortholog"
        link="http://www.genome.jp/dbget-bin/www_bget?ko+K04353+K07836">
        <graphics name="K04353..." fgcolor="#000000" bgcolor="#FFFFFF"
             type="rectangle" x="919" y="500" width="46" height="17"/>
    </entry>
    <entry id="36" name="ko:K08013" type="ortholog"
        link="http://www.genome.jp/dbget-bin/www_bget?ko+K08013">
        <graphics name="K08013" fgcolor="#000000" bgcolor="#FFFFFF"
             type="rectangle" x="999" y="500" width="46" height="17"/>
    </entry>
    <entry id="37" name="ko:K05859" type="ortholog"
        link="http://www.genome.jp/dbget-bin/www_bget?ko+K05859">
        <graphics name="K05859" fgcolor="#000000" bgcolor="#FFFFFF"
             type="rectangle" x="707" y="387" width="46" height="17"/>
    </entry>
    <entry id="38" name="ko:K06471" type="ortholog"
        link="http://www.genome.jp/dbget-bin/www_bget?ko+K06471">
        <graphics name="K06471" fgcolor="#000000" bgcolor="#FFFFFF"
             type="rectangle" x="300" y="493" width="46" height="17"/>
    </entry>
    <entry id="39" name="ko:K06089" type="ortholog"
        link="http://www.genome.jp/dbget-bin/www_bget?ko+K06089">
        <graphics name="K06089" fgcolor="#000000" bgcolor="#FFFFFF"
             type="rectangle" x="359" y="431" width="46" height="17"/>
    </entry>
    <entry id="40" name="ko:K05718" type="ortholog"
        link="http://www.genome.jp/dbget-bin/www_bget?ko+K05718">
        <graphics name="K05718" fgcolor="#000000" bgcolor="#FFFFFF"
             type="rectangle" x="301" y="423" width="46" height="17"/>
    </entry>
    <entry id="41" name="ko:K06533" type="ortholog"
        link="http://www.genome.jp/dbget-bin/www_bget?ko+K06533">
        <graphics name="K06533" fgcolor="#000000" bgcolor="#FFFFFF"
             type="rectangle" x="201" y="642" width="46" height="17"/>
    </entry>
    <entry id="42" name="ko:K07293" type="ortholog"
        link="http://www.genome.jp/dbget-bin/www_bget?ko+K07293">
        <graphics name="K07293" fgcolor="#000000" bgcolor="#FFFFFF"
             type="rectangle" x="456" y="517" width="46" height="17"/>
    </entry>
    <entry id="43" name="ko:K06520" type="ortholog"
        link="http://www.genome.jp/dbget-bin/www_bget?ko+K06520">
        <graphics name="K06520" fgcolor="#000000" bgcolor="#FFFFFF"
             type="rectangle" x="151" y="530" width="46" height="17"/>
    </entry>
    <entry id="44" name="ko:K05719" type="ortholog"
        link="http://www.genome.jp/dbget-bin/www_bget?ko+K05719">
        <graphics name="K05719" fgcolor="#000000" bgcolor="#FFFFFF"
             type="rectangle" x="210" y="474" width="46" height="17"/>
    </entry>
    <entry id="45" name="ko:K06483" type="ortholog"
        link="http://www.genome.jp/dbget-bin/www_bget?ko+K06483">
        <graphics name="K06483" fgcolor="#000000" bgcolor="#FFFFFF"
             type="rectangle" x="210" y="457" width="46" height="17"/>
    </entry>
    <entry id="46" name="ko:K06735" type="ortholog"
        link="http://www.genome.jp/dbget-bin/www_bget?ko+K06735">
        <graphics name="K06735" fgcolor="#000000" bgcolor="#FFFFFF"
             type="rectangle" x="151" y="465" width="46" height="17"/>
    </entry>
    <entry id="47" name="ko:K06464" type="ortholog"
        link="http://www.genome.jp/dbget-bin/www_bget?ko+K06464">
        <graphics name="K06464" fgcolor="#000000" bgcolor="#FFFFFF"
             type="rectangle" x="210" y="409" width="46" height="17"/>
    </entry>
    <entry id="48" name="ko:K06461" type="ortholog"
        link="http://www.genome.jp/dbget-bin/www_bget?ko+K06461">
        <graphics name="K06461" fgcolor="#000000" bgcolor="#FFFFFF"
             type="rectangle" x="210" y="392" width="46" height="17"/>
    </entry>
    <entry id="49" name="ko:K00922 ko:K02649" type="ortholog"
        link="http://www.genome.jp/dbget-bin/www_bget?ko+K00922+K02649">
        <graphics name="K00922..." fgcolor="#000000" bgcolor="#FFFFFF"
             type="rectangle" x="655" y="412" width="46" height="17"/>
    </entry>
    <entry id="50" name="ko:K05692" type="ortholog"
        link="http://www.genome.jp/dbget-bin/www_bget?ko+K05692">
        <graphics name="K05692" fgcolor="#000000" bgcolor="#FFFFFF"
             type="rectangle" x="1001" y="325" width="46" height="17"/>
    </entry>
    <entry id="51" name="ko:K10351" type="ortholog"
        link="http://www.genome.jp/dbget-bin/www_bget?ko+K10351">
        <graphics name="K10351" fgcolor="#000000" bgcolor="#FFFFFF"
             type="rectangle" x="780" y="92" width="46" height="17"/>
    </entry>
    <entry id="52" name="ko:K04514" type="ortholog"
        link="http://www.genome.jp/dbget-bin/www_bget?ko+K04514">
        <graphics name="K04514" fgcolor="#000000" bgcolor="#FFFFFF"
             type="rectangle" x="705" y="92" width="46" height="17"/>
    </entry>
    <entry id="53" name="ko:K04513" type="ortholog"
        link="http://www.genome.jp/dbget-bin/www_bget?ko+K04513">
        <graphics name="K04513" fgcolor="#000000" bgcolor="#FFFFFF"
             type="rectangle" x="630" y="92" width="46" height="17"/>
    </entry>
    <entry id="54" name="ko:K02105" type="ortholog"
        link="http://www.genome.jp/dbget-bin/www_bget?ko+K02105">
        <graphics name="K02105" fgcolor="#000000" bgcolor="#FFFFFF"
             type="rectangle" x="429" y="493" width="46" height="17"/>
    </entry>
    <entry id="55" name="ko:K05692" type="ortholog"
        link="http://www.genome.jp/dbget-bin/www_bget?ko+K05692">
        <graphics name="K05692" fgcolor="#000000" bgcolor="#FFFFFF"
             type="rectangle" x="846" y="642" width="46" height="17"/>
    </entry>
    <entry id="56" name="path:map04514" type="map"
        link="http://www.genome.jp/kegg/pathway/map/map04514.html">
        <graphics name="Cell adhesion molecules (CAMs)" fgcolor="#000000" bgcolor="#FFFFFF"
             type="roundrectangle" x="384" y="705" width="111" height="34"/>
    </entry>
    <entry id="57" name="path:map04810" type="map"
        link="http://www.genome.jp/kegg/pathway/map/map04810.html">
        <graphics name="Regulation of actin cytoskeleton" fgcolor="#000000" bgcolor="#FFFFFF"
             type="roundrectangle" x="962" y="637" width="111" height="34"/>
    </entry>
    <entry id="58" name="ko:K04393" type="ortholog"
        link="http://www.genome.jp/dbget-bin/www_bget?ko+K04393">
        <graphics name="K04393" fgcolor="#000000" bgcolor="#FFFFFF"
             type="rectangle" x="865" y="143" width="46" height="17"/>
    </entry>
    <entry id="59" name="cpd:C00076" type="compound"
        link="http://www.genome.jp/dbget-bin/www_bget?compound+C00076">
        <graphics name="C00076" fgcolor="#000000" bgcolor="#FFFFFF"
             type="circle" x="606" y="444" width="8" height="8"/>
    </entry>
    <entry id="60" name="cpd:C04637" type="compound"
        link="http://www.genome.jp/dbget-bin/www_bget?compound+C04637">
        <graphics name="C04637" fgcolor="#000000" bgcolor="#FFFFFF"
             type="circle" x="972" y="378" width="8" height="8"/>
    </entry>
    <entry id="61" name="ko:K10351" type="ortholog"
        link="http://www.genome.jp/dbget-bin/www_bget?ko+K10351">
        <graphics name="K10351" fgcolor="#000000" bgcolor="#FFFFFF"
             type="rectangle" x="846" y="587" width="46" height="17"/>
    </entry>
    <entry id="62" name="ko:K04514" type="ortholog"
        link="http://www.genome.jp/dbget-bin/www_bget?ko+K04514">
        <graphics name="K04514" fgcolor="#000000" bgcolor="#FFFFFF"
             type="rectangle" x="846" y="532" width="46" height="17"/>
    </entry>
    <entry id="63" name="ko:K06483" type="ortholog"
        link="http://www.genome.jp/dbget-bin/www_bget?ko+K06483">
        <graphics name="K06483" fgcolor="#000000" bgcolor="#FFFFFF"
             type="rectangle" x="614" y="286" width="46" height="17"/>
    </entry>
    <entry id="64" name="ko:K07873" type="ortholog"
        link="http://www.genome.jp/dbget-bin/www_bget?ko+K07873">
        <graphics name="K07873" fgcolor="#000000" bgcolor="#FFFFFF"
             type="rectangle" x="605" y="239" width="46" height="17"/>
    </entry>
    <entry id="65" name="ko:K05763 ko:K08007" type="ortholog"
        link="http://www.genome.jp/dbget-bin/www_bget?ko+K05763+K08007">
        <graphics name="K05763..." fgcolor="#000000" bgcolor="#FFFFFF"
             type="rectangle" x="581" y="356" width="46" height="17"/>
    </entry>
    <entry id="66" name="ko:K05700" type="ortholog"
        link="http://www.genome.jp/dbget-bin/www_bget?ko+K05700">
        <graphics name="K05700" fgcolor="#000000" bgcolor="#FFFFFF"
             type="rectangle" x="1026" y="376" width="46" height="17"/>
    </entry>
    <entry id="67" name="ko:K06274" type="ortholog"
        link="http://www.genome.jp/dbget-bin/www_bget?ko+K06274">
        <graphics name="K06274" fgcolor="#000000" bgcolor="#FFFFFF"
             type="rectangle" x="973" y="352" width="46" height="17"/>
    </entry>
    <entry id="68" name="ko:K00922 ko:K02649" type="ortholog"
        link="http://www.genome.jp/dbget-bin/www_bget?ko+K00922+K02649">
        <graphics name="K00922..." fgcolor="#000000" bgcolor="#FFFFFF"
             type="rectangle" x="915" y="218" width="46" height="17"/>
    </entry>
    <entry id="69" name="ko:K05699" type="ortholog"
        link="http://www.genome.jp/dbget-bin/www_bget?ko+K05699">
        <graphics name="K05699" fgcolor="#000000" bgcolor="#FFFFFF"
             type="rectangle" x="1026" y="352" width="46" height="17"/>
    </entry>
    <entry id="70" name="ko:K02677" type="ortholog"
        link="http://www.genome.jp/dbget-bin/www_bget?ko+K02677">
        <graphics name="K02677" fgcolor="#000000" bgcolor="#FFFFFF"
             type="rectangle" x="707" y="476" width="46" height="17"/>
    </entry>
    <entry id="71" name="ko:K05725" type="ortholog"
        link="http://www.genome.jp/dbget-bin/www_bget?ko+K05725">
        <graphics name="K05725" fgcolor="#000000" bgcolor="#FFFFFF"
             type="rectangle" x="772" y="536" width="46" height="17"/>
    </entry>
    <entry id="72" name="ko:K04513" type="ortholog"
        link="http://www.genome.jp/dbget-bin/www_bget?ko+K04513">
        <graphics name="K04513" fgcolor="#000000" bgcolor="#FFFFFF"
             type="rectangle" x="846" y="478" width="46" height="17"/>
    </entry>
    <entry id="73" name="ko:K06785" type="ortholog"
        link="http://www.genome.jp/dbget-bin/www_bget?ko+K06785">
        <graphics name="K06785" fgcolor="#000000" bgcolor="#FFFFFF"
             type="rectangle" x="151" y="401" width="46" height="17"/>
    </entry>
    <entry id="74" name="path:map04670" type="map"
        link="http://www.genome.jp/dbget-bin/get_linkdb?pathway+map04670">
        <graphics name="TITLE:Leukocyte transendothelial migration" fgcolor="#000000" bgcolor="#FFFFFF"
             type="roundrectangle" x="239" y="67" width="359" height="25"/>
    </entry>
    <entry id="75" name="ko:K04441" type="ortholog"
        link="http://www.genome.jp/dbget-bin/www_bget?ko+K04441">
        <graphics name="K04441" fgcolor="#000000" bgcolor="#FFFFFF"
             type="rectangle" x="588" y="598" width="46" height="17"/>
    </entry>
    <entry id="76" name="ko:K05732" type="ortholog"
        link="http://www.genome.jp/dbget-bin/www_bget?ko+K05732">
        <graphics name="K05732" fgcolor="#000000" bgcolor="#FFFFFF"
             type="rectangle" x="815" y="405" width="46" height="17"/>
    </entry>
    <entry id="77" name="ko:K05691" type="ortholog"
        link="http://www.genome.jp/dbget-bin/www_bget?ko+K05691">
        <graphics name="K05691" fgcolor="#000000" bgcolor="#FFFFFF"
             type="rectangle" x="546" y="642" width="46" height="17"/>
    </entry>
    <entry id="78" name="ko:K08008" type="ortholog"
        link="http://www.genome.jp/dbget-bin/www_bget?ko+K08008">
        <graphics name="K08008" fgcolor="#000000" bgcolor="#FFFFFF"
             type="rectangle" x="558" y="509" width="46" height="17"/>
    </entry>
    <entry id="79" name="ko:K08009" type="ortholog"
        link="http://www.genome.jp/dbget-bin/www_bget?ko+K08009">
        <graphics name="K08009" fgcolor="#000000" bgcolor="#FFFFFF"
             type="rectangle" x="601" y="509" width="46" height="17"/>
    </entry>
    <entry id="80" name="ko:K08010" type="ortholog"
        link="http://www.genome.jp/dbget-bin/www_bget?ko+K08010">
        <graphics name="K08010" fgcolor="#000000" bgcolor="#FFFFFF"
             type="rectangle" x="558" y="526" width="46" height="17"/>
    </entry>
    <entry id="81" name="ko:K05760" type="ortholog"
        link="http://www.genome.jp/dbget-bin/www_bget?ko+K05760">
        <graphics name="K05760" fgcolor="#000000" bgcolor="#FFFFFF"
             type="rectangle" x="772" y="559" width="46" height="17"/>
    </entry>
    <entry id="82" name="ko:K08011" type="ortholog"
        link="http://www.genome.jp/dbget-bin/www_bget?ko+K08011">
        <graphics name="K08011" fgcolor="#000000" bgcolor="#FFFFFF"
             type="rectangle" x="601" y="526" width="46" height="17"/>
    </entry>
    <entry id="83" name="ko:K04392" type="ortholog"
        link="http://www.genome.jp/dbget-bin/www_bget?ko+K04392">
        <graphics name="K04392" fgcolor="#000000" bgcolor="#FFFFFF"
             type="rectangle" x="639" y="462" width="46" height="17"/>
    </entry>
    <entry id="84" name="ko:K08012" type="ortholog"
        link="http://www.genome.jp/dbget-bin/www_bget?ko+K08012">
        <graphics name="K08012" fgcolor="#000000" bgcolor="#FFFFFF"
             type="rectangle" x="580" y="543" width="46" height="17"/>
    </entry>
    <entry id="85" name="ko:K05730" type="ortholog"
        link="http://www.genome.jp/dbget-bin/www_bget?ko+K05730">
        <graphics name="K05730" fgcolor="#000000" bgcolor="#FFFFFF"
             type="rectangle" x="749" y="130" width="46" height="17"/>
    </entry>
    <entry id="86" name="ko:K02105" type="ortholog"
        link="http://www.genome.jp/dbget-bin/www_bget?ko+K02105">
        <graphics name="K02105" fgcolor="#000000" bgcolor="#FFFFFF"
             type="rectangle" x="427" y="642" width="46" height="17"/>
    </entry>
    <entry id="87" name="ko:K05692" type="ortholog"
        link="http://www.genome.jp/dbget-bin/www_bget?ko+K05692">
        <graphics name="K05692" fgcolor="#000000" bgcolor="#FFFFFF"
             type="rectangle" x="519" y="322" width="46" height="17"/>
    </entry>
    <entry id="88" name="undefined" type="group">
        <graphics fgcolor="#000000" bgcolor="#FFFFFF"
             type="rectangle" x="579" y="526" width="109" height="71"/>
        <component id="78"/>
        <component id="79"/>
        <component id="80"/>
        <component id="82"/>
        <component id="84"/>
    </entry>
    <entry id="89" name="undefined" type="group">
        <graphics fgcolor="#000000" bgcolor="#FFFFFF"
             type="rectangle" x="210" y="401" width="66" height="54"/>
        <component id="47"/>
        <component id="48"/>
    </entry>
    <entry id="90" name="undefined" type="group">
        <graphics fgcolor="#000000" bgcolor="#FFFFFF"
             type="rectangle" x="210" y="466" width="66" height="54"/>
        <component id="44"/>
        <component id="45"/>
    </entry>
    <entry id="91" name="undefined" type="group">
        <graphics fgcolor="#000000" bgcolor="#FFFFFF"
             type="rectangle" x="301" y="432" width="66" height="54"/>
        <component id="18"/>
        <component id="40"/>
    </entry>
    <entry id="92" name="undefined" type="group">
        <graphics fgcolor="#000000" bgcolor="#FFFFFF"
             type="rectangle" x="614" y="295" width="66" height="54"/>
        <component id="15"/>
        <component id="63"/>
    </entry>
    <entry id="93" name="undefined" type="group">
        <graphics fgcolor="#000000" bgcolor="#FFFFFF"
             type="rectangle" x="709" y="295" width="66" height="54"/>
        <component id="7"/>
        <component id="17"/>
    </entry>
    <entry id="94" name="undefined" type="group">
        <graphics fgcolor="#000000" bgcolor="#FFFFFF"
             type="rectangle" x="793" y="295" width="66" height="54"/>
        <component id="6"/>
        <component id="16"/>
    </entry>
    <entry id="95" name="undefined" type="group">
        <graphics fgcolor="#000000" bgcolor="#FFFFFF"
             type="rectangle" x="749" y="168" width="66" height="54"/>
        <component id="4"/>
        <component id="23"/>
    </entry>
    <relation entry1="27" entry2="19" type="ECrel">
        <subtype name="hidden compound" value=""/>
    </relation>
    <relation entry1="32" entry2="88" type="ECrel">
        <subtype name="hidden compound" value=""/>
    </relation>
    <relation entry1="37" entry2="70" type="ECrel">
        <subtype name="hidden compound" value=""/>
    </relation>
    <relation entry1="88" entry2="2" type="ECrel">
        <subtype name="hidden compound" value=""/>
    </relation>
    <relation entry1="88" entry2="75" type="ECrel">
        <subtype name="hidden compound" value=""/>
    </relation>
    <relation entry1="73" entry2="89" type="PPrel">
        <subtype name="binding/association" value="---"/>
    </relation>
    <relation entry1="46" entry2="90" type="PPrel">
        <subtype name="binding/association" value="---"/>
    </relation>
    <relation entry1="13" entry2="43" type="PPrel">
        <subtype name="binding/association" value="---"/>
    </relation>
    <relation entry1="39" entry2="91" type="PPrel">
        <subtype name="binding/association" value="---"/>
    </relation>
    <relation entry1="14" entry2="54" type="PPrel">
        <subtype name="binding/association" value="---"/>
    </relation>
    <relation entry1="12" entry2="20" type="PPrel">
        <subtype name="binding/association" value="---"/>
    </relation>
    <relation entry1="12" entry2="86" type="PPrel">
        <subtype name="binding/association" value="---"/>
    </relation>
    <relation entry1="77" entry2="86" type="PPrel">
        <subtype name="binding/association" value="---"/>
    </relation>
    <relation entry1="55" entry2="77" type="PPrel">
        <subtype name="binding/association" value="---"/>
    </relation>
    <relation entry1="34" entry2="35" type="PPrel">
        <subtype name="binding/association" value="---"/>
    </relation>
    <relation entry1="32" entry2="92" type="PPrel">
        <subtype name="binding/association" value="---"/>
    </relation>
    <relation entry1="33" entry2="93" type="PPrel">
        <subtype name="binding/association" value="---"/>
    </relation>
    <relation entry1="28" entry2="94" type="PPrel">
        <subtype name="binding/association" value="---"/>
    </relation>
    <relation entry1="26" entry2="27" type="PPrel">
        <subtype name="binding/association" value="---"/>
    </relation>
    <relation entry1="25" entry2="26" type="PPrel">
        <subtype name="binding/association" value="---"/>
    </relation>
    <relation entry1="12" entry2="41" type="PPrel">
        <subtype name="dissociation" value="-+-"/>
    </relation>
    <relation entry1="14" entry2="38" type="PPrel">
        <subtype name="dissociation" value="-+-"/>
    </relation>
    <relation entry1="32" entry2="65" type="PPrel">
        <subtype name="binding/association" value="---"/>
    </relation>
    <relation entry1="11" entry2="33" type="PPrel">
        <subtype name="binding/association" value="---"/>
    </relation>
    <relation entry1="95" entry2="92" type="PPrel">
        <subtype name="activation" value="-->"/>
    </relation>
    <relation entry1="95" entry2="93" type="PPrel">
        <subtype name="activation" value="-->"/>
    </relation>
    <relation entry1="95" entry2="94" type="PPrel">
        <subtype name="activation" value="-->"/>
    </relation>
    <relation entry1="19" entry2="95" type="PPrel">
        <subtype name="activation" value="-->"/>
    </relation>
    <relation entry1="22" entry2="85" type="PPrel">
        <subtype name="activation" value="-->"/>
    </relation>
    <relation entry1="68" entry2="22" type="PPrel">
        <subtype name="activation" value="-->"/>
    </relation>
    <relation entry1="27" entry2="68" type="PPrel">
        <subtype name="activation" value="-->"/>
    </relation>
    <relation entry1="93" entry2="5" type="PPrel">
        <subtype name="activation" value="-->"/>
    </relation>
    <relation entry1="5" entry2="53" type="PPrel">
        <subtype name="activation" value="-->"/>
    </relation>
    <relation entry1="53" entry2="52" type="PPrel">
        <subtype name="activation" value="-->"/>
    </relation>
    <relation entry1="52" entry2="51" type="PPrel">
        <subtype name="activation" value="-->"/>
    </relation>
    <relation entry1="85" entry2="10" type="PPrel">
        <subtype name="activation" value="-->"/>
    </relation>
    <relation entry1="85" entry2="58" type="PPrel">
        <subtype name="activation" value="-->"/>
    </relation>
    <relation entry1="85" entry2="9" type="PPrel">
        <subtype name="activation" value="-->"/>
    </relation>
    <relation entry1="33" entry2="37" type="PPrel">
        <subtype name="activation" value="-->"/>
    </relation>
    <relation entry1="83" entry2="88" type="PPrel">
        <subtype name="activation" value="-->"/>
    </relation>
    <relation entry1="24" entry2="85" type="PPrel">
        <subtype name="indirect" value="..>"/>
    </relation>
    <relation entry1="93" entry2="24" type="PPrel">
        <subtype name="indirect" value="..>"/>
    </relation>
    <relation entry1="26" entry2="24" type="PPrel">
        <subtype name="indirect" value="..>"/>
    </relation>
    <relation entry1="33" entry2="72" type="PPrel">
        <subtype name="indirect" value="..>"/>
    </relation>
    <relation entry1="72" entry2="71" type="PPrel">
        <subtype name="indirect" value="..>"/>
    </relation>
    <relation entry1="72" entry2="81" type="PPrel">
        <subtype name="indirect" value="..>"/>
    </relation>
    <relation entry1="72" entry2="29" type="PPrel">
        <subtype name="indirect" value="..>"/>
    </relation>
    <relation entry1="70" entry2="71" type="PPrel">
        <subtype name="indirect" value="..>"/>
    </relation>
    <relation entry1="70" entry2="81" type="PPrel">
        <subtype name="indirect" value="..>"/>
    </relation>
    <relation entry1="70" entry2="29" type="PPrel">
        <subtype name="indirect" value="..>"/>
    </relation>
    <relation entry1="72" entry2="62" type="PPrel">
        <subtype name="activation" value="-->"/>
    </relation>
    <relation entry1="61" entry2="55" type="PPrel">
        <subtype name="activation" value="-->"/>
    </relation>
    <relation entry1="62" entry2="61" type="PPrel">
        <subtype name="activation" value="-->"/>
        <subtype name="phosphorylation" value="+p"/>
    </relation>
    <relation entry1="65" entry2="87" type="PPrel">
        <subtype name="indirect" value="..>"/>
    </relation>
    <relation entry1="11" entry2="87" type="PPrel">
        <subtype name="indirect" value="..>"/>
    </relation>
    <relation entry1="28" entry2="76" type="PPrel">
        <subtype name="inhibition" value="--|"/>
    </relation>
    <relation entry1="76" entry2="72" type="PPrel">
        <subtype name="inhibition" value="--|"/>
    </relation>
    <relation entry1="35" entry2="72" type="PPrel">
        <subtype name="inhibition" value="--|"/>
    </relation>
    <relation entry1="36" entry2="35" type="PPrel">
        <subtype name="inhibition" value="--|"/>
    </relation>
    <relation entry1="32" entry2="49" type="PPrel">
        <subtype name="indirect" value="..>"/>
    </relation>
    <relation entry1="49" entry2="83" type="PPrel">
        <subtype name="indirect" value="..>"/>
    </relation>
    <relation entry1="3" entry2="1" type="PPrel">
        <subtype name="binding/association" value="---"/>
    </relation>
</pathway>
