<?xml version="1.0"?>
<!DOCTYPE pathway SYSTEM "http://www.genome.jp/kegg/xml/KGML_v0.6.1_.dtd">
<!-- Creation date: Jan 20 2009 01:56:57 +0900 (JST) -->
<pathway name="path:map04011" org="map" number="04011"
         title="MAPK signaling pathway - yeast"
         image="http://www.genome.jp/kegg/pathway/map/map04011.gif"
         link="http://www.genome.jp/dbget-bin/show_pathway?map04011">
    <entry id="1" name="ko:K09450" type="ortholog"
        link="http://www.genome.jp/dbget-bin/www_bget?ko+K09450">
        <graphics name="K09450" fgcolor="#000000" bgcolor="#FFFFFF"
             type="rectangle" x="779" y="464" width="46" height="17"/>
    </entry>
    <entry id="2" name="ko:K11215" type="ortholog"
        link="http://www.genome.jp/dbget-bin/www_bget?ko+K11215">
        <graphics name="K11215" fgcolor="#000000" bgcolor="#FFFFFF"
             type="rectangle" x="722" y="489" width="46" height="17"/>
    </entry>
    <entry id="3" name="ko:K11241 ko:K11242" type="ortholog"
        link="http://www.genome.jp/dbget-bin/www_bget?ko+K11241+K11242">
        <graphics name="K11241..." fgcolor="#000000" bgcolor="#FFFFFF"
             type="rectangle" x="722" y="445" width="46" height="17"/>
    </entry>
    <entry id="4" name="sce:YGR040W" type="other">
        <graphics name="KSS1" fgcolor="#000000" bgcolor="#FFFFFF"
             type="rectangle" x="633" y="489" width="46" height="17"/>
    </entry>
    <entry id="5" name="ko:K11226" type="ortholog"
        link="http://www.genome.jp/dbget-bin/www_bget?ko+K11226">
        <graphics name="K11226" fgcolor="#000000" bgcolor="#FFFFFF"
             type="rectangle" x="559" y="489" width="46" height="17"/>
    </entry>
    <entry id="6" name="ko:K11228" type="ortholog"
        link="http://www.genome.jp/dbget-bin/www_bget?ko+K11228">
        <graphics name="K11228" fgcolor="#000000" bgcolor="#FFFFFF"
             type="rectangle" x="486" y="489" width="46" height="17"/>
    </entry>
    <entry id="7" name="ko:K04409" type="ortholog"
        link="http://www.genome.jp/dbget-bin/www_bget?ko+K04409">
        <graphics name="K04409" fgcolor="#000000" bgcolor="#FFFFFF"
             type="rectangle" x="411" y="489" width="46" height="17"/>
    </entry>
    <entry id="8" name="ko:K04393" type="ortholog"
        link="http://www.genome.jp/dbget-bin/www_bget?ko+K04393">
        <graphics name="K04393" fgcolor="#000000" bgcolor="#FFFFFF"
             type="rectangle" x="336" y="489" width="46" height="17"/>
    </entry>
    <entry id="9" name="sce:YNL098C" type="other">
        <graphics name="RAS2" fgcolor="#000000" bgcolor="#FFFFFF"
             type="rectangle" x="224" y="461" width="46" height="17"/>
    </entry>
    <entry id="10" name="ko:K11246" type="ortholog"
        link="http://www.genome.jp/dbget-bin/www_bget?ko+K11246">
        <graphics name="K11246" fgcolor="#000000" bgcolor="#FFFFFF"
             type="rectangle" x="184" y="489" width="46" height="17"/>
    </entry>
    <entry id="11" name="sce:YGR088W" type="other">
        <graphics name="CTT1" fgcolor="#000000" bgcolor="#FFFFFF"
             type="rectangle" x="836" y="412" width="46" height="17"/>
    </entry>
    <entry id="12" name="ko:K09291" type="ortholog"
        link="http://www.genome.jp/dbget-bin/www_bget?ko+K09291">
        <graphics name="K09291" fgcolor="#000000" bgcolor="#FFFFFF"
             type="rectangle" x="633" y="311" width="46" height="17"/>
    </entry>
    <entry id="13" name="ko:K04464" type="ortholog"
        link="http://www.genome.jp/dbget-bin/www_bget?ko+K04464">
        <graphics name="K04464" fgcolor="#000000" bgcolor="#FFFFFF"
             type="rectangle" x="633" y="291" width="46" height="17"/>
    </entry>
    <entry id="14" name="sce:YLR342W" type="other">
        <graphics name="FKS1" fgcolor="#000000" bgcolor="#FFFFFF"
             type="rectangle" x="336" y="328" width="46" height="17"/>
    </entry>
    <entry id="15" name="sce:YPR165W" type="other">
        <graphics name="RHO1" fgcolor="#000000" bgcolor="#FFFFFF"
             type="rectangle" x="336" y="291" width="46" height="17"/>
    </entry>
    <entry id="16" name="ko:K11245" type="ortholog"
        link="http://www.genome.jp/dbget-bin/www_bget?ko+K11245">
        <graphics name="K11245" fgcolor="#000000" bgcolor="#FFFFFF"
             type="rectangle" x="184" y="291" width="46" height="17"/>
    </entry>
    <entry id="17" name="ko:K11244" type="ortholog"
        link="http://www.genome.jp/dbget-bin/www_bget?ko+K11244">
        <graphics name="K11244" fgcolor="#000000" bgcolor="#FFFFFF"
             type="rectangle" x="184" y="262" width="46" height="17"/>
    </entry>
    <entry id="18" name="ko:K11243" type="ortholog"
        link="http://www.genome.jp/dbget-bin/www_bget?ko+K11243">
        <graphics name="K11243" fgcolor="#000000" bgcolor="#FFFFFF"
             type="rectangle" x="836" y="177" width="46" height="17"/>
    </entry>
    <entry id="19" name="ko:K11241 ko:K11242" type="ortholog"
        link="http://www.genome.jp/dbget-bin/www_bget?ko+K11241+K11242">
        <graphics name="K11241..." fgcolor="#000000" bgcolor="#FFFFFF"
             type="rectangle" x="722" y="134" width="46" height="17"/>
    </entry>
    <entry id="20" name="ko:K11238" type="ortholog"
        link="http://www.genome.jp/dbget-bin/www_bget?ko+K11238">
        <graphics name="K11238" fgcolor="#000000" bgcolor="#FFFFFF"
             type="rectangle" x="411" y="223" width="46" height="17"/>
    </entry>
    <entry id="21" name="ko:K11235" type="ortholog"
        link="http://www.genome.jp/dbget-bin/www_bget?ko+K11235">
        <graphics name="K11235" fgcolor="#000000" bgcolor="#FFFFFF"
             type="rectangle" x="110" y="192" width="46" height="17"/>
    </entry>
    <entry id="22" name="ko:K11213" type="ortholog"
        link="http://www.genome.jp/dbget-bin/www_bget?ko+K11213">
        <graphics name="K11213" fgcolor="#000000" bgcolor="#FFFFFF"
             type="rectangle" x="184" y="162" width="46" height="17"/>
    </entry>
    <entry id="23" name="ko:K04627" type="ortholog"
        link="http://www.genome.jp/dbget-bin/www_bget?ko+K04627">
        <graphics name="K04627" fgcolor="#000000" bgcolor="#FFFFFF"
             type="rectangle" x="184" y="192" width="46" height="17"/>
    </entry>
    <entry id="24" name="ko:K11234" type="ortholog"
        link="http://www.genome.jp/dbget-bin/www_bget?ko+K11234">
        <graphics name="K11234" fgcolor="#000000" bgcolor="#FFFFFF"
             type="rectangle" x="110" y="162" width="46" height="17"/>
    </entry>
    <entry id="25" name="sce:YHR005C" type="other">
        <graphics name="GPA1" fgcolor="#000000" bgcolor="#FFFFFF"
             type="rectangle" x="259" y="177" width="46" height="17"/>
    </entry>
    <entry id="26" name="ko:K07972" type="ortholog"
        link="http://www.genome.jp/dbget-bin/www_bget?ko+K07972">
        <graphics name="K07972" fgcolor="#000000" bgcolor="#FFFFFF"
             type="rectangle" x="259" y="206" width="46" height="17"/>
    </entry>
    <entry id="27" name="ko:K07973" type="ortholog"
        link="http://www.genome.jp/dbget-bin/www_bget?ko+K07973">
        <graphics name="K07973" fgcolor="#000000" bgcolor="#FFFFFF"
             type="rectangle" x="259" y="223" width="46" height="17"/>
    </entry>
    <entry id="28" name="ko:K11237" type="ortholog"
        link="http://www.genome.jp/dbget-bin/www_bget?ko+K11237">
        <graphics name="K11237" fgcolor="#000000" bgcolor="#FFFFFF"
             type="rectangle" x="387" y="152" width="46" height="17"/>
    </entry>
    <entry id="29" name="ko:K04409" type="ortholog"
        link="http://www.genome.jp/dbget-bin/www_bget?ko+K04409">
        <graphics name="K04409" fgcolor="#000000" bgcolor="#FFFFFF"
             type="rectangle" x="411" y="177" width="46" height="17"/>
    </entry>
    <entry id="30" name="ko:K11236" type="ortholog"
        link="http://www.genome.jp/dbget-bin/www_bget?ko+K11236">
        <graphics name="K11236" fgcolor="#000000" bgcolor="#FFFFFF"
             type="rectangle" x="336" y="214" width="46" height="17"/>
    </entry>
    <entry id="31" name="ko:K04393" type="ortholog"
        link="http://www.genome.jp/dbget-bin/www_bget?ko+K04393">
        <graphics name="K04393" fgcolor="#000000" bgcolor="#FFFFFF"
             type="rectangle" x="336" y="177" width="46" height="17"/>
    </entry>
    <entry id="32" name="ko:K11239" type="ortholog"
        link="http://www.genome.jp/dbget-bin/www_bget?ko+K11239">
        <graphics name="K11239" fgcolor="#000000" bgcolor="#FFFFFF"
             type="rectangle" x="521" y="152" width="46" height="17"/>
    </entry>
    <entry id="33" name="ko:K11228" type="ortholog"
        link="http://www.genome.jp/dbget-bin/www_bget?ko+K11228">
        <graphics name="K11228" fgcolor="#000000" bgcolor="#FFFFFF"
             type="rectangle" x="486" y="177" width="46" height="17"/>
    </entry>
    <entry id="34" name="ko:K11226" type="ortholog"
        link="http://www.genome.jp/dbget-bin/www_bget?ko+K11226">
        <graphics name="K11226" fgcolor="#000000" bgcolor="#FFFFFF"
             type="rectangle" x="559" y="177" width="46" height="17"/>
    </entry>
    <entry id="35" name="sce:YBL016W" type="other">
        <graphics name="FUS3" fgcolor="#000000" bgcolor="#FFFFFF"
             type="rectangle" x="633" y="177" width="46" height="17"/>
    </entry>
    <entry id="36" name="ko:K11240" type="ortholog"
        link="http://www.genome.jp/dbget-bin/www_bget?ko+K11240">
        <graphics name="K11240" fgcolor="#000000" bgcolor="#FFFFFF"
             type="rectangle" x="633" y="231" width="46" height="17"/>
    </entry>
    <entry id="37" name="ko:K11215" type="ortholog"
        link="http://www.genome.jp/dbget-bin/www_bget?ko+K11215">
        <graphics name="K11215" fgcolor="#000000" bgcolor="#FFFFFF"
             type="rectangle" x="722" y="177" width="46" height="17"/>
    </entry>
    <entry id="38" name="ko:K06652" type="ortholog"
        link="http://www.genome.jp/dbget-bin/www_bget?ko+K06652">
        <graphics name="K06652" fgcolor="#000000" bgcolor="#FFFFFF"
             type="rectangle" x="722" y="214" width="46" height="17"/>
    </entry>
    <entry id="39" name="sce:YMR043W" type="other">
        <graphics name="MCM1" fgcolor="#000000" bgcolor="#FFFFFF"
             type="rectangle" x="779" y="152" width="46" height="17"/>
    </entry>
    <entry id="40" name="ko:K02677" type="ortholog"
        link="http://www.genome.jp/dbget-bin/www_bget?ko+K02677">
        <graphics name="K02677" fgcolor="#000000" bgcolor="#FFFFFF"
             type="rectangle" x="411" y="291" width="46" height="17"/>
    </entry>
    <entry id="41" name="ko:K11229" type="ortholog"
        link="http://www.genome.jp/dbget-bin/www_bget?ko+K11229">
        <graphics name="K11229" fgcolor="#000000" bgcolor="#FFFFFF"
             type="rectangle" x="486" y="291" width="46" height="17"/>
    </entry>
    <entry id="42" name="ko:K08294" type="ortholog"
        link="http://www.genome.jp/dbget-bin/www_bget?ko+K08294">
        <graphics name="K08294" fgcolor="#000000" bgcolor="#FFFFFF"
             type="rectangle" x="559" y="291" width="46" height="17"/>
    </entry>
    <entry id="43" name="sce:YPL089C" type="other">
        <graphics name="RLM1" fgcolor="#000000" bgcolor="#FFFFFF"
             type="rectangle" x="722" y="291" width="46" height="17"/>
    </entry>
    <entry id="44" name="sce:YGR032W" type="other">
        <graphics name="GSC2" fgcolor="#000000" bgcolor="#FFFFFF"
             type="rectangle" x="836" y="291" width="46" height="17"/>
    </entry>
    <entry id="45" name="ko:K11228" type="ortholog"
        link="http://www.genome.jp/dbget-bin/www_bget?ko+K11228">
        <graphics name="K11228" fgcolor="#000000" bgcolor="#FFFFFF"
             type="rectangle" x="486" y="361" width="46" height="17"/>
    </entry>
    <entry id="46" name="ko:K06649 ko:K06648" type="ortholog"
        link="http://www.genome.jp/dbget-bin/www_bget?ko+K06649+K06648">
        <graphics name="K06649..." fgcolor="#000000" bgcolor="#FFFFFF"
             type="rectangle" x="722" y="320" width="46" height="17"/>
    </entry>
    <entry id="47" name="ko:K11231" type="ortholog"
        link="http://www.genome.jp/dbget-bin/www_bget?ko+K11231">
        <graphics name="K11231" fgcolor="#000000" bgcolor="#FFFFFF"
             type="rectangle" x="184" y="403" width="46" height="17"/>
    </entry>
    <entry id="48" name="sce:YMR043W" type="other">
        <graphics name="MCM1" fgcolor="#000000" bgcolor="#FFFFFF"
             type="rectangle" x="722" y="383" width="46" height="17"/>
    </entry>
    <entry id="49" name="ko:K01759" type="ortholog"
        link="http://www.genome.jp/dbget-bin/www_bget?ko+K01759">
        <graphics name="K01759" fgcolor="#000000" bgcolor="#FFFFFF"
             type="rectangle" x="836" y="392" width="46" height="17"/>
    </entry>
    <entry id="50" name="path:map04011" type="map"
        link="http://www.genome.jp/dbget-bin/get_linkdb?pathway+map04011">
        <graphics name="TITLE:MAPK signaling pathway - yeast" fgcolor="#000000" bgcolor="#FFFFFF"
             type="roundrectangle" x="175" y="67" width="230" height="25"/>
    </entry>
    <entry id="51" name="ko:K11246" type="ortholog"
        link="http://www.genome.jp/dbget-bin/www_bget?ko+K11246">
        <graphics name="K11246" fgcolor="#000000" bgcolor="#FFFFFF"
             type="rectangle" x="184" y="361" width="46" height="17"/>
    </entry>
    <entry id="52" name="ko:K04409" type="ortholog"
        link="http://www.genome.jp/dbget-bin/www_bget?ko+K04409">
        <graphics name="K04409" fgcolor="#000000" bgcolor="#FFFFFF"
             type="rectangle" x="411" y="361" width="46" height="17"/>
    </entry>
    <entry id="53" name="ko:K11232" type="ortholog"
        link="http://www.genome.jp/dbget-bin/www_bget?ko+K11232">
        <graphics name="K11232" fgcolor="#000000" bgcolor="#FFFFFF"
             type="rectangle" x="298" y="403" width="46" height="17"/>
    </entry>
    <entry id="54" name="path:map04110" type="map"
        link="http://www.genome.jp/kegg/pathway/map/map04110.html">
        <graphics name="Cell cycle" fgcolor="#000000" bgcolor="#FFFFFF"
             type="roundrectangle" x="818" y="214" width="69" height="25"/>
    </entry>
    <entry id="55" name="ko:K09468" type="ortholog"
        link="http://www.genome.jp/dbget-bin/www_bget?ko+K09468">
        <graphics name="K09468" fgcolor="#000000" bgcolor="#FFFFFF"
             type="rectangle" x="722" y="403" width="46" height="17"/>
    </entry>
    <entry id="56" name="ko:K04441" type="ortholog"
        link="http://www.genome.jp/dbget-bin/www_bget?ko+K04441">
        <graphics name="K04441" fgcolor="#000000" bgcolor="#FFFFFF"
             type="rectangle" x="633" y="403" width="46" height="17"/>
    </entry>
    <entry id="57" name="ko:K11227" type="ortholog"
        link="http://www.genome.jp/dbget-bin/www_bget?ko+K11227">
        <graphics name="K11227" fgcolor="#000000" bgcolor="#FFFFFF"
             type="rectangle" x="559" y="403" width="46" height="17"/>
    </entry>
    <entry id="58" name="ko:K11230" type="ortholog"
        link="http://www.genome.jp/dbget-bin/www_bget?ko+K11230">
        <graphics name="K11230" fgcolor="#000000" bgcolor="#FFFFFF"
             type="rectangle" x="486" y="403" width="46" height="17"/>
    </entry>
    <entry id="59" name="ko:K11233" type="ortholog"
        link="http://www.genome.jp/dbget-bin/www_bget?ko+K11233">
        <graphics name="K11233" fgcolor="#000000" bgcolor="#FFFFFF"
             type="rectangle" x="411" y="403" width="46" height="17"/>
    </entry>
    <entry id="60" name="undefined" type="group">
        <graphics fgcolor="#000000" bgcolor="#FFFFFF"
             type="rectangle" x="259" y="215" width="66" height="54"/>
        <component id="26"/>
        <component id="27"/>
    </entry>
    <relation entry1="24" entry2="22" type="PPrel">
        <subtype name="activation" value="-->"/>
    </relation>
    <relation entry1="21" entry2="23" type="PPrel">
        <subtype name="activation" value="-->"/>
    </relation>
    <relation entry1="22" entry2="25" type="PPrel">
        <subtype name="activation" value="-->"/>
    </relation>
    <relation entry1="23" entry2="25" type="PPrel">
        <subtype name="activation" value="-->"/>
    </relation>
    <relation entry1="60" entry2="31" type="PPrel">
        <subtype name="activation" value="-->"/>
    </relation>
    <relation entry1="30" entry2="31" type="PPrel">
        <subtype name="activation" value="-->"/>
    </relation>
    <relation entry1="31" entry2="29" type="PPrel">
        <subtype name="activation" value="-->"/>
    </relation>
    <relation entry1="31" entry2="20" type="PPrel">
        <subtype name="activation" value="-->"/>
    </relation>
    <relation entry1="25" entry2="60" type="PPrel">
        <subtype name="dissociation" value="-+-"/>
    </relation>
    <relation entry1="28" entry2="31" type="PPrel">
        <subtype name="binding/association" value="---"/>
    </relation>
    <relation entry1="28" entry2="29" type="PPrel">
        <subtype name="binding/association" value="---"/>
    </relation>
    <relation entry1="29" entry2="33" type="PPrel">
        <subtype name="phosphorylation" value="+p"/>
    </relation>
    <relation entry1="33" entry2="34" type="PPrel">
        <subtype name="phosphorylation" value="+p"/>
    </relation>
    <relation entry1="34" entry2="35" type="PPrel">
        <subtype name="phosphorylation" value="+p"/>
    </relation>
    <relation entry1="35" entry2="37" type="PPrel">
        <subtype name="phosphorylation" value="+p"/>
    </relation>
    <relation entry1="35" entry2="38" type="PPrel">
        <subtype name="phosphorylation" value="+p"/>
    </relation>
    <relation entry1="35" entry2="19" type="PPrel">
        <subtype name="inhibition" value="--|"/>
        <subtype name="phosphorylation" value="+p"/>
    </relation>
    <relation entry1="36" entry2="35" type="PPrel">
        <subtype name="inhibition" value="--|"/>
    </relation>
    <relation entry1="19" entry2="37" type="PPrel">
        <subtype name="inhibition" value="--|"/>
    </relation>
    <relation entry1="37" entry2="39" type="PPrel">
        <subtype name="binding/association" value="---"/>
    </relation>
    <relation entry1="37" entry2="18" type="GErel">
        <subtype name="expression" value="-->"/>
    </relation>
    <relation entry1="16" entry2="15" type="PPrel">
        <subtype name="activation" value="-->"/>
    </relation>
    <relation entry1="14" entry2="15" type="PPrel">
        <subtype name="activation" value="-->"/>
    </relation>
    <relation entry1="15" entry2="40" type="PPrel">
        <subtype name="activation" value="-->"/>
    </relation>
    <relation entry1="40" entry2="41" type="PPrel">
        <subtype name="phosphorylation" value="+p"/>
    </relation>
    <relation entry1="41" entry2="42" type="PPrel">
        <subtype name="phosphorylation" value="+p"/>
    </relation>
    <relation entry1="42" entry2="13" type="PPrel">
        <subtype name="phosphorylation" value="+p"/>
    </relation>
    <relation entry1="13" entry2="43" type="PPrel">
        <subtype name="phosphorylation" value="+p"/>
    </relation>
    <relation entry1="13" entry2="46" type="PPrel">
        <subtype name="phosphorylation" value="+p"/>
    </relation>
    <relation entry1="43" entry2="44" type="GErel">
        <subtype name="expression" value="-->"/>
    </relation>
    <relation entry1="51" entry2="52" type="PPrel">
        <subtype name="activation" value="-->"/>
    </relation>
    <relation entry1="52" entry2="45" type="PPrel">
        <subtype name="phosphorylation" value="+p"/>
    </relation>
    <relation entry1="47" entry2="53" type="PPrel">
        <subtype name="phosphorylation" value="+p"/>
    </relation>
    <relation entry1="10" entry2="8" type="PPrel">
        <subtype name="activation" value="-->"/>
    </relation>
    <relation entry1="9" entry2="8" type="PPrel">
        <subtype name="activation" value="-->"/>
    </relation>
    <relation entry1="8" entry2="7" type="PPrel">
        <subtype name="activation" value="-->"/>
    </relation>
    <relation entry1="7" entry2="6" type="PPrel">
        <subtype name="phosphorylation" value="+p"/>
    </relation>
    <relation entry1="6" entry2="5" type="PPrel">
        <subtype name="phosphorylation" value="+p"/>
    </relation>
    <relation entry1="5" entry2="4" type="PPrel">
        <subtype name="phosphorylation" value="+p"/>
    </relation>
    <relation entry1="4" entry2="3" type="PPrel">
        <subtype name="inhibition" value="--|"/>
        <subtype name="phosphorylation" value="+p"/>
    </relation>
    <relation entry1="3" entry2="2" type="PPrel">
        <subtype name="inhibition" value="--|"/>
    </relation>
    <relation entry1="1" entry2="2" type="PPrel">
        <subtype name="binding/association" value="---"/>
    </relation>
    <relation entry1="15" entry2="20" type="PPrel">
        <subtype name="activation" value="-->"/>
    </relation>
    <relation entry1="55" entry2="49" type="GErel">
        <subtype name="expression" value="-->"/>
    </relation>
    <relation entry1="55" entry2="11" type="GErel">
        <subtype name="expression" value="-->"/>
    </relation>
    <relation entry1="56" entry2="55" type="PPrel">
        <subtype name="phosphorylation" value="+p"/>
    </relation>
    <relation entry1="45" entry2="57" type="PPrel">
        <subtype name="phosphorylation" value="+p"/>
    </relation>
    <relation entry1="57" entry2="56" type="PPrel">
        <subtype name="phosphorylation" value="+p"/>
    </relation>
    <relation entry1="58" entry2="57" type="PPrel">
        <subtype name="phosphorylation" value="+p"/>
    </relation>
    <relation entry1="53" entry2="59" type="PPrel">
        <subtype name="inhibition" value="--|"/>
        <subtype name="phosphorylation" value="+p"/>
    </relation>
    <relation entry1="59" entry2="58" type="PPrel">
        <subtype name="phosphorylation" value="+p"/>
    </relation>
</pathway>
