<?xml version="1.0"?>
<!DOCTYPE pathway SYSTEM "http://www.genome.jp/kegg/xml/KGML_v0.6.1_.dtd">
<!-- Creation date: Feb 04 2009 09:43:17 +0900 (JST) -->
<pathway name="path:map04310" org="map" number="04310"
         title="Wnt signaling pathway"
         image="http://www.genome.jp/kegg/pathway/map/map04310.gif"
         link="http://www.genome.jp/dbget-bin/show_pathway?map04310">
    <entry id="1" name="path:map04115" type="map"
        link="http://www.genome.jp/kegg/pathway/map/map04115.html">
        <graphics name="p53 signaling pathway" fgcolor="#000000" bgcolor="#FFFFFF"
             type="roundrectangle" x="442" y="368" width="94" height="38"/>
    </entry>
    <entry id="2" name="path:map04520" type="map"
        link="http://www.genome.jp/kegg/pathway/map/map04520.html">
        <graphics name="Adherens junction" fgcolor="#000000" bgcolor="#FFFFFF"
             type="roundrectangle" x="943" y="87" width="111" height="39"/>
    </entry>
    <entry id="3" name="ko:K04500" type="ortholog"
        link="http://www.genome.jp/dbget-bin/www_bget?ko+K04500">
        <graphics name="K04500" fgcolor="#000000" bgcolor="#FFFFFF"
             type="rectangle" x="842" y="291" width="46" height="17"/>
    </entry>
    <entry id="4" name="cpd:C00076" type="compound"
        link="http://www.genome.jp/dbget-bin/www_bget?compound+C00076">
        <graphics name="C00076" fgcolor="#000000" bgcolor="#FFFFFF"
             type="circle" x="478" y="741" width="8" height="8"/>
    </entry>
    <entry id="5" name="path:map04350" type="map"
        link="http://www.genome.jp/kegg/pathway/map/map04350.html">
        <graphics name="TGF-beta signaling pathway" fgcolor="#000000" bgcolor="#FFFFFF"
             type="roundrectangle" x="944" y="394" width="102" height="38"/>
    </entry>
    <entry id="6" name="path:map04110" type="map"
        link="http://www.genome.jp/kegg/pathway/map/map04110.html">
        <graphics name="Cell cycle" fgcolor="#000000" bgcolor="#FFFFFF"
             type="roundrectangle" x="1108" y="257" width="34" height="88"/>
    </entry>
    <entry id="7" name="path:map04310" type="map"
        link="http://www.genome.jp/dbget-bin/get_linkdb?pathway+map04310">
        <graphics name="TITLE:Wnt signaling pathway" fgcolor="#000000" bgcolor="#FFFFFF"
             type="roundrectangle" x="167" y="67" width="214" height="25"/>
    </entry>
    <entry id="8" name="path:map04010" type="map"
        link="http://www.genome.jp/kegg/pathway/map/map04010.html">
        <graphics name="MAPK signaling pathway" fgcolor="#000000" bgcolor="#FFFFFF"
             type="roundrectangle" x="569" y="646" width="102" height="38"/>
    </entry>
    <entry id="9" name="path:map04510" type="map"
        link="http://www.genome.jp/kegg/pathway/map/map04510.html">
        <graphics name="Focal adhesion" fgcolor="#000000" bgcolor="#FFFFFF"
             type="roundrectangle" x="681" y="539" width="104" height="38"/>
    </entry>
    <entry id="10" name="path:map04120" type="map"
        link="http://www.genome.jp/kegg/pathway/map/map04120.html">
        <graphics name="Ubiquitin mediated proteolysis" fgcolor="#000000" bgcolor="#FFFFFF"
             type="roundrectangle" x="759" y="415" width="109" height="40"/>
    </entry>
    <entry id="11" name="path:map04010" type="map"
        link="http://www.genome.jp/kegg/pathway/map/map04010.html">
        <graphics name="MAPK signaling pathway" fgcolor="#000000" bgcolor="#FFFFFF"
             type="roundrectangle" x="670" y="129" width="102" height="38"/>
    </entry>
    <entry id="12" name="path:map05010" type="map"
        link="http://www.genome.jp/kegg/pathway/map/map05010.html">
        <graphics name="Alzheimer's disease" fgcolor="#000000" bgcolor="#FFFFFF"
             type="roundrectangle" x="504" y="125" width="94" height="38"/>
    </entry>
    <entry id="13" name="ko:K04446" type="ortholog"
        link="http://www.genome.jp/dbget-bin/www_bget?ko+K04446">
        <graphics name="K04446" fgcolor="#000000" bgcolor="#FFFFFF"
             type="rectangle" x="902" y="740" width="46" height="17"/>
    </entry>
    <entry id="14" name="ko:K02677" type="ortholog"
        link="http://www.genome.jp/dbget-bin/www_bget?ko+K02677">
        <graphics name="K02677" fgcolor="#000000" bgcolor="#FFFFFF"
             type="rectangle" x="571" y="771" width="46" height="17"/>
    </entry>
    <entry id="15" name="ko:K04348 ko:K06268" type="ortholog"
        link="http://www.genome.jp/dbget-bin/www_bget?ko+K04348+K06268">
        <graphics name="K04348..." fgcolor="#000000" bgcolor="#FFFFFF"
             type="rectangle" x="571" y="740" width="46" height="17"/>
    </entry>
    <entry id="16" name="ko:K04515" type="ortholog"
        link="http://www.genome.jp/dbget-bin/www_bget?ko+K04515">
        <graphics name="K04515" fgcolor="#000000" bgcolor="#FFFFFF"
             type="rectangle" x="571" y="709" width="46" height="17"/>
    </entry>
    <entry id="17" name="ko:K05858" type="ortholog"
        link="http://www.genome.jp/dbget-bin/www_bget?ko+K05858">
        <graphics name="K05858" fgcolor="#000000" bgcolor="#FFFFFF"
             type="rectangle" x="381" y="740" width="46" height="17"/>
    </entry>
    <entry id="18" name="ko:K02235 ko:K02329 ko:K02354 ko:K02375 ko:K02376 ko:K02378 ko:K02432 ko:K02534 ko:K02645 ko:K02842 ko:K04690" type="ortholog"
        link="http://www.genome.jp/dbget-bin/www_bget?ko+K02235+K02329+K02354+K02375+K02376+K02378+K02432+K02534+K02645+K02842+K04690">
        <graphics name="K02235..." fgcolor="#000000" bgcolor="#FFFFFF"
             type="rectangle" x="255" y="740" width="46" height="17"/>
    </entry>
    <entry id="19" name="ko:K00444" type="ortholog"
        link="http://www.genome.jp/dbget-bin/www_bget?ko+K00444">
        <graphics name="K00444" fgcolor="#000000" bgcolor="#FFFFFF"
             type="rectangle" x="173" y="740" width="46" height="17"/>
    </entry>
    <entry id="20" name="ko:K04440" type="ortholog"
        link="http://www.genome.jp/dbget-bin/www_bget?ko+K04440">
        <graphics name="K04440" fgcolor="#000000" bgcolor="#FFFFFF"
             type="rectangle" x="604" y="608" width="46" height="17"/>
    </entry>
    <entry id="21" name="ko:K04392 ko:K07860 ko:K07861" type="ortholog"
        link="http://www.genome.jp/dbget-bin/www_bget?ko+K04392+K07860+K07861">
        <graphics name="K04392..." fgcolor="#000000" bgcolor="#FFFFFF"
             type="rectangle" x="523" y="608" width="46" height="17"/>
    </entry>
    <entry id="22" name="ko:K04514" type="ortholog"
        link="http://www.genome.jp/dbget-bin/www_bget?ko+K04514">
        <graphics name="K04514" fgcolor="#000000" bgcolor="#FFFFFF"
             type="rectangle" x="604" y="567" width="46" height="17"/>
    </entry>
    <entry id="23" name="ko:K04513" type="ortholog"
        link="http://www.genome.jp/dbget-bin/www_bget?ko+K04513">
        <graphics name="K04513" fgcolor="#000000" bgcolor="#FFFFFF"
             type="rectangle" x="523" y="567" width="46" height="17"/>
    </entry>
    <entry id="24" name="ko:K04512" type="ortholog"
        link="http://www.genome.jp/dbget-bin/www_bget?ko+K04512">
        <graphics name="K04512" fgcolor="#000000" bgcolor="#FFFFFF"
             type="rectangle" x="452" y="567" width="46" height="17"/>
    </entry>
    <entry id="25" name="ko:K02353" type="ortholog"
        link="http://www.genome.jp/dbget-bin/www_bget?ko+K02353">
        <graphics name="K02353" fgcolor="#000000" bgcolor="#FFFFFF"
             type="rectangle" x="381" y="588" width="46" height="17"/>
    </entry>
    <entry id="26" name="ko:K04511" type="ortholog"
        link="http://www.genome.jp/dbget-bin/www_bget?ko+K04511">
        <graphics name="K04511" fgcolor="#000000" bgcolor="#FFFFFF"
             type="rectangle" x="321" y="550" width="46" height="17"/>
    </entry>
    <entry id="28" name="ko:K02235 ko:K02329 ko:K02354 ko:K02375 ko:K02376 ko:K02378 ko:K02432 ko:K02534 ko:K02645 ko:K02842 ko:K04690" type="ortholog"
        link="http://www.genome.jp/dbget-bin/www_bget?ko+K02235+K02329+K02354+K02375+K02376+K02378+K02432+K02534+K02645+K02842+K04690">
        <graphics name="K02235..." fgcolor="#000000" bgcolor="#FFFFFF"
             type="rectangle" x="255" y="588" width="46" height="17"/>
    </entry>
    <entry id="29" name="ko:K04510" type="ortholog"
        link="http://www.genome.jp/dbget-bin/www_bget?ko+K04510">
        <graphics name="K04510" fgcolor="#000000" bgcolor="#FFFFFF"
             type="rectangle" x="255" y="554" width="46" height="17"/>
    </entry>
    <entry id="30" name="ko:K01064" type="ortholog"
        link="http://www.genome.jp/dbget-bin/www_bget?ko+K01064">
        <graphics name="K01064" fgcolor="#000000" bgcolor="#FFFFFF"
             type="rectangle" x="173" y="588" width="46" height="17"/>
    </entry>
    <entry id="31" name="ko:K01397" type="ortholog"
        link="http://www.genome.jp/dbget-bin/www_bget?ko+K01397">
        <graphics name="K01397" fgcolor="#000000" bgcolor="#FFFFFF"
             type="rectangle" x="1019" y="308" width="46" height="17"/>
    </entry>
    <entry id="32" name="ko:K04504" type="ortholog"
        link="http://www.genome.jp/dbget-bin/www_bget?ko+K04504">
        <graphics name="K04504" fgcolor="#000000" bgcolor="#FFFFFF"
             type="rectangle" x="1019" y="287" width="46" height="17"/>
    </entry>
    <entry id="33" name="ko:K04503 ko:K10151 ko:K10152" type="ortholog"
        link="http://www.genome.jp/dbget-bin/www_bget?ko+K04503+K10151+K10152">
        <graphics name="K04503..." fgcolor="#000000" bgcolor="#FFFFFF"
             type="rectangle" x="1019" y="266" width="46" height="17"/>
    </entry>
    <entry id="34" name="ko:K04502" type="ortholog"
        link="http://www.genome.jp/dbget-bin/www_bget?ko+K04502">
        <graphics name="K04502" fgcolor="#000000" bgcolor="#FFFFFF"
             type="rectangle" x="1019" y="245" width="46" height="17"/>
    </entry>
    <entry id="35" name="ko:K04448" type="ortholog"
        link="http://www.genome.jp/dbget-bin/www_bget?ko+K04448">
        <graphics name="K04448" fgcolor="#000000" bgcolor="#FFFFFF"
             type="rectangle" x="1019" y="224" width="46" height="17"/>
    </entry>
    <entry id="36" name="ko:K04377" type="ortholog"
        link="http://www.genome.jp/dbget-bin/www_bget?ko+K04377">
        <graphics name="K04377" fgcolor="#000000" bgcolor="#FFFFFF"
             type="rectangle" x="1019" y="203" width="46" height="17"/>
    </entry>
    <entry id="37" name="ko:K04497" type="ortholog"
        link="http://www.genome.jp/dbget-bin/www_bget?ko+K04497">
        <graphics name="K04497" fgcolor="#000000" bgcolor="#FFFFFF"
             type="rectangle" x="936" y="315" width="46" height="17"/>
    </entry>
    <entry id="38" name="ko:K04496" type="ortholog"
        link="http://www.genome.jp/dbget-bin/www_bget?ko+K04496">
        <graphics name="K04496" fgcolor="#000000" bgcolor="#FFFFFF"
             type="rectangle" x="876" y="326" width="46" height="17"/>
    </entry>
    <entry id="39" name="ko:K04495" type="ortholog"
        link="http://www.genome.jp/dbget-bin/www_bget?ko+K04495">
        <graphics name="K04495" fgcolor="#000000" bgcolor="#FFFFFF"
             type="rectangle" x="808" y="315" width="46" height="17"/>
    </entry>
    <entry id="40" name="ko:K04501" type="ortholog"
        link="http://www.genome.jp/dbget-bin/www_bget?ko+K04501">
        <graphics name="K04501" fgcolor="#000000" bgcolor="#FFFFFF"
             type="rectangle" x="842" y="274" width="46" height="17"/>
    </entry>
    <entry id="41" name="ko:K02620 ko:K04490 ko:K04491 ko:K04492" type="ortholog"
        link="http://www.genome.jp/dbget-bin/www_bget?ko+K02620+K04490+K04491+K04492">
        <graphics name="K02620..." fgcolor="#000000" bgcolor="#FFFFFF"
             type="rectangle" x="902" y="256" width="46" height="17"/>
    </entry>
    <entry id="42" name="ko:K04498" type="ortholog"
        link="http://www.genome.jp/dbget-bin/www_bget?ko+K04498">
        <graphics name="K04498" fgcolor="#000000" bgcolor="#FFFFFF"
             type="rectangle" x="874" y="217" width="46" height="17"/>
    </entry>
    <entry id="43" name="ko:K04499" type="ortholog"
        link="http://www.genome.jp/dbget-bin/www_bget?ko+K04499">
        <graphics name="K04499" fgcolor="#000000" bgcolor="#FFFFFF"
             type="rectangle" x="832" y="239" width="46" height="17"/>
    </entry>
    <entry id="44" name="ko:K04494" type="ortholog"
        link="http://www.genome.jp/dbget-bin/www_bget?ko+K04494">
        <graphics name="K04494" fgcolor="#000000" bgcolor="#FFFFFF"
             type="rectangle" x="805" y="205" width="46" height="17"/>
    </entry>
    <entry id="45" name="ko:K04493" type="ortholog"
        link="http://www.genome.jp/dbget-bin/www_bget?ko+K04493">
        <graphics name="K04493" fgcolor="#000000" bgcolor="#FFFFFF"
             type="rectangle" x="729" y="296" width="46" height="17"/>
    </entry>
    <entry id="46" name="ko:K04468" type="ortholog"
        link="http://www.genome.jp/dbget-bin/www_bget?ko+K04468">
        <graphics name="K04468" fgcolor="#000000" bgcolor="#FFFFFF"
             type="rectangle" x="926" y="162" width="46" height="17"/>
    </entry>
    <entry id="47" name="ko:K04427" type="ortholog"
        link="http://www.genome.jp/dbget-bin/www_bget?ko+K04427">
        <graphics name="K04427" fgcolor="#000000" bgcolor="#FFFFFF"
             type="rectangle" x="733" y="162" width="46" height="17"/>
    </entry>
    <entry id="48" name="ko:K08957" type="ortholog"
        link="http://www.genome.jp/dbget-bin/www_bget?ko+K08957">
        <graphics name="K08957" fgcolor="#000000" bgcolor="#FFFFFF"
             type="rectangle" x="626" y="285" width="46" height="17"/>
    </entry>
    <entry id="49" name="ko:K03868" type="ortholog"
        link="http://www.genome.jp/dbget-bin/www_bget?ko+K03868">
        <graphics name="K03868" fgcolor="#000000" bgcolor="#FFFFFF"
             type="rectangle" x="657" y="436" width="46" height="17"/>
    </entry>
    <entry id="50" name="ko:K03347" type="ortholog"
        link="http://www.genome.jp/dbget-bin/www_bget?ko+K03347">
        <graphics name="K03347" fgcolor="#000000" bgcolor="#FFFFFF"
             type="rectangle" x="657" y="419" width="46" height="17"/>
    </entry>
    <entry id="51" name="ko:K03094" type="ortholog"
        link="http://www.genome.jp/dbget-bin/www_bget?ko+K03094">
        <graphics name="K03094" fgcolor="#000000" bgcolor="#FFFFFF"
             type="rectangle" x="657" y="402" width="46" height="17"/>
    </entry>
    <entry id="52" name="ko:K03362" type="ortholog"
        link="http://www.genome.jp/dbget-bin/www_bget?ko+K03362">
        <graphics name="K03362" fgcolor="#000000" bgcolor="#FFFFFF"
             type="rectangle" x="645" y="385" width="46" height="17"/>
    </entry>
    <entry id="53" name="ko:K04508" type="ortholog"
        link="http://www.genome.jp/dbget-bin/www_bget?ko+K04508">
        <graphics name="K04508" fgcolor="#000000" bgcolor="#FFFFFF"
             type="rectangle" x="551" y="452" width="46" height="17"/>
    </entry>
    <entry id="54" name="ko:K03094" type="ortholog"
        link="http://www.genome.jp/dbget-bin/www_bget?ko+K03094">
        <graphics name="K03094" fgcolor="#000000" bgcolor="#FFFFFF"
             type="rectangle" x="551" y="435" width="46" height="17"/>
    </entry>
    <entry id="55" name="ko:K04507" type="ortholog"
        link="http://www.genome.jp/dbget-bin/www_bget?ko+K04507">
        <graphics name="K04507" fgcolor="#000000" bgcolor="#FFFFFF"
             type="rectangle" x="551" y="418" width="46" height="17"/>
    </entry>
    <entry id="56" name="ko:K02085" type="ortholog"
        link="http://www.genome.jp/dbget-bin/www_bget?ko+K02085">
        <graphics name="K02085" fgcolor="#000000" bgcolor="#FFFFFF"
             type="rectangle" x="505" y="435" width="46" height="17"/>
    </entry>
    <entry id="57" name="ko:K04506" type="ortholog"
        link="http://www.genome.jp/dbget-bin/www_bget?ko+K04506">
        <graphics name="K04506" fgcolor="#000000" bgcolor="#FFFFFF"
             type="rectangle" x="539" y="401" width="46" height="17"/>
    </entry>
    <entry id="58" name="ko:K03213" type="ortholog"
        link="http://www.genome.jp/dbget-bin/www_bget?ko+K03213">
        <graphics name="K03213" fgcolor="#000000" bgcolor="#FFFFFF"
             type="rectangle" x="347" y="414" width="46" height="17"/>
    </entry>
    <entry id="60" name="ko:K04451" type="ortholog"
        link="http://www.genome.jp/dbget-bin/www_bget?ko+K04451">
        <graphics name="K04451" fgcolor="#000000" bgcolor="#FFFFFF"
             type="rectangle" x="447" y="401" width="46" height="17"/>
    </entry>
    <entry id="61" name="ko:K02157 ko:K04385" type="ortholog"
        link="http://www.genome.jp/dbget-bin/www_bget?ko+K02157+K04385">
        <graphics name="K02157..." fgcolor="#000000" bgcolor="#FFFFFF"
             type="rectangle" x="489" y="314" width="46" height="17"/>
    </entry>
    <entry id="62" name="ko:K03456 ko:K11584 ko:K04382" type="ortholog"
        link="http://www.genome.jp/dbget-bin/www_bget?ko+K03456+K11584+K04382">
        <graphics name="K03456..." fgcolor="#000000" bgcolor="#FFFFFF"
             type="rectangle" x="540" y="290" width="46" height="17"/>
    </entry>
    <entry id="63" name="ko:K02085" type="ortholog"
        link="http://www.genome.jp/dbget-bin/www_bget?ko+K02085">
        <graphics name="K02085" fgcolor="#000000" bgcolor="#FFFFFF"
             type="rectangle" x="566" y="273" width="46" height="17"/>
    </entry>
    <entry id="64" name="ko:K02105" type="ortholog"
        link="http://www.genome.jp/dbget-bin/www_bget?ko+K02105">
        <graphics name="K02105" fgcolor="#000000" bgcolor="#FFFFFF"
             type="rectangle" x="596" y="256" width="46" height="17"/>
    </entry>
    <entry id="65" name="ko:K04345" type="ortholog"
        link="http://www.genome.jp/dbget-bin/www_bget?ko+K04345">
        <graphics name="K04345" fgcolor="#000000" bgcolor="#FFFFFF"
             type="rectangle" x="551" y="185" width="46" height="17"/>
    </entry>
    <entry id="66" name="ko:K04505" type="ortholog"
        link="http://www.genome.jp/dbget-bin/www_bget?ko+K04505">
        <graphics name="K04505" fgcolor="#000000" bgcolor="#FFFFFF"
             type="rectangle" x="535" y="161" width="46" height="17"/>
    </entry>
    <entry id="67" name="ko:K03083" type="ortholog"
        link="http://www.genome.jp/dbget-bin/www_bget?ko+K03083">
        <graphics name="K03083" fgcolor="#000000" bgcolor="#FFFFFF"
             type="rectangle" x="489" y="256" width="46" height="17"/>
    </entry>
    <entry id="68" name="ko:K03069 ko:K03096" type="ortholog"
        link="http://www.genome.jp/dbget-bin/www_bget?ko+K03069+K03096">
        <graphics name="K03069..." fgcolor="#000000" bgcolor="#FFFFFF"
             type="rectangle" x="427" y="243" width="46" height="17"/>
    </entry>
    <entry id="69" name="ko:K03345" type="ortholog"
        link="http://www.genome.jp/dbget-bin/www_bget?ko+K03345">
        <graphics name="K03345" fgcolor="#000000" bgcolor="#FFFFFF"
             type="rectangle" x="394" y="300" width="46" height="17"/>
    </entry>
    <entry id="70" name="ko:K02353" type="ortholog"
        link="http://www.genome.jp/dbget-bin/www_bget?ko+K02353">
        <graphics name="K02353" fgcolor="#000000" bgcolor="#FFFFFF"
             type="rectangle" x="381" y="256" width="46" height="17"/>
    </entry>
    <entry id="71" name="ko:K03097 ko:K03115" type="ortholog"
        link="http://www.genome.jp/dbget-bin/www_bget?ko+K03097+K03115">
        <graphics name="K03097..." fgcolor="#000000" bgcolor="#FFFFFF"
             type="rectangle" x="433" y="279" width="46" height="17"/>
    </entry>
    <entry id="72" name="ko:K03344" type="ortholog"
        link="http://www.genome.jp/dbget-bin/www_bget?ko+K03344">
        <graphics name="K03344" fgcolor="#000000" bgcolor="#FFFFFF"
             type="rectangle" x="370" y="195" width="46" height="17"/>
    </entry>
    <entry id="73" name="ko:K08960" type="ortholog"
        link="http://www.genome.jp/dbget-bin/www_bget?ko+K08960">
        <graphics name="K08960" fgcolor="#000000" bgcolor="#FFFFFF"
             type="rectangle" x="344" y="239" width="46" height="17"/>
    </entry>
    <entry id="74" name="ko:K02165" type="ortholog"
        link="http://www.genome.jp/dbget-bin/www_bget?ko+K02165">
        <graphics name="K02165" fgcolor="#000000" bgcolor="#FFFFFF"
             type="rectangle" x="209" y="347" width="46" height="17"/>
    </entry>
    <entry id="75" name="ko:K01691" type="ortholog"
        link="http://www.genome.jp/dbget-bin/www_bget?ko+K01691">
        <graphics name="K01691" fgcolor="#000000" bgcolor="#FFFFFF"
             type="rectangle" x="183" y="308" width="46" height="17"/>
    </entry>
    <entry id="76" name="ko:K01645" type="ortholog"
        link="http://www.genome.jp/dbget-bin/www_bget?ko+K01645">
        <graphics name="K01645" fgcolor="#000000" bgcolor="#FFFFFF"
             type="rectangle" x="130" y="308" width="46" height="17"/>
    </entry>
    <entry id="77" name="ko:K03068" type="ortholog"
        link="http://www.genome.jp/dbget-bin/www_bget?ko+K03068">
        <graphics name="K03068" fgcolor="#000000" bgcolor="#FFFFFF"
             type="rectangle" x="255" y="291" width="46" height="17"/>
    </entry>
    <entry id="78" name="ko:K02235 ko:K02329 ko:K02354 ko:K02375 ko:K02376 ko:K02378 ko:K02432 ko:K02534 ko:K02645 ko:K02842 ko:K04690" type="ortholog"
        link="http://www.genome.jp/dbget-bin/www_bget?ko+K02235+K02329+K02354+K02375+K02376+K02378+K02432+K02534+K02645+K02842+K04690">
        <graphics name="K02235..." fgcolor="#000000" bgcolor="#FFFFFF"
             type="rectangle" x="255" y="256" width="46" height="17"/>
    </entry>
    <entry id="79" name="ko:K02306" type="ortholog"
        link="http://www.genome.jp/dbget-bin/www_bget?ko+K02306">
        <graphics name="K02306" fgcolor="#000000" bgcolor="#FFFFFF"
             type="rectangle" x="255" y="221" width="46" height="17"/>
    </entry>
    <entry id="80" name="ko:K02166 ko:K02176 ko:K02185 ko:K02222" type="ortholog"
        link="http://www.genome.jp/dbget-bin/www_bget?ko+K02166+K02176+K02185+K02222">
        <graphics name="K02166..." fgcolor="#000000" bgcolor="#FFFFFF"
             type="rectangle" x="203" y="197" width="46" height="17"/>
    </entry>
    <entry id="81" name="ko:K00181" type="ortholog"
        link="http://www.genome.jp/dbget-bin/www_bget?ko+K00181">
        <graphics name="K00181" fgcolor="#000000" bgcolor="#FFFFFF"
             type="rectangle" x="114" y="234" width="46" height="17"/>
    </entry>
    <entry id="82" name="ko:K00182 ko:K00312 ko:K00408 ko:K00444 ko:K00445 ko:K00572 ko:K00714 ko:K01064 ko:K01357 ko:K01384 ko:K01558 ko:K03209 ko:K04689" type="ortholog"
        link="http://www.genome.jp/dbget-bin/www_bget?ko+K00182+K00312+K00408+K00444+K00445+K00572+K00714+K01064+K01357+K01384+K01558+K03209+K04689">
        <graphics name="K00182..." fgcolor="#000000" bgcolor="#FFFFFF"
             type="rectangle" x="173" y="256" width="46" height="17"/>
    </entry>
    <relation entry1="81" entry2="82" type="PPrel">
        <subtype name="activation" value="-->"/>
    </relation>
    <relation entry1="82" entry2="78" type="PPrel">
        <subtype name="activation" value="-->"/>
    </relation>
    <relation entry1="66" entry2="64" type="PPrel">
        <subtype name="activation" value="-->"/>
    </relation>
    <relation entry1="40" entry2="41" type="PPrel">
        <subtype name="activation" value="-->"/>
    </relation>
    <relation entry1="47" entry2="46" type="PPrel">
        <subtype name="phosphorylation" value="+p"/>
    </relation>
    <relation entry1="46" entry2="41" type="PPrel">
        <subtype name="inhibition" value="--|"/>
        <subtype name="phosphorylation" value="+p"/>
    </relation>
    <relation entry1="78" entry2="70" type="PPrel">
        <subtype name="indirect" value="..>"/>
    </relation>
    <relation entry1="60" entry2="57" type="PPrel">
        <subtype name="indirect" value="..>"/>
    </relation>
    <relation entry1="28" entry2="25" type="PPrel">
        <subtype name="indirect" value="..>"/>
    </relation>
    <relation entry1="25" entry2="21" type="PPrel">
        <subtype name="indirect" value="..>"/>
    </relation>
    <relation entry1="23" entry2="20" type="PPrel">
        <subtype name="indirect" value="..>"/>
    </relation>
    <relation entry1="18" entry2="17" type="PPrel">
        <subtype name="indirect" value="..>"/>
    </relation>
    <relation entry1="80" entry2="82" type="PPrel">
        <subtype name="inhibition" value="--|"/>
    </relation>
    <relation entry1="80" entry2="78" type="PPrel">
        <subtype name="inhibition" value="--|"/>
    </relation>
    <relation entry1="76" entry2="82" type="PPrel">
        <subtype name="inhibition" value="--|"/>
    </relation>
    <relation entry1="75" entry2="82" type="PPrel">
        <subtype name="inhibition" value="--|"/>
    </relation>
    <relation entry1="74" entry2="77" type="PPrel">
        <subtype name="inhibition" value="--|"/>
    </relation>
    <relation entry1="72" entry2="70" type="PPrel">
        <subtype name="inhibition" value="--|"/>
    </relation>
    <relation entry1="69" entry2="70" type="PPrel">
        <subtype name="inhibition" value="--|"/>
    </relation>
    <relation entry1="70" entry2="67" type="PPrel">
        <subtype name="inhibition" value="--|"/>
    </relation>
    <relation entry1="45" entry2="64" type="PPrel">
        <subtype name="inhibition" value="--|"/>
    </relation>
    <relation entry1="39" entry2="41" type="PPrel">
        <subtype name="inhibition" value="--|"/>
    </relation>
    <relation entry1="44" entry2="64" type="PPrel">
        <subtype name="inhibition" value="--|"/>
    </relation>
    <relation entry1="37" entry2="41" type="PPrel">
        <subtype name="inhibition" value="--|"/>
    </relation>
    <relation entry1="38" entry2="41" type="PPrel">
        <subtype name="inhibition" value="--|"/>
    </relation>
    <relation entry1="42" entry2="41" type="PPrel">
        <subtype name="binding/association" value="---"/>
    </relation>
    <relation entry1="43" entry2="41" type="PPrel">
        <subtype name="binding/association" value="---"/>
    </relation>
    <relation entry1="43" entry2="64" type="PPrel">
        <subtype name="binding/association" value="---"/>
    </relation>
    <relation entry1="65" entry2="66" type="PPrel">
        <subtype name="binding/association" value="---"/>
    </relation>
    <relation entry1="65" entry2="67" type="PPrel">
        <subtype name="phosphorylation" value="+p"/>
    </relation>
    <relation entry1="65" entry2="64" type="PPrel">
        <subtype name="phosphorylation" value="+p"/>
    </relation>
    <relation entry1="78" entry2="79" type="PPrel">
        <subtype name="binding/association" value="---"/>
    </relation>
    <relation entry1="77" entry2="78" type="PPrel">
        <subtype name="binding/association" value="---"/>
    </relation>
    <relation entry1="61" entry2="73" type="PPrel">
        <subtype name="binding/association" value="---"/>
    </relation>
    <relation entry1="61" entry2="70" type="PPrel">
        <subtype name="binding/association" value="---"/>
    </relation>
    <relation entry1="61" entry2="67" type="PPrel">
        <subtype name="binding/association" value="---"/>
    </relation>
    <relation entry1="61" entry2="62" type="PPrel">
        <subtype name="binding/association" value="---"/>
    </relation>
    <relation entry1="61" entry2="63" type="PPrel">
        <subtype name="binding/association" value="---"/>
    </relation>
    <relation entry1="61" entry2="64" type="PPrel">
        <subtype name="binding/association" value="---"/>
    </relation>
    <relation entry1="48" entry2="61" type="PPrel">
        <subtype name="binding/association" value="---"/>
    </relation>
    <relation entry1="70" entry2="71" type="PPrel">
        <subtype name="binding/association" value="---"/>
    </relation>
    <relation entry1="68" entry2="70" type="PPrel">
        <subtype name="binding/association" value="---"/>
    </relation>
    <relation entry1="67" entry2="68" type="PPrel">
        <subtype name="binding/association" value="---"/>
    </relation>
    <relation entry1="48" entry2="64" type="PPrel">
        <subtype name="binding/association" value="---"/>
    </relation>
    <relation entry1="63" entry2="64" type="PPrel">
        <subtype name="binding/association" value="---"/>
    </relation>
    <relation entry1="63" entry2="70" type="PPrel">
        <subtype name="binding/association" value="---"/>
    </relation>
    <relation entry1="53" entry2="63" type="PPrel">
        <subtype name="binding/association" value="---"/>
    </relation>
    <relation entry1="52" entry2="64" type="PPrel">
        <subtype name="ubiquination" value="+u"/>
    </relation>
    <relation entry1="53" entry2="64" type="PPrel">
        <subtype name="ubiquination" value="+u"/>
    </relation>
    <relation entry1="58" entry2="25" type="PPrel">
        <subtype name="activation" value="-->"/>
    </relation>
    <relation entry1="58" entry2="70" type="PPrel">
        <subtype name="inhibition" value="--|"/>
    </relation>
    <relation entry1="30" entry2="28" type="PPrel">
        <subtype name="activation" value="-->"/>
    </relation>
    <relation entry1="24" entry2="25" type="PPrel">
        <subtype name="binding/association" value="---"/>
    </relation>
    <relation entry1="23" entry2="24" type="PPrel">
        <subtype name="dissociation" value="-+-"/>
    </relation>
    <relation entry1="23" entry2="22" type="PPrel">
        <subtype name="activation" value="-->"/>
    </relation>
    <relation entry1="21" entry2="20" type="PPrel">
        <subtype name="activation" value="-->"/>
    </relation>
    <relation entry1="17" entry2="16" type="PPrel">
        <subtype name="compound" value="4"/>
    </relation>
    <relation entry1="17" entry2="15" type="PPrel">
        <subtype name="compound" value="4"/>
    </relation>
    <relation entry1="17" entry2="14" type="PPrel">
        <subtype name="compound" value="4"/>
    </relation>
    <relation entry1="15" entry2="13" type="PPrel">
        <subtype name="dephosphorylation" value="-p"/>
    </relation>
    <relation entry1="64" entry2="41" type="PPrel">
        <subtype name="activation" value="-->"/>
    </relation>
    <relation entry1="25" entry2="29" type="PPrel">
        <subtype name="binding/association" value="---"/>
    </relation>
    <relation entry1="26" entry2="29" type="PPrel">
        <subtype name="binding/association" value="---"/>
    </relation>
    <relation entry1="25" entry2="26" type="PPrel">
        <subtype name="binding/association" value="---"/>
    </relation>
    <relation entry1="19" entry2="18" type="PPrel">
        <subtype name="activation" value="-->"/>
    </relation>
    <relation entry1="41" entry2="36" type="GErel">
        <subtype name="expression" value="-->"/>
    </relation>
    <relation entry1="41" entry2="35" type="GErel">
        <subtype name="expression" value="-->"/>
    </relation>
    <relation entry1="41" entry2="34" type="GErel">
        <subtype name="expression" value="-->"/>
    </relation>
    <relation entry1="41" entry2="33" type="GErel">
        <subtype name="expression" value="-->"/>
    </relation>
    <relation entry1="41" entry2="32" type="GErel">
        <subtype name="expression" value="-->"/>
    </relation>
    <relation entry1="41" entry2="31" type="GErel">
        <subtype name="expression" value="-->"/>
    </relation>
    <relation entry1="67" entry2="64" type="PPrel">
        <subtype name="inhibition" value="--|"/>
        <subtype name="phosphorylation" value="+p"/>
    </relation>
</pathway>
