<?xml version="1.0"?>
<!DOCTYPE pathway SYSTEM "http://www.genome.jp/kegg/xml/KGML_v0.6.1_.dtd">
<!-- Creation date: Feb 10 2009 02:28:13 +0900 (JST) -->
<pathway name="path:map00563" org="map" number="00563"
         title="Glycosylphosphatidylinositol(GPI)-anchor biosynthesis"
         image="http://www.genome.jp/kegg/pathway/map/map00563.gif"
         link="http://www.genome.jp/dbget-bin/show_pathway?map00563">
    <entry id="1" name="ko:K11001 ko:K11002" type="ortholog" reaction="rn:R05916"
        link="http://www.genome.jp/dbget-bin/www_bget?ko+K11001+K11002">
        <graphics name="K11001..." fgcolor="#000000" bgcolor="#FFFFFF"
             type="rectangle" x="195" y="215" width="46" height="17"/>
    </entry>
    <entry id="2" name="ko:K09658" type="ortholog" reaction="rn:R05916"
        link="http://www.genome.jp/dbget-bin/www_bget?ko+K09658">
        <graphics name="K09658" fgcolor="#000000" bgcolor="#FFFFFF"
             type="rectangle" x="173" y="232" width="46" height="17"/>
    </entry>
    <entry id="3" name="ko:K03860" type="ortholog" reaction="rn:R05916"
        link="http://www.genome.jp/dbget-bin/www_bget?ko+K03860">
        <graphics name="K03860" fgcolor="#000000" bgcolor="#FFFFFF"
             type="rectangle" x="149" y="215" width="46" height="17"/>
    </entry>
    <entry id="4" name="ko:K03861" type="ortholog" reaction="rn:R05916"
        link="http://www.genome.jp/dbget-bin/www_bget?ko+K03861">
        <graphics name="K03861" fgcolor="#000000" bgcolor="#FFFFFF"
             type="rectangle" x="195" y="198" width="46" height="17"/>
    </entry>
    <entry id="5" name="ko:K03858" type="ortholog" reaction="rn:R05916"
        link="http://www.genome.jp/dbget-bin/www_bget?ko+K03858">
        <graphics name="K03858" fgcolor="#000000" bgcolor="#FFFFFF"
             type="rectangle" x="149" y="198" width="46" height="17"/>
    </entry>
    <entry id="6" name="ko:K03859" type="ortholog" reaction="rn:R05916"
        link="http://www.genome.jp/dbget-bin/www_bget?ko+K03859">
        <graphics name="K03859" fgcolor="#000000" bgcolor="#FFFFFF"
             type="rectangle" x="195" y="181" width="46" height="17"/>
    </entry>
    <entry id="7" name="ko:K07541" type="ortholog" reaction="rn:R05919"
        link="http://www.genome.jp/dbget-bin/www_bget?ko+K07541">
        <graphics name="K07541" fgcolor="#000000" bgcolor="#FFFFFF"
             type="rectangle" x="299" y="309" width="46" height="17"/>
    </entry>
    <entry id="8" name="glycan:G13045" type="compound"
        link="http://www.genome.jp/dbget-bin/www_bget?glycan+G13045">
        <graphics name="G13045" fgcolor="#000000" bgcolor="#FFFFFF"
             type="circle" x="352" y="504" width="8" height="8"/>
    </entry>
    <entry id="9" name="ko:K05293" type="ortholog"
        link="http://www.genome.jp/dbget-bin/www_bget?ko+K05293">
        <graphics name="K05293" fgcolor="#000000" bgcolor="#FFFFFF"
             type="rectangle" x="418" y="529" width="46" height="17"/>
    </entry>
    <entry id="10" name="ko:K05292" type="ortholog"
        link="http://www.genome.jp/dbget-bin/www_bget?ko+K05292">
        <graphics name="K05292" fgcolor="#000000" bgcolor="#FFFFFF"
             type="rectangle" x="439" y="512" width="46" height="17"/>
    </entry>
    <entry id="11" name="ko:K05291" type="ortholog"
        link="http://www.genome.jp/dbget-bin/www_bget?ko+K05291">
        <graphics name="K05291" fgcolor="#000000" bgcolor="#FFFFFF"
             type="rectangle" x="393" y="512" width="46" height="17"/>
    </entry>
    <entry id="12" name="glycan:G12396" type="compound"
        link="http://www.genome.jp/dbget-bin/www_bget?glycan+G12396">
        <graphics name="G12396" fgcolor="#000000" bgcolor="#FFFFFF"
             type="circle" x="472" y="200" width="8" height="8"/>
    </entry>
    <entry id="13" name="ko:K05284" type="ortholog" reaction="rn:R05919"
        link="http://www.genome.jp/dbget-bin/www_bget?ko+K05284">
        <graphics name="K05284" fgcolor="#000000" bgcolor="#FFFFFF"
             type="rectangle" x="299" y="292" width="46" height="17"/>
    </entry>
    <entry id="14" name="glycan:G00145" type="compound"
        link="http://www.genome.jp/dbget-bin/www_bget?glycan+G00145">
        <graphics name="G00145" fgcolor="#000000" bgcolor="#FFFFFF"
             type="circle" x="351" y="301" width="8" height="8"/>
    </entry>
    <entry id="15" name="glycan:G00143" type="compound"
        link="http://www.genome.jp/dbget-bin/www_bget?glycan+G00143">
        <graphics name="G00143" fgcolor="#000000" bgcolor="#FFFFFF"
             type="circle" x="240" y="199" width="8" height="8"/>
    </entry>
    <entry id="16" name="glycan:G00144" type="compound"
        link="http://www.genome.jp/dbget-bin/www_bget?glycan+G00144">
        <graphics name="G00144" fgcolor="#000000" bgcolor="#FFFFFF"
             type="circle" x="351" y="200" width="8" height="8"/>
    </entry>
    <entry id="17" name="glycan:G00146" type="compound"
        link="http://www.genome.jp/dbget-bin/www_bget?glycan+G00146">
        <graphics name="G00146" fgcolor="#000000" bgcolor="#FFFFFF"
             type="circle" x="241" y="301" width="8" height="8"/>
    </entry>
    <entry id="18" name="glycan:G13046" type="compound"
        link="http://www.genome.jp/dbget-bin/www_bget?glycan+G13046">
        <graphics name="G13046" fgcolor="#000000" bgcolor="#FFFFFF"
             type="circle" x="241" y="504" width="8" height="8"/>
    </entry>
    <entry id="19" name="glycan:G00147" type="compound"
        link="http://www.genome.jp/dbget-bin/www_bget?glycan+G00147">
        <graphics name="G00147" fgcolor="#000000" bgcolor="#FFFFFF"
             type="circle" x="241" y="402" width="8" height="8"/>
    </entry>
    <entry id="20" name="cpd:C00350" type="compound"
        link="http://www.genome.jp/dbget-bin/www_bget?compound+C00350">
        <graphics name="C00350" fgcolor="#000000" bgcolor="#FFFFFF"
             type="circle" x="514" y="426" width="8" height="8"/>
    </entry>
    <entry id="21" name="glycan:G13044" type="compound"
        link="http://www.genome.jp/dbget-bin/www_bget?glycan+G13044">
        <graphics name="G13044" fgcolor="#000000" bgcolor="#FFFFFF"
             type="circle" x="473" y="504" width="8" height="8"/>
    </entry>
    <entry id="22" name="glycan:G00149" type="compound"
        link="http://www.genome.jp/dbget-bin/www_bget?glycan+G00149">
        <graphics name="G00149" fgcolor="#000000" bgcolor="#FFFFFF"
             type="circle" x="473" y="402" width="8" height="8"/>
    </entry>
    <entry id="23" name="glycan:G00148" type="compound"
        link="http://www.genome.jp/dbget-bin/www_bget?glycan+G00148">
        <graphics name="G00148" fgcolor="#000000" bgcolor="#FFFFFF"
             type="circle" x="352" y="402" width="8" height="8"/>
    </entry>
    <entry id="24" name="ko:K05287" type="ortholog" reaction="rn:R08107"
        link="http://www.genome.jp/dbget-bin/www_bget?ko+K05287">
        <graphics name="K05287" fgcolor="#000000" bgcolor="#FFFFFF"
             type="rectangle" x="450" y="456" width="46" height="17"/>
    </entry>
    <entry id="25" name="ko:K03434" type="ortholog" reaction="rn:R05917"
        link="http://www.genome.jp/dbget-bin/www_bget?ko+K03434">
        <graphics name="K03434" fgcolor="#000000" bgcolor="#FFFFFF"
             type="rectangle" x="293" y="197" width="46" height="17"/>
    </entry>
    <entry id="26" name="ko:K05290" type="ortholog"
        link="http://www.genome.jp/dbget-bin/www_bget?ko+K05290">
        <graphics name="K05290" fgcolor="#000000" bgcolor="#FFFFFF"
             type="rectangle" x="439" y="495" width="46" height="17"/>
    </entry>
    <entry id="27" name="ko:K05286" type="ortholog" reaction="rn:R05922"
        link="http://www.genome.jp/dbget-bin/www_bget?ko+K05286">
        <graphics name="K05286" fgcolor="#000000" bgcolor="#FFFFFF"
             type="rectangle" x="406" y="400" width="46" height="17"/>
    </entry>
    <entry id="28" name="ko:K05289" type="ortholog"
        link="http://www.genome.jp/dbget-bin/www_bget?ko+K05289">
        <graphics name="K05289" fgcolor="#000000" bgcolor="#FFFFFF"
             type="rectangle" x="393" y="495" width="46" height="17"/>
    </entry>
    <entry id="29" name="ko:K05294" type="ortholog"
        link="http://www.genome.jp/dbget-bin/www_bget?ko+K05294">
        <graphics name="K05294" fgcolor="#000000" bgcolor="#FFFFFF"
             type="rectangle" x="299" y="505" width="46" height="17"/>
    </entry>
    <entry id="30" name="ko:K05285" type="ortholog" reaction="rn:R05920"
        link="http://www.genome.jp/dbget-bin/www_bget?ko+K05285">
        <graphics name="K05285" fgcolor="#000000" bgcolor="#FFFFFF"
             type="rectangle" x="241" y="353" width="46" height="17"/>
    </entry>
    <entry id="31" name="ko:K03857" type="ortholog" reaction="rn:R05916"
        link="http://www.genome.jp/dbget-bin/www_bget?ko+K03857">
        <graphics name="K03857" fgcolor="#000000" bgcolor="#FFFFFF"
             type="rectangle" x="149" y="181" width="46" height="17"/>
    </entry>
    <entry id="32" name="ko:K01127" type="ortholog" reaction="rn:R06623"
        link="http://www.genome.jp/dbget-bin/www_bget?ko+K01127">
        <graphics name="K01127" fgcolor="#000000" bgcolor="#FFFFFF"
             type="rectangle" x="405" y="199" width="46" height="17"/>
    </entry>
    <entry id="33" name="ko:K05288" type="ortholog" reaction="rn:R08107"
        link="http://www.genome.jp/dbget-bin/www_bget?ko+K05288">
        <graphics name="K05288" fgcolor="#000000" bgcolor="#FFFFFF"
             type="rectangle" x="496" y="456" width="46" height="17"/>
    </entry>
    <entry id="34" name="ko:K05283" type="ortholog" reaction="rn:R05918"
        link="http://www.genome.jp/dbget-bin/www_bget?ko+K05283">
        <graphics name="K05283" fgcolor="#000000" bgcolor="#FFFFFF"
             type="rectangle" x="351" y="257" width="46" height="17"/>
    </entry>
    <entry id="35" name="ko:K07542" type="ortholog" reaction="rn:R05921"
        link="http://www.genome.jp/dbget-bin/www_bget?ko+K07542">
        <graphics name="K07542" fgcolor="#000000" bgcolor="#FFFFFF"
             type="rectangle" x="299" y="401" width="46" height="17"/>
    </entry>
    <entry id="36" name="path:map00564" type="map"
        link="http://www.genome.jp/kegg/pathway/map/map00564.html">
        <graphics name="Glycerophospholipid metabolism" fgcolor="#000000" bgcolor="#FFFFFF"
             type="roundrectangle" x="118" y="129" width="122" height="34"/>
    </entry>
    <entry id="37" name="path:map00563" type="map"
        link="http://www.genome.jp/dbget-bin/get_linkdb?pathway+map00563">
        <graphics name="TITLE:Glycosylphosphatidylinositol(GPI)-anchor biosynthesis" fgcolor="#000000" bgcolor="#FFFFFF"
             type="roundrectangle" x="297" y="68" width="475" height="27"/>
    </entry>
    <entry id="38" name="path:map00510" type="map"
        link="http://www.genome.jp/kegg/pathway/map/map00510.html">
        <graphics name="N-Glycan biosynthesis" fgcolor="#000000" bgcolor="#FFFFFF"
             type="roundrectangle" x="455" y="324" width="76" height="34"/>
    </entry>
    <entry id="39" name="cpd:C00350" type="compound"
        link="http://www.genome.jp/dbget-bin/www_bget?compound+C00350">
        <graphics name="C00350" fgcolor="#000000" bgcolor="#FFFFFF"
             type="circle" x="195" y="322" width="8" height="8"/>
    </entry>
    <entry id="40" name="glycan:G10617" type="compound"
        link="http://www.genome.jp/dbget-bin/www_bget?glycan+G10617">
        <graphics name="G10617" fgcolor="#000000" bgcolor="#FFFFFF"
             type="circle" x="340" y="374" width="8" height="8"/>
    </entry>
    <entry id="41" name="cpd:C00154" type="compound"
        link="http://www.genome.jp/dbget-bin/www_bget?compound+C00154">
        <graphics name="C00154" fgcolor="#000000" bgcolor="#FFFFFF"
             type="circle" x="389" y="236" width="8" height="8"/>
    </entry>
    <entry id="42" name="glycan:G10610" type="compound"
        link="http://www.genome.jp/dbget-bin/www_bget?glycan+G10610">
        <graphics name="G10610" fgcolor="#000000" bgcolor="#FFFFFF"
             type="circle" x="99" y="199" width="8" height="8"/>
    </entry>
    <entry id="43" name="cpd:C01194" type="compound"
        link="http://www.genome.jp/dbget-bin/www_bget?compound+C01194">
        <graphics name="C01194" fgcolor="#000000" bgcolor="#FFFFFF"
             type="circle" x="112" y="230" width="8" height="8"/>
    </entry>
    <relation entry1="25" entry2="32" type="ECrel">
        <subtype name="compound" value="16"/>
    </relation>
    <relation entry1="25" entry2="34" type="ECrel">
        <subtype name="compound" value="16"/>
    </relation>
    <relation entry1="32" entry2="34" type="ECrel">
        <subtype name="compound" value="16"/>
    </relation>
    <relation entry1="13" entry2="34" type="ECrel">
        <subtype name="compound" value="14"/>
    </relation>
    <relation entry1="7" entry2="34" type="ECrel">
        <subtype name="compound" value="14"/>
    </relation>
    <relation entry1="13" entry2="30" type="ECrel">
        <subtype name="compound" value="17"/>
    </relation>
    <relation entry1="7" entry2="30" type="ECrel">
        <subtype name="compound" value="17"/>
    </relation>
    <relation entry1="30" entry2="35" type="ECrel">
        <subtype name="compound" value="19"/>
    </relation>
    <relation entry1="27" entry2="35" type="ECrel">
        <subtype name="compound" value="23"/>
    </relation>
    <relation entry1="24" entry2="27" type="ECrel">
        <subtype name="compound" value="22"/>
    </relation>
    <relation entry1="27" entry2="33" type="ECrel">
        <subtype name="compound" value="22"/>
    </relation>
    <relation entry1="24" entry2="28" type="ECrel">
        <subtype name="compound" value="21"/>
    </relation>
    <relation entry1="24" entry2="26" type="ECrel">
        <subtype name="compound" value="21"/>
    </relation>
    <relation entry1="11" entry2="24" type="ECrel">
        <subtype name="compound" value="21"/>
    </relation>
    <relation entry1="10" entry2="24" type="ECrel">
        <subtype name="compound" value="21"/>
    </relation>
    <relation entry1="9" entry2="24" type="ECrel">
        <subtype name="compound" value="21"/>
    </relation>
    <relation entry1="28" entry2="33" type="ECrel">
        <subtype name="compound" value="21"/>
    </relation>
    <relation entry1="26" entry2="33" type="ECrel">
        <subtype name="compound" value="21"/>
    </relation>
    <relation entry1="11" entry2="33" type="ECrel">
        <subtype name="compound" value="21"/>
    </relation>
    <relation entry1="10" entry2="33" type="ECrel">
        <subtype name="compound" value="21"/>
    </relation>
    <relation entry1="9" entry2="33" type="ECrel">
        <subtype name="compound" value="21"/>
    </relation>
    <relation entry1="28" entry2="29" type="ECrel">
        <subtype name="compound" value="8"/>
    </relation>
    <relation entry1="26" entry2="29" type="ECrel">
        <subtype name="compound" value="8"/>
    </relation>
    <relation entry1="11" entry2="29" type="ECrel">
        <subtype name="compound" value="8"/>
    </relation>
    <relation entry1="10" entry2="29" type="ECrel">
        <subtype name="compound" value="8"/>
    </relation>
    <relation entry1="9" entry2="29" type="ECrel">
        <subtype name="compound" value="8"/>
    </relation>
    <relation entry1="25" entry2="31" type="ECrel">
        <subtype name="compound" value="15"/>
    </relation>
    <relation entry1="25" entry2="6" type="ECrel">
        <subtype name="compound" value="15"/>
    </relation>
    <relation entry1="25" entry2="5" type="ECrel">
        <subtype name="compound" value="15"/>
    </relation>
    <relation entry1="25" entry2="4" type="ECrel">
        <subtype name="compound" value="15"/>
    </relation>
    <relation entry1="25" entry2="3" type="ECrel">
        <subtype name="compound" value="15"/>
    </relation>
    <relation entry1="25" entry2="1" type="ECrel">
        <subtype name="compound" value="15"/>
    </relation>
    <relation entry1="25" entry2="2" type="ECrel">
        <subtype name="compound" value="15"/>
    </relation>
    <relation entry1="7" entry2="38" type="maplink">
        <subtype name="compound" value="40"/>
    </relation>
    <relation entry1="31" entry2="36" type="maplink">
        <subtype name="compound" value="43"/>
    </relation>
    <relation entry1="6" entry2="36" type="maplink">
        <subtype name="compound" value="43"/>
    </relation>
    <relation entry1="5" entry2="36" type="maplink">
        <subtype name="compound" value="43"/>
    </relation>
    <relation entry1="4" entry2="36" type="maplink">
        <subtype name="compound" value="43"/>
    </relation>
    <relation entry1="3" entry2="36" type="maplink">
        <subtype name="compound" value="43"/>
    </relation>
    <relation entry1="1" entry2="36" type="maplink">
        <subtype name="compound" value="43"/>
    </relation>
    <relation entry1="2" entry2="36" type="maplink">
        <subtype name="compound" value="43"/>
    </relation>
    <relation entry1="13" entry2="35" type="ECrel">
        <subtype name="compound" value="40"/>
    </relation>
    <relation entry1="13" entry2="27" type="ECrel">
        <subtype name="compound" value="40"/>
    </relation>
    <relation entry1="13" entry2="38" type="maplink">
        <subtype name="compound" value="40"/>
    </relation>
    <relation entry1="7" entry2="35" type="ECrel">
        <subtype name="compound" value="40"/>
    </relation>
    <relation entry1="7" entry2="27" type="ECrel">
        <subtype name="compound" value="40"/>
    </relation>
    <relation entry1="35" entry2="27" type="ECrel">
        <subtype name="compound" value="40"/>
    </relation>
    <relation entry1="35" entry2="38" type="maplink">
        <subtype name="compound" value="40"/>
    </relation>
    <relation entry1="27" entry2="38" type="maplink">
        <subtype name="compound" value="40"/>
    </relation>
    <reaction name="rn:R05916" type="irreversible">
        <substrate name="cpd:C01194"/>
        <substrate name="gl:G10610"/>
        <product name="gl:G00143"/>
    </reaction>
    <reaction name="rn:R05919" type="irreversible">
        <substrate name="gl:G10617"/>
        <substrate name="gl:G00145"/>
        <product name="gl:G00146"/>
    </reaction>
    <reaction name="rn:R08107" type="irreversible">
        <substrate name="gl:G00149"/>
        <product name="gl:G13044"/>
    </reaction>
    <reaction name="rn:R05917" type="irreversible">
        <substrate name="gl:G00143"/>
        <product name="gl:G00144"/>
    </reaction>
    <reaction name="rn:R05922" type="irreversible">
        <substrate name="gl:G00148"/>
        <substrate name="gl:G10617"/>
        <product name="gl:G00149"/>
    </reaction>
    <reaction name="rn:R05920" type="irreversible">
        <substrate name="cpd:C00350"/>
        <substrate name="gl:G00146"/>
        <product name="gl:G00147"/>
    </reaction>
    <reaction name="rn:R06623" type="irreversible">
        <substrate name="gl:G00144"/>
        <product name="gl:G12396"/>
    </reaction>
    <reaction name="rn:R05918" type="irreversible">
        <substrate name="gl:G00144"/>
        <substrate name="cpd:C00154"/>
        <product name="gl:G00145"/>
    </reaction>
    <reaction name="rn:R05921" type="irreversible">
        <substrate name="gl:G00147"/>
        <substrate name="gl:G10617"/>
        <product name="gl:G00148"/>
    </reaction>
</pathway>
