<?xml version="1.0"?>
<!DOCTYPE pathway SYSTEM "http://www.genome.jp/kegg/xml/KGML_v0.6.1_.dtd">
<!-- Creation date: Dec 25 2008 15:47:51 +0900 (JST) -->
<pathway name="path:map05014" org="map" number="05014"
         title="Amyotrophic lateral sclerosis (ALS)"
         image="http://www.genome.jp/kegg/pathway/map/map05014.gif"
         link="http://www.genome.jp/dbget-bin/show_pathway?map05014">
    <entry id="1" name="path:map05014" type="map"
        link="http://www.genome.jp/dbget-bin/get_linkdb?pathway+map05014">
        <graphics name="TITLE:Amyotrophic lateral sclerosis (ALS)" fgcolor="#000000" bgcolor="#FFFFFF"
             type="roundrectangle" x="223" y="67" width="327" height="25"/>
    </entry>
    <entry id="2" name="ko:K05613" type="ortholog"
        link="http://www.genome.jp/dbget-bin/www_bget?ko+K05613">
        <graphics name="K05613" fgcolor="#000000" bgcolor="#FFFFFF"
             type="rectangle" x="208" y="315" width="46" height="17"/>
    </entry>
    <entry id="3" name="ko:K05197 ko:K05198 ko:K05208 ko:K05209 ko:K05210 ko:K05211 ko:K05212" type="ortholog"
        link="http://www.genome.jp/dbget-bin/www_bget?ko+K05197+K05198+K05208+K05209+K05210+K05211+K05212">
        <graphics name="K05197..." fgcolor="#000000" bgcolor="#FFFFFF"
             type="rectangle" x="350" y="558" width="46" height="17"/>
    </entry>
    <entry id="4" name="ko:K11518" type="ortholog"
        link="http://www.genome.jp/dbget-bin/www_bget?ko+K11518">
        <graphics name="K11518" fgcolor="#000000" bgcolor="#FFFFFF"
             type="rectangle" x="704" y="338" width="46" height="17"/>
    </entry>
    <entry id="5" name="ko:K04565" type="ortholog"
        link="http://www.genome.jp/dbget-bin/www_bget?ko+K04565">
        <graphics name="K04565" fgcolor="#000000" bgcolor="#FFFFFF"
             type="rectangle" x="576" y="285" width="46" height="17"/>
    </entry>
    <entry id="6" name="ko:K08738" type="ortholog"
        link="http://www.genome.jp/dbget-bin/www_bget?ko+K08738">
        <graphics name="K08738" fgcolor="#000000" bgcolor="#FFFFFF"
             type="rectangle" x="894" y="106" width="46" height="17"/>
    </entry>
    <entry id="7" name="cpd:C00025" type="compound"
        link="http://www.genome.jp/dbget-bin/www_bget?compound+C00025">
        <graphics name="C00025" fgcolor="#000000" bgcolor="#FFFFFF"
             type="circle" x="276" y="527" width="8" height="8"/>
    </entry>
    <entry id="8" name="path:map04210" type="map"
        link="http://www.genome.jp/kegg/pathway/map/map04210.html">
        <graphics name="Apoptosis" fgcolor="#000000" bgcolor="#FFFFFF"
             type="roundrectangle" x="1039" y="118" width="109" height="25"/>
    </entry>
    <entry id="9" name="ko:K03156" type="ortholog"
        link="http://www.genome.jp/dbget-bin/www_bget?ko+K03156">
        <graphics name="K03156" fgcolor="#000000" bgcolor="#FFFFFF"
             type="rectangle" x="271" y="735" width="46" height="17"/>
    </entry>
    <entry id="10" name="cpd:C00533" type="compound"
        link="http://www.genome.jp/dbget-bin/www_bget?compound+C00533">
        <graphics name="C00533" fgcolor="#000000" bgcolor="#FFFFFF"
             type="circle" x="276" y="792" width="8" height="8"/>
    </entry>
    <entry id="11" name="ko:K01370" type="ortholog"
        link="http://www.genome.jp/dbget-bin/www_bget?ko+K01370">
        <graphics name="K01370" fgcolor="#000000" bgcolor="#FFFFFF"
             type="rectangle" x="522" y="248" width="46" height="17"/>
    </entry>
    <entry id="12" name="ko:K02187" type="ortholog"
        link="http://www.genome.jp/dbget-bin/www_bget?ko+K02187">
        <graphics name="K02187" fgcolor="#000000" bgcolor="#FFFFFF"
             type="rectangle" x="1088" y="86" width="46" height="17"/>
    </entry>
    <entry id="13" name="ko:K02159" type="ortholog"
        link="http://www.genome.jp/dbget-bin/www_bget?ko+K02159">
        <graphics name="K02159" fgcolor="#000000" bgcolor="#FFFFFF"
             type="rectangle" x="950" y="207" width="46" height="17"/>
    </entry>
    <entry id="14" name="ko:K02158" type="ortholog"
        link="http://www.genome.jp/dbget-bin/www_bget?ko+K02158">
        <graphics name="K02158" fgcolor="#000000" bgcolor="#FFFFFF"
             type="rectangle" x="1002" y="207" width="46" height="17"/>
    </entry>
    <entry id="15" name="ko:K02161" type="ortholog"
        link="http://www.genome.jp/dbget-bin/www_bget?ko+K02161">
        <graphics name="K02161" fgcolor="#000000" bgcolor="#FFFFFF"
             type="rectangle" x="780" y="208" width="46" height="17"/>
    </entry>
    <entry id="16" name="ko:K04570" type="ortholog"
        link="http://www.genome.jp/dbget-bin/www_bget?ko+K04570">
        <graphics name="K04570" fgcolor="#000000" bgcolor="#FFFFFF"
             type="rectangle" x="832" y="208" width="46" height="17"/>
    </entry>
    <entry id="17" name="path:map03050" type="map"
        link="http://www.genome.jp/kegg/pathway/map/map03050.html">
        <graphics name="Proteasome" fgcolor="#000000" bgcolor="#FFFFFF"
             type="roundrectangle" x="711" y="476" width="109" height="25"/>
    </entry>
    <entry id="18" name="ko:K02084" type="ortholog"
        link="http://www.genome.jp/dbget-bin/www_bget?ko+K02084">
        <graphics name="K02084" fgcolor="#000000" bgcolor="#FFFFFF"
             type="rectangle" x="895" y="64" width="46" height="17"/>
    </entry>
    <entry id="19" name="ko:K04399" type="ortholog"
        link="http://www.genome.jp/dbget-bin/www_bget?ko+K04399">
        <graphics name="K04399" fgcolor="#000000" bgcolor="#FFFFFF"
             type="rectangle" x="1002" y="85" width="46" height="17"/>
    </entry>
    <entry id="20" name="cpd:C00076" type="compound"
        link="http://www.genome.jp/dbget-bin/www_bget?compound+C00076">
        <graphics name="C00076" fgcolor="#000000" bgcolor="#FFFFFF"
             type="circle" x="413" y="559" width="8" height="8"/>
    </entry>
    <entry id="21" name="ko:K04726" type="ortholog"
        link="http://www.genome.jp/dbget-bin/www_bget?ko+K04726">
        <graphics name="K04726" fgcolor="#000000" bgcolor="#FFFFFF"
             type="rectangle" x="639" y="247" width="46" height="17"/>
    </entry>
    <entry id="22" name="cpd:C00533" type="compound"
        link="http://www.genome.jp/dbget-bin/www_bget?compound+C00533">
        <graphics name="C00533" fgcolor="#000000" bgcolor="#FFFFFF"
             type="circle" x="268" y="221" width="8" height="8"/>
    </entry>
    <entry id="23" name="ko:K03158 ko:K05141" type="ortholog"
        link="http://www.genome.jp/dbget-bin/www_bget?ko+K03158+K05141">
        <graphics name="K03158..." fgcolor="#000000" bgcolor="#FFFFFF"
             type="rectangle" x="351" y="735" width="46" height="17"/>
    </entry>
    <entry id="24" name="ko:K02308" type="ortholog"
        link="http://www.genome.jp/dbget-bin/www_bget?ko+K02308">
        <graphics name="K02308" fgcolor="#000000" bgcolor="#FFFFFF"
             type="rectangle" x="574" y="639" width="46" height="17"/>
    </entry>
    <entry id="25" name="ko:K04426" type="ortholog"
        link="http://www.genome.jp/dbget-bin/www_bget?ko+K04426">
        <graphics name="K04426" fgcolor="#000000" bgcolor="#FFFFFF"
             type="rectangle" x="664" y="639" width="46" height="17"/>
    </entry>
    <entry id="26" name="ko:K04432" type="ortholog"
        link="http://www.genome.jp/dbget-bin/www_bget?ko+K04432">
        <graphics name="K04432" fgcolor="#000000" bgcolor="#FFFFFF"
             type="rectangle" x="757" y="627" width="46" height="17"/>
    </entry>
    <entry id="27" name="ko:K04433" type="ortholog"
        link="http://www.genome.jp/dbget-bin/www_bget?ko+K04433">
        <graphics name="K04433" fgcolor="#000000" bgcolor="#FFFFFF"
             type="rectangle" x="757" y="651" width="46" height="17"/>
    </entry>
    <entry id="28" name="ko:K04441" type="ortholog"
        link="http://www.genome.jp/dbget-bin/www_bget?ko+K04441">
        <graphics name="K04441" fgcolor="#000000" bgcolor="#FFFFFF"
             type="rectangle" x="850" y="639" width="46" height="17"/>
    </entry>
    <entry id="29" name="path:map04010" type="map"
        link="http://www.genome.jp/kegg/pathway/map/map04010.html">
        <graphics name="MAPK signaling pathway" fgcolor="#000000" bgcolor="#FFFFFF"
             type="roundrectangle" x="958" y="615" width="109" height="34"/>
    </entry>
    <entry id="30" name="ko:K04572" type="ortholog"
        link="http://www.genome.jp/dbget-bin/www_bget?ko+K04572">
        <graphics name="K04572" fgcolor="#000000" bgcolor="#FFFFFF"
             type="rectangle" x="922" y="785" width="46" height="17"/>
    </entry>
    <entry id="31" name="ko:K04573" type="ortholog"
        link="http://www.genome.jp/dbget-bin/www_bget?ko+K04573">
        <graphics name="K04573" fgcolor="#000000" bgcolor="#FFFFFF"
             type="rectangle" x="922" y="811" width="46" height="17"/>
    </entry>
    <entry id="32" name="ko:K04574" type="ortholog"
        link="http://www.genome.jp/dbget-bin/www_bget?ko+K04574">
        <graphics name="K04574" fgcolor="#000000" bgcolor="#FFFFFF"
             type="rectangle" x="922" y="836" width="46" height="17"/>
    </entry>
    <entry id="33" name="ko:K07607" type="ortholog"
        link="http://www.genome.jp/dbget-bin/www_bget?ko+K07607">
        <graphics name="K07607" fgcolor="#000000" bgcolor="#FFFFFF"
             type="rectangle" x="880" y="859" width="46" height="17"/>
    </entry>
    <entry id="34" name="ko:K04565" type="ortholog"
        link="http://www.genome.jp/dbget-bin/www_bget?ko+K04565">
        <graphics name="K04565" fgcolor="#000000" bgcolor="#FFFFFF"
             type="rectangle" x="689" y="826" width="46" height="17"/>
    </entry>
    <entry id="35" name="ko:K04565" type="ortholog"
        link="http://www.genome.jp/dbget-bin/www_bget?ko+K04565">
        <graphics name="K04565" fgcolor="#000000" bgcolor="#FFFFFF"
             type="rectangle" x="810" y="766" width="46" height="17"/>
    </entry>
    <entry id="36" name="ko:K04565" type="ortholog"
        link="http://www.genome.jp/dbget-bin/www_bget?ko+K04565">
        <graphics name="K04565" fgcolor="#000000" bgcolor="#FFFFFF"
             type="rectangle" x="784" y="826" width="46" height="17"/>
    </entry>
    <entry id="37" name="hsa:2876 mmu:14775 rno:24404" type="other">
        <graphics name="GPX1..." fgcolor="#000000" bgcolor="#FFFFFF"
             type="rectangle" x="779" y="858" width="46" height="17"/>
    </entry>
    <entry id="38" name="ko:K03781" type="ortholog"
        link="http://www.genome.jp/dbget-bin/www_bget?ko+K03781">
        <graphics name="K03781" fgcolor="#000000" bgcolor="#FFFFFF"
             type="rectangle" x="779" y="881" width="46" height="17"/>
    </entry>
    <entry id="39" name="ko:K00491" type="ortholog"
        link="http://www.genome.jp/dbget-bin/www_bget?ko+K00491">
        <graphics name="K00491" fgcolor="#000000" bgcolor="#FFFFFF"
             type="rectangle" x="611" y="717" width="46" height="17"/>
    </entry>
    <entry id="40" name="ko:K04569" type="ortholog"
        link="http://www.genome.jp/dbget-bin/www_bget?ko+K04569">
        <graphics name="K04569" fgcolor="#000000" bgcolor="#FFFFFF"
             type="rectangle" x="662" y="864" width="46" height="17"/>
    </entry>
    <entry id="42" name="cpd:C00062" type="compound"
        link="http://www.genome.jp/dbget-bin/www_bget?compound+C00062">
        <graphics name="C00062" fgcolor="#000000" bgcolor="#FFFFFF"
             type="circle" x="577" y="734" width="8" height="8"/>
    </entry>
    <entry id="43" name="cpd:C00533" type="compound"
        link="http://www.genome.jp/dbget-bin/www_bget?compound+C00533">
        <graphics name="C00533" fgcolor="#000000" bgcolor="#FFFFFF"
             type="circle" x="649" y="734" width="8" height="8"/>
    </entry>
    <entry id="44" name="cpd:C16845" type="compound"
        link="http://www.genome.jp/dbget-bin/www_bget?compound+C16845">
        <graphics name="C16845" fgcolor="#000000" bgcolor="#FFFFFF"
             type="circle" x="737" y="735" width="8" height="8"/>
    </entry>
    <entry id="45" name="cpd:C00704" type="compound"
        link="http://www.genome.jp/dbget-bin/www_bget?compound+C00704">
        <graphics name="C00704" fgcolor="#000000" bgcolor="#FFFFFF"
             type="circle" x="648" y="811" width="8" height="8"/>
    </entry>
    <entry id="46" name="cpd:C00027" type="compound"
        link="http://www.genome.jp/dbget-bin/www_bget?compound+C00027">
        <graphics name="C00027" fgcolor="#000000" bgcolor="#FFFFFF"
             type="circle" x="740" y="812" width="8" height="8"/>
    </entry>
    <entry id="47" name="cpd:C16844" type="compound"
        link="http://www.genome.jp/dbget-bin/www_bget?compound+C16844">
        <graphics name="C16844" fgcolor="#000000" bgcolor="#FFFFFF"
             type="circle" x="839" y="813" width="8" height="8"/>
    </entry>
    <entry id="48" name="cpd:C00070" type="compound"
        link="http://www.genome.jp/dbget-bin/www_bget?compound+C00070">
        <graphics name="C00070" fgcolor="#000000" bgcolor="#FFFFFF"
             type="circle" x="637" y="887" width="8" height="8"/>
    </entry>
    <entry id="49" name="cpd:C00001" type="compound"
        link="http://www.genome.jp/dbget-bin/www_bget?compound+C00001">
        <graphics name="C00001" fgcolor="#000000" bgcolor="#FFFFFF"
             type="circle" x="837" y="888" width="8" height="8"/>
    </entry>
    <entry id="50" name="ko:K04575" type="ortholog"
        link="http://www.genome.jp/dbget-bin/www_bget?ko+K04575">
        <graphics name="K04575" fgcolor="#000000" bgcolor="#FFFFFF"
             type="rectangle" x="1016" y="849" width="46" height="17"/>
    </entry>
    <entry id="51" name="ko:K11519" type="ortholog"
        link="http://www.genome.jp/dbget-bin/www_bget?ko+K11519">
        <graphics name="K11519" fgcolor="#000000" bgcolor="#FFFFFF"
             type="rectangle" x="632" y="538" width="46" height="17"/>
    </entry>
    <entry id="52" name="ko:K04392" type="ortholog"
        link="http://www.genome.jp/dbget-bin/www_bget?ko+K04392">
        <graphics name="K04392" fgcolor="#000000" bgcolor="#FFFFFF"
             type="rectangle" x="1040" y="883" width="46" height="17"/>
    </entry>
    <entry id="53" name="ko:K07887" type="ortholog"
        link="http://www.genome.jp/dbget-bin/www_bget?ko+K07887">
        <graphics name="K07887" fgcolor="#000000" bgcolor="#FFFFFF"
             type="rectangle" x="1100" y="848" width="46" height="17"/>
    </entry>
    <entry id="54" name="ko:K04348 ko:K06268" type="ortholog"
        link="http://www.genome.jp/dbget-bin/www_bget?ko+K04348+K06268">
        <graphics name="K04348..." fgcolor="#000000" bgcolor="#FFFFFF"
             type="rectangle" x="662" y="192" width="46" height="17"/>
    </entry>
    <entry id="55" name="ko:K04451" type="ortholog"
        link="http://www.genome.jp/dbget-bin/www_bget?ko+K04451">
        <graphics name="K04451" fgcolor="#000000" bgcolor="#FFFFFF"
             type="rectangle" x="697" y="146" width="46" height="17"/>
    </entry>
    <entry id="56" name="path:map04115" type="map"
        link="http://www.genome.jp/kegg/pathway/map/map04115.html">
        <graphics name="p53 signaling pathway" fgcolor="#000000" bgcolor="#FFFFFF"
             type="roundrectangle" x="703" y="112" width="109" height="34"/>
    </entry>
    <entry id="57" name="cpd:C00076" type="compound"
        link="http://www.genome.jp/dbget-bin/www_bget?compound+C00076">
        <graphics name="C00076" fgcolor="#000000" bgcolor="#FFFFFF"
             type="circle" x="760" y="367" width="8" height="8"/>
    </entry>
    <entry id="58" name="cpd:C00076" type="compound"
        link="http://www.genome.jp/dbget-bin/www_bget?compound+C00076">
        <graphics name="C00076" fgcolor="#000000" bgcolor="#FFFFFF"
             type="circle" x="805" y="568" width="8" height="8"/>
    </entry>
    <entry id="59" name="cpd:C00704 cpd:C00027 cpd:C16845 cpd:C16844" type="compound"
        link="http://www.genome.jp/dbget-bin/www_bget?compound+C00704+C00027+C16845+C16844">
        <graphics name="C00704..." fgcolor="#000000" bgcolor="#FFFFFF"
             type="circle" x="399" y="250" width="8" height="8"/>
    </entry>
    <entry id="60" name="ko:K04741" type="ortholog"
        link="http://www.genome.jp/dbget-bin/www_bget?ko+K04741">
        <graphics name="K04741" fgcolor="#000000" bgcolor="#FFFFFF"
             type="rectangle" x="961" y="525" width="46" height="17"/>
    </entry>
    <entry id="61" name="ko:K04426" type="ortholog"
        link="http://www.genome.jp/dbget-bin/www_bget?ko+K04426">
        <graphics name="K04426" fgcolor="#000000" bgcolor="#FFFFFF"
             type="rectangle" x="961" y="560" width="46" height="17"/>
    </entry>
    <entry id="62" name="path:map04210" type="map"
        link="http://www.genome.jp/kegg/pathway/map/map04210.html">
        <graphics name="Apoptosis" fgcolor="#000000" bgcolor="#FFFFFF"
             type="roundrectangle" x="1055" y="505" width="109" height="25"/>
    </entry>
    <relation entry1="18" entry2="19" type="PPrel">
        <subtype name="activation" value="-->"/>
    </relation>
    <relation entry1="6" entry2="19" type="PPrel">
        <subtype name="activation" value="-->"/>
    </relation>
    <relation entry1="19" entry2="12" type="PPrel">
        <subtype name="activation" value="-->"/>
    </relation>
    <relation entry1="5" entry2="59" type="PCrel">
        <subtype name="activation" value="-->"/>
    </relation>
    <relation entry1="9" entry2="23" type="PPrel">
        <subtype name="activation" value="-->"/>
    </relation>
    <relation entry1="23" entry2="24" type="PPrel">
        <subtype name="activation" value="-->"/>
    </relation>
    <relation entry1="24" entry2="25" type="PPrel">
        <subtype name="activation" value="-->"/>
    </relation>
    <relation entry1="25" entry2="26" type="PPrel">
        <subtype name="activation" value="-->"/>
        <subtype name="phosphorylation" value="+p"/>
    </relation>
    <relation entry1="25" entry2="27" type="PPrel">
        <subtype name="activation" value="-->"/>
        <subtype name="phosphorylation" value="+p"/>
    </relation>
    <relation entry1="26" entry2="28" type="PPrel">
        <subtype name="activation" value="-->"/>
        <subtype name="phosphorylation" value="+p"/>
    </relation>
    <relation entry1="27" entry2="28" type="PPrel">
        <subtype name="activation" value="-->"/>
        <subtype name="phosphorylation" value="+p"/>
    </relation>
    <relation entry1="50" entry2="53" type="PPrel">
        <subtype name="activation" value="-->"/>
    </relation>
    <relation entry1="50" entry2="52" type="PPrel">
        <subtype name="binding/association" value="---"/>
    </relation>
    <relation entry1="59" entry2="2" type="PCrel">
        <subtype name="inhibition" value="--|"/>
    </relation>
    <relation entry1="59" entry2="54" type="PCrel">
        <subtype name="inhibition" value="--|"/>
    </relation>
    <relation entry1="5" entry2="15" type="PPrel">
        <subtype name="inhibition" value="--|"/>
    </relation>
    <relation entry1="5" entry2="4" type="PPrel">
        <subtype name="inhibition" value="--|"/>
    </relation>
    <relation entry1="5" entry2="51" type="PPrel">
        <subtype name="inhibition" value="--|"/>
    </relation>
    <relation entry1="5" entry2="54" type="PPrel">
        <subtype name="missing" value="-/>"/>
    </relation>
    <relation entry1="15" entry2="6" type="PPrel">
        <subtype name="missing" value="-/>"/>
    </relation>
    <relation entry1="16" entry2="6" type="PPrel">
        <subtype name="missing" value="-/>"/>
    </relation>
    <relation entry1="13" entry2="6" type="PPrel">
        <subtype name="indirect" value="..>"/>
    </relation>
    <relation entry1="14" entry2="6" type="PPrel">
        <subtype name="indirect" value="..>"/>
    </relation>
    <relation entry1="7" entry2="3" type="PCrel">
        <subtype name="activation" value="-->"/>
    </relation>
    <relation entry1="48" entry2="34" type="PCrel">
        <subtype name="activation" value="-->"/>
    </relation>
    <relation entry1="39" entry2="43" type="PCrel">
        <subtype name="activation" value="-->"/>
    </relation>
    <relation entry1="34" entry2="46" type="PCrel">
        <subtype name="activation" value="-->"/>
    </relation>
    <relation entry1="36" entry2="47" type="PCrel">
        <subtype name="activation" value="-->"/>
    </relation>
    <relation entry1="37" entry2="49" type="PCrel">
        <subtype name="activation" value="-->"/>
    </relation>
    <relation entry1="38" entry2="49" type="PCrel">
        <subtype name="activation" value="-->"/>
    </relation>
    <relation entry1="33" entry2="30" type="PPrel">
        <subtype name="binding/association" value="---"/>
    </relation>
    <relation entry1="33" entry2="31" type="PPrel">
        <subtype name="binding/association" value="---"/>
    </relation>
    <relation entry1="33" entry2="32" type="PPrel">
        <subtype name="binding/association" value="---"/>
    </relation>
    <relation entry1="35" entry2="30" type="PPrel">
        <subtype name="inhibition" value="--|"/>
    </relation>
    <relation entry1="28" entry2="30" type="PPrel">
        <subtype name="phosphorylation" value="+p"/>
    </relation>
    <relation entry1="28" entry2="31" type="PPrel">
        <subtype name="phosphorylation" value="+p"/>
    </relation>
    <relation entry1="28" entry2="32" type="PPrel">
        <subtype name="phosphorylation" value="+p"/>
    </relation>
    <relation entry1="47" entry2="30" type="PCrel">
        <subtype name="inhibition" value="--|"/>
    </relation>
    <relation entry1="47" entry2="31" type="PCrel">
        <subtype name="inhibition" value="--|"/>
    </relation>
    <relation entry1="47" entry2="32" type="PCrel">
        <subtype name="inhibition" value="--|"/>
    </relation>
</pathway>
