<?xml version="1.0"?>
<!DOCTYPE pathway SYSTEM "http://www.genome.jp/kegg/xml/KGML_v0.6.1_.dtd">
<!-- Creation date: Jan 19 2009 13:55:15 +0900 (JST) -->
<pathway name="path:map00362" org="map" number="00362"
         title="Benzoate degradation via hydroxylation"
         image="http://www.genome.jp/kegg/pathway/map/map00362.gif"
         link="http://www.genome.jp/dbget-bin/show_pathway?map00362">
    <entry id="1" name="ko:K00446" type="ortholog" reaction="rn:R07795"
        link="http://www.genome.jp/dbget-bin/www_bget?ko+K00446">
        <graphics name="K00446" fgcolor="#000000" bgcolor="#FFFFFF"
             type="rectangle" x="99" y="354" width="46" height="17"/>
    </entry>
    <entry id="2" name="ec:1.14.12.14" type="enzyme" reaction="rn:R05156"
        link="http://www.genome.jp/dbget-bin/www_bget?enzyme+1.14.12.14">
        <graphics name="1.14.12.14" fgcolor="#000000" bgcolor="#FFFFFF"
             type="rectangle" x="99" y="294" width="46" height="17"/>
    </entry>
    <entry id="3" name="cpd:C06336" type="compound"
        link="http://www.genome.jp/dbget-bin/www_bget?compound+C06336">
        <graphics name="C06336" fgcolor="#000000" bgcolor="#FFFFFF"
             type="circle" x="99" y="329" width="8" height="8"/>
    </entry>
    <entry id="4" name="cpd:C06333" type="compound"
        link="http://www.genome.jp/dbget-bin/www_bget?compound+C06333">
        <graphics name="C06333" fgcolor="#000000" bgcolor="#FFFFFF"
             type="circle" x="99" y="269" width="8" height="8"/>
    </entry>
    <entry id="5" name="path:map00350" type="map"
        link="http://www.genome.jp/kegg/pathway/map/map00350.html">
        <graphics name="Tyrosine metabolism" fgcolor="#000000" bgcolor="#FFFFFF"
             type="roundrectangle" x="869" y="168" width="115" height="25"/>
    </entry>
    <entry id="6" name="ko:K07823" type="ortholog" reaction="rn:R00829"
        link="http://www.genome.jp/dbget-bin/www_bget?ko+K07823">
        <graphics name="K07823" fgcolor="#000000" bgcolor="#FFFFFF"
             type="rectangle" x="364" y="675" width="46" height="17"/>
    </entry>
    <entry id="7" name="cpd:C06321" type="compound"
        link="http://www.genome.jp/dbget-bin/www_bget?compound+C06321">
        <graphics name="C06321" fgcolor="#000000" bgcolor="#FFFFFF"
             type="circle" x="339" y="225" width="8" height="8"/>
    </entry>
    <entry id="8" name="ko:K07824" type="ortholog" reaction="rn:R01295"
        link="http://www.genome.jp/dbget-bin/www_bget?ko+K07824">
        <graphics name="K07824" fgcolor="#000000" bgcolor="#FFFFFF"
             type="rectangle" x="854" y="130" width="46" height="17"/>
    </entry>
    <entry id="9" name="ko:K05783" type="ortholog" reaction="rn:R00813"
        link="http://www.genome.jp/dbget-bin/www_bget?ko+K05783">
        <graphics name="K05783" fgcolor="#000000" bgcolor="#FFFFFF"
             type="rectangle" x="339" y="247" width="46" height="17"/>
    </entry>
    <entry id="10" name="path:map00930" type="map"
        link="http://www.genome.jp/kegg/pathway/map/map00930.html">
        <graphics name="Caprolactam degradation" fgcolor="#000000" bgcolor="#FFFFFF"
             type="roundrectangle" x="442" y="651" width="76" height="34"/>
    </entry>
    <entry id="11" name="path:map00620" type="map"
        link="http://www.genome.jp/kegg/pathway/map/map00620.html">
        <graphics name="Pyruvate metabolism" fgcolor="#000000" bgcolor="#FFFFFF"
             type="roundrectangle" x="136" y="707" width="70" height="34"/>
    </entry>
    <entry id="12" name="path:map00010" type="map"
        link="http://www.genome.jp/kegg/pathway/map/map00010.html">
        <graphics name="Glycolysis / Gluconeogenesis" fgcolor="#000000" bgcolor="#FFFFFF"
             type="roundrectangle" x="217" y="702" width="64" height="25"/>
    </entry>
    <entry id="13" name="cpd:C05343" type="compound"
        link="http://www.genome.jp/dbget-bin/www_bget?compound+C05343">
        <graphics name="C05343" fgcolor="#000000" bgcolor="#FFFFFF"
             type="circle" x="999" y="725" width="8" height="8"/>
    </entry>
    <entry id="14" name="cpd:C03586" type="compound"
        link="http://www.genome.jp/dbget-bin/www_bget?compound+C03586">
        <graphics name="C03586" fgcolor="#000000" bgcolor="#FFFFFF"
             type="circle" x="339" y="501" width="8" height="8"/>
    </entry>
    <entry id="15" name="cpd:C04553" type="compound"
        link="http://www.genome.jp/dbget-bin/www_bget?compound+C04553">
        <graphics name="C04553" fgcolor="#000000" bgcolor="#FFFFFF"
             type="circle" x="508" y="307" width="8" height="8"/>
    </entry>
    <entry id="16" name="cpd:C02232" type="compound"
        link="http://www.genome.jp/dbget-bin/www_bget?compound+C02232">
        <graphics name="C02232" fgcolor="#000000" bgcolor="#FFFFFF"
             type="circle" x="339" y="651" width="8" height="8"/>
    </entry>
    <entry id="17" name="cpd:C00596" type="compound"
        link="http://www.genome.jp/dbget-bin/www_bget?compound+C00596">
        <graphics name="C00596" fgcolor="#000000" bgcolor="#FFFFFF"
             type="circle" x="184" y="471" width="8" height="8"/>
    </entry>
    <entry id="18" name="ec:1.14.13.33" type="enzyme" reaction="rn:R01296 rn:R01298"
        link="http://www.genome.jp/dbget-bin/www_bget?enzyme+1.14.13.33">
        <graphics name="1.14.13.33" fgcolor="#000000" bgcolor="#FFFFFF"
             type="rectangle" x="832" y="289" width="46" height="17"/>
    </entry>
    <entry id="19" name="ko:K00481" type="ortholog" reaction="rn:R01298"
        link="http://www.genome.jp/dbget-bin/www_bget?ko+K00481">
        <graphics name="K00481" fgcolor="#000000" bgcolor="#FFFFFF"
             type="rectangle" x="832" y="268" width="46" height="17"/>
    </entry>
    <entry id="20" name="cpd:C04451" type="compound"
        link="http://www.genome.jp/dbget-bin/www_bget?compound+C04451">
        <graphics name="C04451" fgcolor="#000000" bgcolor="#FFFFFF"
             type="circle" x="784" y="563" width="8" height="8"/>
    </entry>
    <entry id="21" name="cpd:C04434" type="compound"
        link="http://www.genome.jp/dbget-bin/www_bget?compound+C04434">
        <graphics name="C04434" fgcolor="#000000" bgcolor="#FFFFFF"
             type="circle" x="784" y="629" width="8" height="8"/>
    </entry>
    <entry id="22" name="cpd:C00108" type="compound"
        link="http://www.genome.jp/dbget-bin/www_bget?compound+C00108">
        <graphics name="C00108" fgcolor="#000000" bgcolor="#FFFFFF"
             type="circle" x="184" y="198" width="8" height="8"/>
    </entry>
    <entry id="23" name="cpd:C00091" type="compound"
        link="http://www.genome.jp/dbget-bin/www_bget?compound+C00091">
        <graphics name="C00091" fgcolor="#000000" bgcolor="#FFFFFF"
             type="circle" x="370" y="734" width="8" height="8"/>
    </entry>
    <entry id="24" name="cpd:C00024" type="compound"
        link="http://www.genome.jp/dbget-bin/www_bget?compound+C00024">
        <graphics name="C00024" fgcolor="#000000" bgcolor="#FFFFFF"
             type="circle" x="308" y="734" width="8" height="8"/>
    </entry>
    <entry id="25" name="cpd:C03198" type="compound"
        link="http://www.genome.jp/dbget-bin/www_bget?compound+C03198">
        <graphics name="C03198" fgcolor="#000000" bgcolor="#FFFFFF"
             type="circle" x="999" y="641" width="8" height="8"/>
    </entry>
    <entry id="26" name="cpd:C03590" type="compound"
        link="http://www.genome.jp/dbget-bin/www_bget?compound+C03590">
        <graphics name="C03590" fgcolor="#000000" bgcolor="#FFFFFF"
             type="circle" x="999" y="560" width="8" height="8"/>
    </entry>
    <entry id="27" name="cpd:C00633" type="compound"
        link="http://www.genome.jp/dbget-bin/www_bget?compound+C00633">
        <graphics name="C00633" fgcolor="#000000" bgcolor="#FFFFFF"
             type="circle" x="999" y="478" width="8" height="8"/>
    </entry>
    <entry id="28" name="cpd:C00587" type="compound"
        link="http://www.genome.jp/dbget-bin/www_bget?compound+C00587">
        <graphics name="C00587" fgcolor="#000000" bgcolor="#FFFFFF"
             type="circle" x="654" y="169" width="8" height="8"/>
    </entry>
    <entry id="29" name="cpd:C00628" type="compound"
        link="http://www.genome.jp/dbget-bin/www_bget?compound+C00628">
        <graphics name="C00628" fgcolor="#000000" bgcolor="#FFFFFF"
             type="circle" x="750" y="169" width="8" height="8"/>
    </entry>
    <entry id="30" name="cpd:C00156" type="compound"
        link="http://www.genome.jp/dbget-bin/www_bget?compound+C00156">
        <graphics name="C00156" fgcolor="#000000" bgcolor="#FFFFFF"
             type="circle" x="999" y="280" width="8" height="8"/>
    </entry>
    <entry id="31" name="cpd:C00230" type="compound"
        link="http://www.genome.jp/dbget-bin/www_bget?compound+C00230">
        <graphics name="C00230" fgcolor="#000000" bgcolor="#FFFFFF"
             type="circle" x="654" y="279" width="8" height="8"/>
    </entry>
    <entry id="32" name="ec:1.14.13.23" type="enzyme" reaction="rn:R01628"
        link="http://www.genome.jp/dbget-bin/www_bget?enzyme+1.14.13.23">
        <graphics name="1.14.13.23" fgcolor="#000000" bgcolor="#FFFFFF"
             type="rectangle" x="654" y="214" width="46" height="17"/>
    </entry>
    <entry id="33" name="ec:1.14.13.24" type="enzyme" reaction="rn:R02589"
        link="http://www.genome.jp/dbget-bin/www_bget?enzyme+1.14.13.24">
        <graphics name="1.14.13.24" fgcolor="#000000" bgcolor="#FFFFFF"
             type="rectangle" x="697" y="169" width="46" height="17"/>
    </entry>
    <entry id="34" name="cpd:C00022" type="compound"
        link="http://www.genome.jp/dbget-bin/www_bget?compound+C00022">
        <graphics name="C00022" fgcolor="#000000" bgcolor="#FFFFFF"
             type="circle" x="215" y="644" width="8" height="8"/>
    </entry>
    <entry id="35" name="cpd:C00084" type="compound"
        link="http://www.genome.jp/dbget-bin/www_bget?compound+C00084">
        <graphics name="C00084" fgcolor="#000000" bgcolor="#FFFFFF"
             type="circle" x="153" y="644" width="8" height="8"/>
    </entry>
    <entry id="36" name="ko:K00446" type="ortholog" reaction="rn:R00816"
        link="http://www.genome.jp/dbget-bin/www_bget?ko+K00446">
        <graphics name="K00446" fgcolor="#000000" bgcolor="#FFFFFF"
             type="rectangle" x="285" y="335" width="46" height="17"/>
    </entry>
    <entry id="37" name="ko:K00516" type="ortholog" reaction="rn:R01303"
        link="http://www.genome.jp/dbget-bin/www_bget?ko+K00516">
        <graphics name="K00516" fgcolor="#000000" bgcolor="#FFFFFF"
             type="rectangle" x="999" y="360" width="46" height="17"/>
    </entry>
    <entry id="38" name="ec:1.2.1.7" type="enzyme" reaction="rn:R01294"
        link="http://www.genome.jp/dbget-bin/www_bget?enzyme+1.2.1.7">
        <graphics name="1.2.1.7" fgcolor="#000000" bgcolor="#FFFFFF"
             type="rectangle" x="1024" y="341" width="46" height="17"/>
    </entry>
    <entry id="39" name="ko:K00141" type="ortholog" reaction="rn:R01293"
        link="http://www.genome.jp/dbget-bin/www_bget?ko+K00141">
        <graphics name="K00141" fgcolor="#000000" bgcolor="#FFFFFF"
             type="rectangle" x="974" y="341" width="46" height="17"/>
    </entry>
    <entry id="40" name="cpd:C01424" type="compound"
        link="http://www.genome.jp/dbget-bin/www_bget?compound+C01424">
        <graphics name="C01424" fgcolor="#000000" bgcolor="#FFFFFF"
             type="circle" x="900" y="330" width="8" height="8"/>
    </entry>
    <entry id="41" name="cpd:C05616" type="compound"
        link="http://www.genome.jp/dbget-bin/www_bget?compound+C05616">
        <graphics name="C05616" fgcolor="#000000" bgcolor="#FFFFFF"
             type="circle" x="950" y="419" width="8" height="8"/>
    </entry>
    <entry id="42" name="cpd:C04484" type="compound"
        link="http://www.genome.jp/dbget-bin/www_bget?compound+C04484">
        <graphics name="C04484" fgcolor="#000000" bgcolor="#FFFFFF"
             type="circle" x="784" y="361" width="8" height="8"/>
    </entry>
    <entry id="43" name="cpd:C05375" type="compound"
        link="http://www.genome.jp/dbget-bin/www_bget?compound+C05375">
        <graphics name="C05375" fgcolor="#000000" bgcolor="#FFFFFF"
             type="circle" x="784" y="430" width="8" height="8"/>
    </entry>
    <entry id="44" name="cpd:C03671" type="compound"
        link="http://www.genome.jp/dbget-bin/www_bget?compound+C03671">
        <graphics name="C03671" fgcolor="#000000" bgcolor="#FFFFFF"
             type="circle" x="784" y="497" width="8" height="8"/>
    </entry>
    <entry id="45" name="ko:K01781" type="ortholog" reaction="rn:R04161"
        link="http://www.genome.jp/dbget-bin/www_bget?ko+K01781">
        <graphics name="K01781" fgcolor="#000000" bgcolor="#FFFFFF"
             type="rectangle" x="999" y="679" width="46" height="17"/>
    </entry>
    <entry id="46" name="ko:K00119" type="ortholog" reaction="rn:R04160"
        link="http://www.genome.jp/dbget-bin/www_bget?ko+K00119">
        <graphics name="K00119" fgcolor="#000000" bgcolor="#FFFFFF"
             type="rectangle" x="999" y="594" width="46" height="17"/>
    </entry>
    <entry id="47" name="ko:K01576" type="ortholog" reaction="rn:R02672"
        link="http://www.genome.jp/dbget-bin/www_bget?ko+K01576">
        <graphics name="K01576" fgcolor="#000000" bgcolor="#FFFFFF"
             type="rectangle" x="999" y="511" width="46" height="17"/>
    </entry>
    <entry id="48" name="ko:K04100 ko:K04101" type="ortholog" reaction="rn:R03550"
        link="http://www.genome.jp/dbget-bin/www_bget?ko+K04100+K04101">
        <graphics name="K04100..." fgcolor="#000000" bgcolor="#FFFFFF"
             type="rectangle" x="866" y="563" width="46" height="17"/>
    </entry>
    <entry id="49" name="ko:K00448 ko:K00449" type="ortholog" reaction="rn:R03549"
        link="http://www.genome.jp/dbget-bin/www_bget?ko+K00448+K00449">
        <graphics name="K00448..." fgcolor="#000000" bgcolor="#FFFFFF"
             type="rectangle" x="865" y="499" width="46" height="17"/>
    </entry>
    <entry id="50" name="ko:K04100 ko:K04101" type="ortholog" reaction="rn:R04280"
        link="http://www.genome.jp/dbget-bin/www_bget?ko+K04100+K04101">
        <graphics name="K04100..." fgcolor="#000000" bgcolor="#FFFFFF"
             type="rectangle" x="865" y="459" width="46" height="17"/>
    </entry>
    <entry id="51" name="ko:K00465" type="ortholog" reaction="rn:R01629 rn:R01630"
        link="http://www.genome.jp/dbget-bin/www_bget?ko+K00465">
        <graphics name="K00465" fgcolor="#000000" bgcolor="#FFFFFF"
             type="rectangle" x="586" y="362" width="46" height="17"/>
    </entry>
    <entry id="52" name="ko:K00448 ko:K00449" type="ortholog" reaction="rn:R01631"
        link="http://www.genome.jp/dbget-bin/www_bget?ko+K00448+K00449">
        <graphics name="K00448..." fgcolor="#000000" bgcolor="#FFFFFF"
             type="rectangle" x="586" y="340" width="46" height="17"/>
    </entry>
    <entry id="53" name="ko:K04100 ko:K04101" type="ortholog" reaction="rn:R01632"
        link="http://www.genome.jp/dbget-bin/www_bget?ko+K04100+K04101">
        <graphics name="K04100..." fgcolor="#000000" bgcolor="#FFFFFF"
             type="rectangle" x="729" y="356" width="46" height="17"/>
    </entry>
    <entry id="54" name="ko:K10220" type="ortholog" reaction="rn:R04478"
        link="http://www.genome.jp/dbget-bin/www_bget?ko+K10220">
        <graphics name="K10220" fgcolor="#000000" bgcolor="#FFFFFF"
             type="rectangle" x="733" y="603" width="46" height="17"/>
    </entry>
    <entry id="55" name="ko:K01826" type="ortholog" reaction="rn:R07839"
        link="http://www.genome.jp/dbget-bin/www_bget?ko+K01826">
        <graphics name="K01826" fgcolor="#000000" bgcolor="#FFFFFF"
             type="rectangle" x="784" y="597" width="46" height="17"/>
    </entry>
    <entry id="56" name="ko:K10221" type="ortholog" reaction="rn:R04277"
        link="http://www.genome.jp/dbget-bin/www_bget?ko+K10221">
        <graphics name="K10221" fgcolor="#000000" bgcolor="#FFFFFF"
             type="rectangle" x="786" y="523" width="46" height="17"/>
    </entry>
    <entry id="57" name="ko:K10219" type="ortholog" reaction="rn:R04278 rn:R04279"
        link="http://www.genome.jp/dbget-bin/www_bget?ko+K10219">
        <graphics name="K10219" fgcolor="#000000" bgcolor="#FFFFFF"
             type="rectangle" x="785" y="460" width="46" height="17"/>
    </entry>
    <entry id="58" name="ko:K01856" type="ortholog" reaction="rn:R04489"
        link="http://www.genome.jp/dbget-bin/www_bget?ko+K01856">
        <graphics name="K01856" fgcolor="#000000" bgcolor="#FFFFFF"
             type="rectangle" x="785" y="392" width="46" height="17"/>
    </entry>
    <entry id="59" name="ko:K10218" type="ortholog" reaction="rn:R00350"
        link="http://www.genome.jp/dbget-bin/www_bget?ko+K10218">
        <graphics name="K10218" fgcolor="#000000" bgcolor="#FFFFFF"
             type="rectangle" x="680" y="608" width="46" height="17"/>
    </entry>
    <entry id="60" name="ko:K10218" type="ortholog" reaction="rn:R00008"
        link="http://www.genome.jp/dbget-bin/www_bget?ko+K10218">
        <graphics name="K10218" fgcolor="#000000" bgcolor="#FFFFFF"
             type="rectangle" x="593" y="608" width="46" height="17"/>
    </entry>
    <entry id="61" name="ko:K01726" type="ortholog" reaction="rn:R04399"
        link="http://www.genome.jp/dbget-bin/www_bget?ko+K01726">
        <graphics name="K01726" fgcolor="#000000" bgcolor="#FFFFFF"
             type="rectangle" x="680" y="521" width="46" height="17"/>
    </entry>
    <entry id="62" name="ko:K01726" type="ortholog" reaction="rn:R05078"
        link="http://www.genome.jp/dbget-bin/www_bget?ko+K01726">
        <graphics name="K01726" fgcolor="#000000" bgcolor="#FFFFFF"
             type="rectangle" x="593" y="521" width="46" height="17"/>
    </entry>
    <entry id="63" name="ko:K01821" type="ortholog" reaction="rn:R03966"
        link="http://www.genome.jp/dbget-bin/www_bget?ko+K01821">
        <graphics name="K01821" fgcolor="#000000" bgcolor="#FFFFFF"
             type="rectangle" x="99" y="425" width="46" height="17"/>
    </entry>
    <entry id="64" name="path:map00629" type="map"
        link="http://www.genome.jp/kegg/pathway/map/map00629.html">
        <graphics name="Carbazole degradation" fgcolor="#000000" bgcolor="#FFFFFF"
             type="roundrectangle" x="561" y="222" width="124" height="25"/>
    </entry>
    <entry id="65" name="ko:K00632 ko:K07508 ko:K07509 ko:K07513" type="ortholog" reaction="rn:R00829"
        link="http://www.genome.jp/dbget-bin/www_bget?ko+K00632+K07508+K07509+K07513">
        <graphics name="K00632..." fgcolor="#000000" bgcolor="#FFFFFF"
             type="rectangle" x="314" y="675" width="46" height="17"/>
    </entry>
    <entry id="66" name="ko:K01055" type="ortholog" reaction="rn:R02991"
        link="http://www.genome.jp/dbget-bin/www_bget?ko+K01055">
        <graphics name="K01055" fgcolor="#000000" bgcolor="#FFFFFF"
             type="rectangle" x="339" y="534" width="46" height="17"/>
    </entry>
    <entry id="67" name="ko:K00217" type="ortholog" reaction="rn:R02988 rn:R02989"
        link="http://www.genome.jp/dbget-bin/www_bget?ko+K00217">
        <graphics name="K00217" fgcolor="#000000" bgcolor="#FFFFFF"
             type="rectangle" x="427" y="579" width="46" height="17"/>
    </entry>
    <entry id="68" name="ko:K01618" type="ortholog" reaction="rn:R04223"
        link="http://www.genome.jp/dbget-bin/www_bget?ko+K01618">
        <graphics name="K01618" fgcolor="#000000" bgcolor="#FFFFFF"
             type="rectangle" x="99" y="514" width="46" height="17"/>
    </entry>
    <entry id="69" name="ko:K10217" type="ortholog" reaction="rn:R02762"
        link="http://www.genome.jp/dbget-bin/www_bget?ko+K10217">
        <graphics name="K10217" fgcolor="#000000" bgcolor="#FFFFFF"
             type="rectangle" x="147" y="389" width="46" height="17"/>
    </entry>
    <entry id="70" name="ko:K01666" type="ortholog" reaction="rn:R00750"
        link="http://www.genome.jp/dbget-bin/www_bget?ko+K01666">
        <graphics name="K01666" fgcolor="#000000" bgcolor="#FFFFFF"
             type="rectangle" x="184" y="586" width="46" height="17"/>
    </entry>
    <entry id="71" name="ko:K02554" type="ortholog" reaction="rn:R02601"
        link="http://www.genome.jp/dbget-bin/www_bget?ko+K02554">
        <graphics name="K02554" fgcolor="#000000" bgcolor="#FFFFFF"
             type="rectangle" x="184" y="514" width="46" height="17"/>
    </entry>
    <entry id="72" name="ko:K10219" type="ortholog" reaction="rn:R04453"
        link="http://www.genome.jp/dbget-bin/www_bget?ko+K10219">
        <graphics name="K10219" fgcolor="#000000" bgcolor="#FFFFFF"
             type="rectangle" x="680" y="445" width="46" height="17"/>
    </entry>
    <entry id="73" name="ko:K01559" type="ortholog" reaction="rn:R04488"
        link="http://www.genome.jp/dbget-bin/www_bget?ko+K01559">
        <graphics name="K01559" fgcolor="#000000" bgcolor="#FFFFFF"
             type="rectangle" x="593" y="446" width="46" height="17"/>
    </entry>
    <entry id="74" name="ko:K04098" type="ortholog" reaction="rn:R04061"
        link="http://www.genome.jp/dbget-bin/www_bget?ko+K04098">
        <graphics name="K04098" fgcolor="#000000" bgcolor="#FFFFFF"
             type="rectangle" x="503" y="447" width="46" height="17"/>
    </entry>
    <entry id="75" name="ko:K01857" type="ortholog" reaction="rn:R03307"
        link="http://www.genome.jp/dbget-bin/www_bget?ko+K01857">
        <graphics name="K01857" fgcolor="#000000" bgcolor="#FFFFFF"
             type="rectangle" x="410" y="385" width="46" height="17"/>
    </entry>
    <entry id="76" name="ko:K01607" type="ortholog" reaction="rn:R03470"
        link="http://www.genome.jp/dbget-bin/www_bget?ko+K01607">
        <graphics name="K01607" fgcolor="#000000" bgcolor="#FFFFFF"
             type="rectangle" x="409" y="462" width="46" height="17"/>
    </entry>
    <entry id="77" name="ko:K10216" type="ortholog" reaction="rn:R02604"
        link="http://www.genome.jp/dbget-bin/www_bget?ko+K10216">
        <graphics name="K10216" fgcolor="#000000" bgcolor="#FFFFFF"
             type="rectangle" x="184" y="432" width="46" height="17"/>
    </entry>
    <entry id="78" name="ko:K03464" type="ortholog" reaction="rn:R06990"
        link="http://www.genome.jp/dbget-bin/www_bget?ko+K03464">
        <graphics name="K03464" fgcolor="#000000" bgcolor="#FFFFFF"
             type="rectangle" x="339" y="462" width="46" height="17"/>
    </entry>
    <entry id="79" name="ko:K01856" type="ortholog" reaction="rn:R06989"
        link="http://www.genome.jp/dbget-bin/www_bget?ko+K01856">
        <graphics name="K01856" fgcolor="#000000" bgcolor="#FFFFFF"
             type="rectangle" x="339" y="385" width="46" height="17"/>
    </entry>
    <entry id="80" name="ec:1.13.11.14" type="enzyme" reaction="rn:R01507"
        link="http://www.genome.jp/dbget-bin/www_bget?enzyme+1.13.11.14">
        <graphics name="1.13.11.14" fgcolor="#000000" bgcolor="#FFFFFF"
             type="rectangle" x="184" y="305" width="46" height="17"/>
    </entry>
    <entry id="81" name="ko:K01617" type="ortholog" reaction="rn:R02602"
        link="http://www.genome.jp/dbget-bin/www_bget?ko+K01617">
        <graphics name="K01617" fgcolor="#000000" bgcolor="#FFFFFF"
             type="rectangle" x="137" y="470" width="46" height="17"/>
    </entry>
    <entry id="82" name="ec:4.1.1.46" type="enzyme" reaction="rn:R00821"
        link="http://www.genome.jp/dbget-bin/www_bget?enzyme+4.1.1.46">
        <graphics name="4.1.1.46" fgcolor="#000000" bgcolor="#FFFFFF"
             type="rectangle" x="238" y="278" width="46" height="17"/>
    </entry>
    <entry id="83" name="ec:4.1.1.63" type="enzyme" reaction="rn:R00822"
        link="http://www.genome.jp/dbget-bin/www_bget?enzyme+4.1.1.63">
        <graphics name="4.1.1.63" fgcolor="#000000" bgcolor="#FFFFFF"
             type="rectangle" x="465" y="278" width="46" height="17"/>
    </entry>
    <entry id="84" name="ec:5.5.1.5" type="enzyme" reaction="rn:R03308"
        link="http://www.genome.jp/dbget-bin/www_bget?enzyme+5.5.1.5">
        <graphics name="5.5.1.5" fgcolor="#000000" bgcolor="#FFFFFF"
             type="rectangle" x="453" y="307" width="46" height="17"/>
    </entry>
    <entry id="85" name="ec:1.14.13.35" type="enzyme" reaction="rn:R00980"
        link="http://www.genome.jp/dbget-bin/www_bget?enzyme+1.14.13.35">
        <graphics name="1.14.13.35" fgcolor="#000000" bgcolor="#FFFFFF"
             type="rectangle" x="184" y="232" width="46" height="17"/>
    </entry>
    <entry id="86" name="ko:K05599 ko:K05600 ko:K11311" type="ortholog" reaction="rn:R00823 rn:R00825"
        link="http://www.genome.jp/dbget-bin/www_bget?ko+K05599+K05600+K11311">
        <graphics name="K05599..." fgcolor="#000000" bgcolor="#FFFFFF"
             type="rectangle" x="233" y="198" width="46" height="17"/>
    </entry>
    <entry id="87" name="ec:1.14.99.23" type="enzyme" reaction="rn:R01508"
        link="http://www.genome.jp/dbget-bin/www_bget?enzyme+1.14.99.23">
        <graphics name="1.14.99.23" fgcolor="#000000" bgcolor="#FFFFFF"
             type="rectangle" x="282" y="117" width="46" height="17"/>
    </entry>
    <entry id="88" name="ko:K03381" type="ortholog" reaction="rn:R00817"
        link="http://www.genome.jp/dbget-bin/www_bget?ko+K03381">
        <graphics name="K03381" fgcolor="#000000" bgcolor="#FFFFFF"
             type="rectangle" x="339" y="312" width="46" height="17"/>
    </entry>
    <entry id="89" name="ko:K00479 ko:K05549 ko:K05550 ko:K05784" type="ortholog" reaction="rn:R05621 rn:R05622"
        link="http://www.genome.jp/dbget-bin/www_bget?ko+K00479+K05549+K05550+K05784">
        <graphics name="K00479..." fgcolor="#000000" bgcolor="#FFFFFF"
             type="rectangle" x="339" y="190" width="46" height="17"/>
    </entry>
    <entry id="90" name="path:map00632" type="map"
        link="http://www.genome.jp/kegg/pathway/map/map00632.html">
        <graphics name="Benzoate degradation via CoA ligation" fgcolor="#000000" bgcolor="#FFFFFF"
             type="roundrectangle" x="486" y="149" width="200" height="26"/>
    </entry>
    <entry id="91" name="path:map00626" type="map"
        link="http://www.genome.jp/kegg/pathway/map/map00626.html">
        <graphics name="Naphthalene and anthracene degradation" fgcolor="#000000" bgcolor="#FFFFFF"
             type="roundrectangle" x="563" y="254" width="150" height="34"/>
    </entry>
    <entry id="92" name="path:map00020" type="map"
        link="http://www.genome.jp/kegg/pathway/map/map00020.html">
        <graphics name="Citrate cycle (TCA cycle)" fgcolor="#000000" bgcolor="#FFFFFF"
             type="roundrectangle" x="180" y="769" width="75" height="25"/>
    </entry>
    <entry id="93" name="path:map00623" type="map"
        link="http://www.genome.jp/kegg/pathway/map/map00623.html">
        <graphics name="2,4-Dichlorobenzoate degradation" fgcolor="#000000" bgcolor="#FFFFFF"
             type="roundrectangle" x="791" y="237" width="181" height="25"/>
    </entry>
    <entry id="94" name="path:map00362" type="map"
        link="http://www.genome.jp/dbget-bin/get_linkdb?pathway+map00362">
        <graphics name="TITLE:Benzoate degradation via hydroxylation" fgcolor="#000000" bgcolor="#FFFFFF"
             type="roundrectangle" x="241" y="67" width="363" height="25"/>
    </entry>
    <entry id="95" name="path:map00380" type="map"
        link="http://www.genome.jp/kegg/pathway/map/map00380.html">
        <graphics name="Tryptophan metabolism" fgcolor="#000000" bgcolor="#FFFFFF"
             type="roundrectangle" x="186" y="145" width="132" height="25"/>
    </entry>
    <entry id="96" name="path:map00628" type="map"
        link="http://www.genome.jp/kegg/pathway/map/map00628.html">
        <graphics name="Fluorene degradation" fgcolor="#000000" bgcolor="#FFFFFF"
             type="roundrectangle" x="561" y="193" width="126" height="25"/>
    </entry>
    <entry id="97" name="path:map00360" type="map"
        link="http://www.genome.jp/kegg/pathway/map/map00360.html">
        <graphics name="Phenylalanine metabolism" fgcolor="#000000" bgcolor="#FFFFFF"
             type="roundrectangle" x="890" y="203" width="139" height="25"/>
    </entry>
    <entry id="98" name="path:map00622" type="map"
        link="http://www.genome.jp/kegg/pathway/map/map00622.html">
        <graphics name="Toluene and xylene degradation" fgcolor="#000000" bgcolor="#FFFFFF"
             type="roundrectangle" x="1093" y="410" width="107" height="34"/>
    </entry>
    <entry id="99" name="ko:K01031 ko:K01032" type="ortholog" reaction="rn:R02990"
        link="http://www.genome.jp/dbget-bin/www_bget?ko+K01031+K01032">
        <graphics name="K01031..." fgcolor="#000000" bgcolor="#FFFFFF"
             type="rectangle" x="339" y="610" width="46" height="17"/>
    </entry>
    <entry id="100" name="cpd:C00180" type="compound"
        link="http://www.genome.jp/dbget-bin/www_bget?compound+C00180">
        <graphics name="C00180" fgcolor="#000000" bgcolor="#FFFFFF"
             type="circle" x="339" y="169" width="8" height="8"/>
    </entry>
    <entry id="101" name="cpd:C00196" type="compound"
        link="http://www.genome.jp/dbget-bin/www_bget?compound+C00196">
        <graphics name="C00196" fgcolor="#000000" bgcolor="#FFFFFF"
             type="circle" x="184" y="278" width="8" height="8"/>
    </entry>
    <entry id="102" name="cpd:C02501" type="compound"
        link="http://www.genome.jp/dbget-bin/www_bget?compound+C02501">
        <graphics name="C02501" fgcolor="#000000" bgcolor="#FFFFFF"
             type="circle" x="99" y="389" width="8" height="8"/>
    </entry>
    <entry id="103" name="cpd:C02480" type="compound"
        link="http://www.genome.jp/dbget-bin/www_bget?compound+C02480">
        <graphics name="C02480" fgcolor="#000000" bgcolor="#FFFFFF"
             type="circle" x="339" y="352" width="8" height="8"/>
    </entry>
    <entry id="104" name="cpd:C14610" type="compound"
        link="http://www.genome.jp/dbget-bin/www_bget?compound+C14610">
        <graphics name="C14610" fgcolor="#000000" bgcolor="#FFFFFF"
             type="circle" x="339" y="423" width="8" height="8"/>
    </entry>
    <entry id="105" name="cpd:C00682" type="compound"
        link="http://www.genome.jp/dbget-bin/www_bget?compound+C00682">
        <graphics name="C00682" fgcolor="#000000" bgcolor="#FFFFFF"
             type="circle" x="184" y="389" width="8" height="8"/>
    </entry>
    <entry id="106" name="cpd:C01163" type="compound"
        link="http://www.genome.jp/dbget-bin/www_bget?compound+C01163">
        <graphics name="C01163" fgcolor="#000000" bgcolor="#FFFFFF"
             type="circle" x="409" y="340" width="8" height="8"/>
    </entry>
    <entry id="107" name="cpd:C03589" type="compound"
        link="http://www.genome.jp/dbget-bin/www_bget?compound+C03589">
        <graphics name="C03589" fgcolor="#000000" bgcolor="#FFFFFF"
             type="circle" x="184" y="560" width="8" height="8"/>
    </entry>
    <entry id="108" name="cpd:C04324" type="compound"
        link="http://www.genome.jp/dbget-bin/www_bget?compound+C04324">
        <graphics name="C04324" fgcolor="#000000" bgcolor="#FFFFFF"
             type="circle" x="680" y="487" width="8" height="8"/>
    </entry>
    <entry id="109" name="cpd:C01278" type="compound"
        link="http://www.genome.jp/dbget-bin/www_bget?compound+C01278">
        <graphics name="C01278" fgcolor="#000000" bgcolor="#FFFFFF"
             type="circle" x="409" y="423" width="8" height="8"/>
    </entry>
    <entry id="110" name="cpd:C04480" type="compound"
        link="http://www.genome.jp/dbget-bin/www_bget?compound+C04480">
        <graphics name="C04480" fgcolor="#000000" bgcolor="#FFFFFF"
             type="circle" x="184" y="343" width="8" height="8"/>
    </entry>
    <entry id="111" name="cpd:C00022" type="compound"
        link="http://www.genome.jp/dbget-bin/www_bget?compound+C00022">
        <graphics name="C00022" fgcolor="#000000" bgcolor="#FFFFFF"
             type="circle" x="593" y="662" width="8" height="8"/>
    </entry>
    <entry id="112" name="cpd:C02222" type="compound"
        link="http://www.genome.jp/dbget-bin/www_bget?compound+C02222">
        <graphics name="C02222" fgcolor="#000000" bgcolor="#FFFFFF"
             type="circle" x="503" y="539" width="8" height="8"/>
    </entry>
    <entry id="113" name="cpd:C00090" type="compound"
        link="http://www.genome.jp/dbget-bin/www_bget?compound+C00090">
        <graphics name="C00090" fgcolor="#000000" bgcolor="#FFFFFF"
             type="circle" x="339" y="279" width="8" height="8"/>
    </entry>
    <entry id="114" name="cpd:C06033" type="compound"
        link="http://www.genome.jp/dbget-bin/www_bget?compound+C06033">
        <graphics name="C06033" fgcolor="#000000" bgcolor="#FFFFFF"
             type="circle" x="593" y="575" width="8" height="8"/>
    </entry>
    <entry id="115" name="cpd:C00846" type="compound"
        link="http://www.genome.jp/dbget-bin/www_bget?compound+C00846">
        <graphics name="C00846" fgcolor="#000000" bgcolor="#FFFFFF"
             type="circle" x="339" y="579" width="8" height="8"/>
    </entry>
    <entry id="116" name="cpd:C06035" type="compound"
        link="http://www.genome.jp/dbget-bin/www_bget?compound+C06035">
        <graphics name="C06035" fgcolor="#000000" bgcolor="#FFFFFF"
             type="circle" x="593" y="487" width="8" height="8"/>
    </entry>
    <entry id="117" name="cpd:C03453" type="compound"
        link="http://www.genome.jp/dbget-bin/www_bget?compound+C03453">
        <graphics name="C03453" fgcolor="#000000" bgcolor="#FFFFFF"
             type="circle" x="99" y="471" width="8" height="8"/>
    </entry>
    <entry id="118" name="cpd:C00036" type="compound"
        link="http://www.genome.jp/dbget-bin/www_bget?compound+C00036">
        <graphics name="C00036" fgcolor="#000000" bgcolor="#FFFFFF"
             type="circle" x="680" y="662" width="8" height="8"/>
    </entry>
    <entry id="119" name="cpd:C02814" type="compound"
        link="http://www.genome.jp/dbget-bin/www_bget?compound+C02814">
        <graphics name="C02814" fgcolor="#000000" bgcolor="#FFFFFF"
             type="circle" x="503" y="420" width="8" height="8"/>
    </entry>
    <entry id="120" name="cpd:C04115" type="compound"
        link="http://www.genome.jp/dbget-bin/www_bget?compound+C04115">
        <graphics name="C04115" fgcolor="#000000" bgcolor="#FFFFFF"
             type="circle" x="680" y="575" width="8" height="8"/>
    </entry>
    <entry id="121" name="cpd:C03676" type="compound"
        link="http://www.genome.jp/dbget-bin/www_bget?compound+C03676">
        <graphics name="C03676" fgcolor="#000000" bgcolor="#FFFFFF"
             type="circle" x="503" y="486" width="8" height="8"/>
    </entry>
    <entry id="134" name="" type="other" reaction="rn:R03892">
        <graphics fgcolor="#000000" bgcolor="#FFFFFF"
             type="rectangle" x="503" y="511" width="1" height="43"/>
    </entry>
    <entry id="143" name="" type="other" reaction="rn:R02763">
        <graphics fgcolor="#000000" bgcolor="#FFFFFF"
             type="rectangle" x="184" y="364" width="1" height="37"/>
    </entry>
    <entry id="155" name="" type="other" reaction="rn:R01427">
        <graphics fgcolor="#000000" bgcolor="#FFFFFF"
             type="rectangle" x="493" y="169" width="307" height="1"/>
    </entry>
    <relation entry1="85" entry2="86" type="ECrel">
        <subtype name="compound" value="22"/>
    </relation>
    <relation entry1="80" entry2="82" type="ECrel">
        <subtype name="compound" value="101"/>
    </relation>
    <relation entry1="80" entry2="85" type="ECrel">
        <subtype name="compound" value="101"/>
    </relation>
    <relation entry1="80" entry2="87" type="ECrel">
        <subtype name="compound" value="101"/>
    </relation>
    <relation entry1="82" entry2="85" type="ECrel">
        <subtype name="compound" value="101"/>
    </relation>
    <relation entry1="82" entry2="87" type="ECrel">
        <subtype name="compound" value="101"/>
    </relation>
    <relation entry1="85" entry2="87" type="ECrel">
        <subtype name="compound" value="101"/>
    </relation>
    <relation entry1="32" entry2="33" type="ECrel">
        <subtype name="compound" value="28"/>
    </relation>
    <relation entry1="32" entry2="83" type="ECrel">
        <subtype name="compound" value="31"/>
    </relation>
    <relation entry1="32" entry2="52" type="ECrel">
        <subtype name="compound" value="31"/>
    </relation>
    <relation entry1="32" entry2="51" type="ECrel">
        <subtype name="compound" value="31"/>
    </relation>
    <relation entry1="32" entry2="53" type="ECrel">
        <subtype name="compound" value="31"/>
    </relation>
    <relation entry1="18" entry2="32" type="ECrel">
        <subtype name="compound" value="31"/>
    </relation>
    <relation entry1="19" entry2="32" type="ECrel">
        <subtype name="compound" value="31"/>
    </relation>
    <relation entry1="52" entry2="83" type="ECrel">
        <subtype name="compound" value="31"/>
    </relation>
    <relation entry1="51" entry2="83" type="ECrel">
        <subtype name="compound" value="31"/>
    </relation>
    <relation entry1="53" entry2="83" type="ECrel">
        <subtype name="compound" value="31"/>
    </relation>
    <relation entry1="18" entry2="83" type="ECrel">
        <subtype name="compound" value="31"/>
    </relation>
    <relation entry1="19" entry2="83" type="ECrel">
        <subtype name="compound" value="31"/>
    </relation>
    <relation entry1="51" entry2="52" type="ECrel">
        <subtype name="compound" value="31"/>
    </relation>
    <relation entry1="52" entry2="53" type="ECrel">
        <subtype name="compound" value="31"/>
    </relation>
    <relation entry1="18" entry2="52" type="ECrel">
        <subtype name="compound" value="31"/>
    </relation>
    <relation entry1="19" entry2="52" type="ECrel">
        <subtype name="compound" value="31"/>
    </relation>
    <relation entry1="51" entry2="53" type="ECrel">
        <subtype name="compound" value="31"/>
    </relation>
    <relation entry1="18" entry2="51" type="ECrel">
        <subtype name="compound" value="31"/>
    </relation>
    <relation entry1="19" entry2="51" type="ECrel">
        <subtype name="compound" value="31"/>
    </relation>
    <relation entry1="18" entry2="53" type="ECrel">
        <subtype name="compound" value="31"/>
    </relation>
    <relation entry1="19" entry2="53" type="ECrel">
        <subtype name="compound" value="31"/>
    </relation>
    <relation entry1="19" entry2="39" type="ECrel">
        <subtype name="compound" value="30"/>
    </relation>
    <relation entry1="19" entry2="38" type="ECrel">
        <subtype name="compound" value="30"/>
    </relation>
    <relation entry1="19" entry2="37" type="ECrel">
        <subtype name="compound" value="30"/>
    </relation>
    <relation entry1="18" entry2="39" type="ECrel">
        <subtype name="compound" value="30"/>
    </relation>
    <relation entry1="18" entry2="38" type="ECrel">
        <subtype name="compound" value="30"/>
    </relation>
    <relation entry1="18" entry2="37" type="ECrel">
        <subtype name="compound" value="30"/>
    </relation>
    <relation entry1="53" entry2="72" type="ECrel">
        <subtype name="compound" value="42"/>
    </relation>
    <relation entry1="53" entry2="73" type="ECrel">
        <subtype name="compound" value="42"/>
    </relation>
    <relation entry1="53" entry2="58" type="ECrel">
        <subtype name="compound" value="42"/>
    </relation>
    <relation entry1="72" entry2="73" type="ECrel">
        <subtype name="compound" value="42"/>
    </relation>
    <relation entry1="58" entry2="72" type="ECrel">
        <subtype name="compound" value="42"/>
    </relation>
    <relation entry1="58" entry2="73" type="ECrel">
        <subtype name="compound" value="42"/>
    </relation>
    <relation entry1="57" entry2="58" type="ECrel">
        <subtype name="compound" value="43"/>
    </relation>
    <relation entry1="50" entry2="57" type="ECrel">
        <subtype name="compound" value="44"/>
    </relation>
    <relation entry1="49" entry2="57" type="ECrel">
        <subtype name="compound" value="44"/>
    </relation>
    <relation entry1="56" entry2="57" type="ECrel">
        <subtype name="compound" value="44"/>
    </relation>
    <relation entry1="49" entry2="50" type="ECrel">
        <subtype name="compound" value="44"/>
    </relation>
    <relation entry1="50" entry2="56" type="ECrel">
        <subtype name="compound" value="44"/>
    </relation>
    <relation entry1="49" entry2="56" type="ECrel">
        <subtype name="compound" value="44"/>
    </relation>
    <relation entry1="55" entry2="56" type="ECrel">
        <subtype name="compound" value="20"/>
    </relation>
    <relation entry1="48" entry2="56" type="ECrel">
        <subtype name="compound" value="20"/>
    </relation>
    <relation entry1="48" entry2="55" type="ECrel">
        <subtype name="compound" value="20"/>
    </relation>
    <relation entry1="45" entry2="46" type="ECrel">
        <subtype name="compound" value="25"/>
    </relation>
    <relation entry1="46" entry2="47" type="ECrel">
        <subtype name="compound" value="26"/>
    </relation>
    <relation entry1="37" entry2="47" type="ECrel">
        <subtype name="compound" value="27"/>
    </relation>
    <relation entry1="39" entry2="47" type="ECrel">
        <subtype name="compound" value="27"/>
    </relation>
    <relation entry1="38" entry2="47" type="ECrel">
        <subtype name="compound" value="27"/>
    </relation>
    <relation entry1="65" entry2="99" type="ECrel">
        <subtype name="compound" value="16"/>
    </relation>
    <relation entry1="66" entry2="99" type="ECrel">
        <subtype name="compound" value="115"/>
    </relation>
    <relation entry1="66" entry2="67" type="ECrel">
        <subtype name="compound" value="115"/>
    </relation>
    <relation entry1="67" entry2="99" type="ECrel">
        <subtype name="compound" value="115"/>
    </relation>
    <relation entry1="76" entry2="78" type="ECrel">
        <subtype name="compound" value="14"/>
    </relation>
    <relation entry1="66" entry2="78" type="ECrel">
        <subtype name="compound" value="14"/>
    </relation>
    <relation entry1="66" entry2="76" type="ECrel">
        <subtype name="compound" value="14"/>
    </relation>
    <relation entry1="75" entry2="76" type="ECrel">
        <subtype name="compound" value="109"/>
    </relation>
    <relation entry1="78" entry2="79" type="ECrel">
        <subtype name="compound" value="104"/>
    </relation>
    <relation entry1="79" entry2="88" type="ECrel">
        <subtype name="compound" value="103"/>
    </relation>
    <relation entry1="52" entry2="84" type="ECrel">
        <subtype name="compound" value="106"/>
    </relation>
    <relation entry1="75" entry2="84" type="ECrel">
        <subtype name="compound" value="106"/>
    </relation>
    <relation entry1="52" entry2="75" type="ECrel">
        <subtype name="compound" value="106"/>
    </relation>
    <relation entry1="61" entry2="72" type="ECrel">
        <subtype name="compound" value="108"/>
    </relation>
    <relation entry1="59" entry2="61" type="ECrel">
        <subtype name="compound" value="120"/>
    </relation>
    <relation entry1="54" entry2="61" type="ECrel">
        <subtype name="compound" value="120"/>
    </relation>
    <relation entry1="54" entry2="59" type="ECrel">
        <subtype name="compound" value="120"/>
    </relation>
    <relation entry1="54" entry2="55" type="ECrel">
        <subtype name="compound" value="21"/>
    </relation>
    <relation entry1="60" entry2="62" type="ECrel">
        <subtype name="compound" value="114"/>
    </relation>
    <relation entry1="62" entry2="73" type="ECrel">
        <subtype name="compound" value="116"/>
    </relation>
    <relation entry1="68" entry2="71" type="ECrel">
        <subtype name="compound" value="107"/>
    </relation>
    <relation entry1="68" entry2="70" type="ECrel">
        <subtype name="compound" value="107"/>
    </relation>
    <relation entry1="70" entry2="71" type="ECrel">
        <subtype name="compound" value="107"/>
    </relation>
    <relation entry1="71" entry2="81" type="ECrel">
        <subtype name="compound" value="17"/>
    </relation>
    <relation entry1="77" entry2="81" type="ECrel">
        <subtype name="compound" value="17"/>
    </relation>
    <relation entry1="71" entry2="77" type="ECrel">
        <subtype name="compound" value="17"/>
    </relation>
    <relation entry1="63" entry2="68" type="ECrel">
        <subtype name="compound" value="117"/>
    </relation>
    <relation entry1="63" entry2="81" type="ECrel">
        <subtype name="compound" value="117"/>
    </relation>
    <relation entry1="68" entry2="81" type="ECrel">
        <subtype name="compound" value="117"/>
    </relation>
    <relation entry1="63" entry2="69" type="ECrel">
        <subtype name="compound" value="102"/>
    </relation>
    <relation entry1="69" entry2="77" type="ECrel">
        <subtype name="compound" value="105"/>
    </relation>
    <relation entry1="36" entry2="69" type="ECrel">
        <subtype name="compound" value="105"/>
    </relation>
    <relation entry1="36" entry2="77" type="ECrel">
        <subtype name="compound" value="105"/>
    </relation>
    <relation entry1="51" entry2="74" type="ECrel">
        <subtype name="compound" value="119"/>
    </relation>
    <relation entry1="48" entry2="49" type="ECrel">
        <subtype name="compound" value="40"/>
    </relation>
    <relation entry1="33" entry2="87" type="ECrel">
        <subtype name="compound" value="28"/>
    </relation>
    <relation entry1="32" entry2="87" type="ECrel">
        <subtype name="compound" value="28"/>
    </relation>
    <relation entry1="19" entry2="8" type="ECrel">
        <subtype name="compound" value="30"/>
    </relation>
    <relation entry1="18" entry2="8" type="ECrel">
        <subtype name="compound" value="30"/>
    </relation>
    <relation entry1="39" entry2="8" type="ECrel">
        <subtype name="compound" value="30"/>
    </relation>
    <relation entry1="38" entry2="8" type="ECrel">
        <subtype name="compound" value="30"/>
    </relation>
    <relation entry1="37" entry2="8" type="ECrel">
        <subtype name="compound" value="30"/>
    </relation>
    <relation entry1="89" entry2="9" type="ECrel">
        <subtype name="compound" value="7"/>
    </relation>
    <relation entry1="86" entry2="9" type="ECrel">
        <subtype name="compound" value="113"/>
    </relation>
    <relation entry1="82" entry2="9" type="ECrel">
        <subtype name="compound" value="113"/>
    </relation>
    <relation entry1="36" entry2="9" type="ECrel">
        <subtype name="compound" value="113"/>
    </relation>
    <relation entry1="88" entry2="9" type="ECrel">
        <subtype name="compound" value="113"/>
    </relation>
    <relation entry1="83" entry2="9" type="ECrel">
        <subtype name="compound" value="113"/>
    </relation>
    <relation entry1="82" entry2="86" type="ECrel">
        <subtype name="compound" value="113"/>
    </relation>
    <relation entry1="36" entry2="86" type="ECrel">
        <subtype name="compound" value="113"/>
    </relation>
    <relation entry1="86" entry2="88" type="ECrel">
        <subtype name="compound" value="113"/>
    </relation>
    <relation entry1="83" entry2="86" type="ECrel">
        <subtype name="compound" value="113"/>
    </relation>
    <relation entry1="36" entry2="82" type="ECrel">
        <subtype name="compound" value="113"/>
    </relation>
    <relation entry1="82" entry2="88" type="ECrel">
        <subtype name="compound" value="113"/>
    </relation>
    <relation entry1="82" entry2="83" type="ECrel">
        <subtype name="compound" value="113"/>
    </relation>
    <relation entry1="36" entry2="88" type="ECrel">
        <subtype name="compound" value="113"/>
    </relation>
    <relation entry1="36" entry2="83" type="ECrel">
        <subtype name="compound" value="113"/>
    </relation>
    <relation entry1="83" entry2="88" type="ECrel">
        <subtype name="compound" value="113"/>
    </relation>
    <relation entry1="99" entry2="6" type="ECrel">
        <subtype name="compound" value="16"/>
    </relation>
    <relation entry1="89" entry2="8" type="ECrel">
        <subtype name="compound" value="100"/>
    </relation>
    <relation entry1="1" entry2="2" type="ECrel">
        <subtype name="compound" value="3"/>
    </relation>
    <relation entry1="69" entry2="1" type="ECrel">
        <subtype name="compound" value="102"/>
    </relation>
    <relation entry1="63" entry2="1" type="ECrel">
        <subtype name="compound" value="102"/>
    </relation>
    <relation entry1="85" entry2="95" type="maplink">
        <subtype name="compound" value="22"/>
    </relation>
    <relation entry1="86" entry2="95" type="maplink">
        <subtype name="compound" value="22"/>
    </relation>
    <relation entry1="89" entry2="90" type="maplink">
        <subtype name="compound" value="100"/>
    </relation>
    <relation entry1="70" entry2="11" type="maplink">
        <subtype name="compound" value="35"/>
    </relation>
    <relation entry1="70" entry2="12" type="maplink">
        <subtype name="compound" value="34"/>
    </relation>
    <relation entry1="65" entry2="92" type="maplink">
        <subtype name="compound" value="23"/>
    </relation>
    <relation entry1="65" entry2="92" type="maplink">
        <subtype name="compound" value="24"/>
    </relation>
    <relation entry1="60" entry2="92" type="maplink">
        <subtype name="compound" value="111"/>
    </relation>
    <relation entry1="59" entry2="92" type="maplink">
        <subtype name="compound" value="118"/>
    </relation>
    <relation entry1="37" entry2="98" type="maplink">
        <subtype name="compound" value="30"/>
    </relation>
    <relation entry1="37" entry2="98" type="maplink">
        <subtype name="compound" value="27"/>
    </relation>
    <relation entry1="38" entry2="98" type="maplink">
        <subtype name="compound" value="30"/>
    </relation>
    <relation entry1="38" entry2="98" type="maplink">
        <subtype name="compound" value="27"/>
    </relation>
    <relation entry1="39" entry2="98" type="maplink">
        <subtype name="compound" value="30"/>
    </relation>
    <relation entry1="39" entry2="98" type="maplink">
        <subtype name="compound" value="27"/>
    </relation>
    <relation entry1="47" entry2="98" type="maplink">
        <subtype name="compound" value="27"/>
    </relation>
    <relation entry1="19" entry2="98" type="maplink">
        <subtype name="compound" value="30"/>
    </relation>
    <relation entry1="18" entry2="98" type="maplink">
        <subtype name="compound" value="30"/>
    </relation>
    <relation entry1="19" entry2="97" type="maplink">
        <subtype name="compound" value="30"/>
    </relation>
    <relation entry1="18" entry2="97" type="maplink">
        <subtype name="compound" value="30"/>
    </relation>
    <relation entry1="39" entry2="97" type="maplink">
        <subtype name="compound" value="30"/>
    </relation>
    <relation entry1="38" entry2="97" type="maplink">
        <subtype name="compound" value="30"/>
    </relation>
    <relation entry1="37" entry2="97" type="maplink">
        <subtype name="compound" value="30"/>
    </relation>
    <relation entry1="97" entry2="98" type="maplink">
        <subtype name="compound" value="30"/>
    </relation>
    <relation entry1="32" entry2="93" type="maplink">
        <subtype name="compound" value="31"/>
    </relation>
    <relation entry1="83" entry2="93" type="maplink">
        <subtype name="compound" value="31"/>
    </relation>
    <relation entry1="52" entry2="93" type="maplink">
        <subtype name="compound" value="31"/>
    </relation>
    <relation entry1="51" entry2="93" type="maplink">
        <subtype name="compound" value="31"/>
    </relation>
    <relation entry1="53" entry2="93" type="maplink">
        <subtype name="compound" value="31"/>
    </relation>
    <relation entry1="18" entry2="93" type="maplink">
        <subtype name="compound" value="31"/>
    </relation>
    <relation entry1="19" entry2="93" type="maplink">
        <subtype name="compound" value="31"/>
    </relation>
    <relation entry1="86" entry2="91" type="maplink">
        <subtype name="compound" value="113"/>
    </relation>
    <relation entry1="86" entry2="64" type="maplink">
        <subtype name="compound" value="113"/>
    </relation>
    <relation entry1="86" entry2="96" type="maplink">
        <subtype name="compound" value="113"/>
    </relation>
    <relation entry1="82" entry2="91" type="maplink">
        <subtype name="compound" value="113"/>
    </relation>
    <relation entry1="82" entry2="64" type="maplink">
        <subtype name="compound" value="113"/>
    </relation>
    <relation entry1="82" entry2="96" type="maplink">
        <subtype name="compound" value="113"/>
    </relation>
    <relation entry1="36" entry2="91" type="maplink">
        <subtype name="compound" value="113"/>
    </relation>
    <relation entry1="36" entry2="64" type="maplink">
        <subtype name="compound" value="113"/>
    </relation>
    <relation entry1="36" entry2="96" type="maplink">
        <subtype name="compound" value="113"/>
    </relation>
    <relation entry1="88" entry2="91" type="maplink">
        <subtype name="compound" value="113"/>
    </relation>
    <relation entry1="88" entry2="64" type="maplink">
        <subtype name="compound" value="113"/>
    </relation>
    <relation entry1="88" entry2="96" type="maplink">
        <subtype name="compound" value="113"/>
    </relation>
    <relation entry1="83" entry2="91" type="maplink">
        <subtype name="compound" value="113"/>
    </relation>
    <relation entry1="83" entry2="64" type="maplink">
        <subtype name="compound" value="113"/>
    </relation>
    <relation entry1="83" entry2="96" type="maplink">
        <subtype name="compound" value="113"/>
    </relation>
    <relation entry1="64" entry2="91" type="maplink">
        <subtype name="compound" value="113"/>
    </relation>
    <relation entry1="91" entry2="96" type="maplink">
        <subtype name="compound" value="113"/>
    </relation>
    <relation entry1="64" entry2="96" type="maplink">
        <subtype name="compound" value="113"/>
    </relation>
    <relation entry1="99" entry2="10" type="maplink">
        <subtype name="compound" value="16"/>
    </relation>
    <relation entry1="65" entry2="10" type="maplink">
        <subtype name="compound" value="16"/>
    </relation>
    <relation entry1="8" entry2="97" type="maplink">
        <subtype name="compound" value="30"/>
    </relation>
    <relation entry1="8" entry2="98" type="maplink">
        <subtype name="compound" value="30"/>
    </relation>
    <relation entry1="9" entry2="91" type="maplink">
        <subtype name="compound" value="113"/>
    </relation>
    <relation entry1="9" entry2="64" type="maplink">
        <subtype name="compound" value="113"/>
    </relation>
    <relation entry1="9" entry2="96" type="maplink">
        <subtype name="compound" value="113"/>
    </relation>
    <relation entry1="6" entry2="10" type="maplink">
        <subtype name="compound" value="16"/>
    </relation>
    <relation entry1="6" entry2="92" type="maplink">
        <subtype name="compound" value="24"/>
    </relation>
    <relation entry1="6" entry2="92" type="maplink">
        <subtype name="compound" value="23"/>
    </relation>
    <relation entry1="8" entry2="90" type="maplink">
        <subtype name="compound" value="100"/>
    </relation>
    <relation entry1="33" entry2="5" type="maplink">
        <subtype name="compound" value="29"/>
    </relation>
    <reaction name="rn:R07795" type="irreversible">
        <substrate name="cpd:C06336"/>
        <product name="cpd:C02501"/>
    </reaction>
    <reaction name="rn:R05156" type="irreversible">
        <substrate name="cpd:C06333"/>
        <product name="cpd:C06336"/>
    </reaction>
    <reaction name="rn:R00829" type="irreversible">
        <substrate name="cpd:C02232"/>
        <product name="cpd:C00024"/>
        <product name="cpd:C00091"/>
    </reaction>
    <reaction name="rn:R01295" type="irreversible">
        <substrate name="cpd:C00180"/>
        <product name="cpd:C00156"/>
    </reaction>
    <reaction name="rn:R00813" type="irreversible">
        <substrate name="cpd:C06321"/>
        <product name="cpd:C00090"/>
    </reaction>
    <reaction name="rn:R01296" type="reversible">
        <substrate name="cpd:C00156"/>
        <product name="cpd:C00230"/>
    </reaction>
    <reaction name="rn:R01298" type="reversible">
        <substrate name="cpd:C00156"/>
        <product name="cpd:C00230"/>
    </reaction>
    <reaction name="rn:R01628" type="irreversible">
        <substrate name="cpd:C00587"/>
        <product name="cpd:C00230"/>
    </reaction>
    <reaction name="rn:R02589" type="irreversible">
        <substrate name="cpd:C00587"/>
        <product name="cpd:C00628"/>
    </reaction>
    <reaction name="rn:R00816" type="irreversible">
        <substrate name="cpd:C00090"/>
        <product name="cpd:C00682"/>
    </reaction>
    <reaction name="rn:R01303" type="irreversible">
        <substrate name="cpd:C00156"/>
        <product name="cpd:C00633"/>
    </reaction>
    <reaction name="rn:R01294" type="irreversible">
        <substrate name="cpd:C00156"/>
        <product name="cpd:C00633"/>
    </reaction>
    <reaction name="rn:R01293" type="irreversible">
        <substrate name="cpd:C00156"/>
        <product name="cpd:C00633"/>
    </reaction>
    <reaction name="rn:R04161" type="irreversible">
        <substrate name="cpd:C03198"/>
        <product name="cpd:C05343"/>
    </reaction>
    <reaction name="rn:R04160" type="irreversible">
        <substrate name="cpd:C03590"/>
        <product name="cpd:C03198"/>
    </reaction>
    <reaction name="rn:R02672" type="irreversible">
        <substrate name="cpd:C00633"/>
        <product name="cpd:C03590"/>
    </reaction>
    <reaction name="rn:R03550" type="irreversible">
        <substrate name="cpd:C01424"/>
        <product name="cpd:C04451"/>
    </reaction>
    <reaction name="rn:R03549" type="irreversible">
        <substrate name="cpd:C01424"/>
        <product name="cpd:C03671"/>
    </reaction>
    <reaction name="rn:R04280" type="irreversible">
        <substrate name="cpd:C05616"/>
        <product name="cpd:C03671"/>
    </reaction>
    <reaction name="rn:R01629" type="irreversible">
        <substrate name="cpd:C00230"/>
        <product name="cpd:C02814"/>
    </reaction>
    <reaction name="rn:R01630" type="irreversible">
        <substrate name="cpd:C00230"/>
        <product name="cpd:C02814"/>
    </reaction>
    <reaction name="rn:R01631" type="irreversible">
        <substrate name="cpd:C00230"/>
        <product name="cpd:C01163"/>
    </reaction>
    <reaction name="rn:R01632" type="irreversible">
        <substrate name="cpd:C00230"/>
        <product name="cpd:C04484"/>
    </reaction>
    <reaction name="rn:R04478" type="irreversible">
        <substrate name="cpd:C04434"/>
        <product name="cpd:C04115"/>
    </reaction>
    <reaction name="rn:R07839" type="reversible">
        <substrate name="cpd:C04434"/>
        <product name="cpd:C04451"/>
    </reaction>
    <reaction name="rn:R04277" type="irreversible">
        <substrate name="cpd:C03671"/>
        <product name="cpd:C04451"/>
    </reaction>
    <reaction name="rn:R04278" type="irreversible">
        <substrate name="cpd:C05375"/>
        <product name="cpd:C03671"/>
    </reaction>
    <reaction name="rn:R04279" type="irreversible">
        <substrate name="cpd:C05375"/>
        <product name="cpd:C03671"/>
    </reaction>
    <reaction name="rn:R04489" type="irreversible">
        <substrate name="cpd:C04484"/>
        <product name="cpd:C05375"/>
    </reaction>
    <reaction name="rn:R00350" type="irreversible">
        <substrate name="cpd:C04115"/>
        <product name="cpd:C00036"/>
    </reaction>
    <reaction name="rn:R00008" type="irreversible">
        <substrate name="cpd:C06033"/>
        <product name="cpd:C00022"/>
    </reaction>
    <reaction name="rn:R04399" type="irreversible">
        <substrate name="cpd:C04324"/>
        <product name="cpd:C04115"/>
    </reaction>
    <reaction name="rn:R05078" type="irreversible">
        <substrate name="cpd:C06035"/>
        <product name="cpd:C06033"/>
    </reaction>
    <reaction name="rn:R03966" type="irreversible">
        <substrate name="cpd:C02501"/>
        <product name="cpd:C03453"/>
    </reaction>
    <reaction name="rn:R02991" type="irreversible">
        <substrate name="cpd:C03586"/>
        <product name="cpd:C00846"/>
    </reaction>
    <reaction name="rn:R02988" type="irreversible">
        <substrate name="cpd:C02222"/>
        <product name="cpd:C00846"/>
    </reaction>
    <reaction name="rn:R02989" type="irreversible">
        <substrate name="cpd:C02222"/>
        <product name="cpd:C00846"/>
    </reaction>
    <reaction name="rn:R04223" type="irreversible">
        <substrate name="cpd:C03453"/>
        <product name="cpd:C03589"/>
    </reaction>
    <reaction name="rn:R02762" type="irreversible">
        <substrate name="cpd:C00682"/>
        <product name="cpd:C02501"/>
    </reaction>
    <reaction name="rn:R00750" type="irreversible">
        <substrate name="cpd:C03589"/>
        <product name="cpd:C00084"/>
        <product name="cpd:C00022"/>
    </reaction>
    <reaction name="rn:R02601" type="irreversible">
        <substrate name="cpd:C00596"/>
        <product name="cpd:C03589"/>
    </reaction>
    <reaction name="rn:R04453" type="irreversible">
        <substrate name="cpd:C04484"/>
        <product name="cpd:C04324"/>
    </reaction>
    <reaction name="rn:R04488" type="irreversible">
        <substrate name="cpd:C04484"/>
        <product name="cpd:C06035"/>
    </reaction>
    <reaction name="rn:R04061" type="irreversible">
        <substrate name="cpd:C02814"/>
        <product name="cpd:C03676"/>
    </reaction>
    <reaction name="rn:R03307" type="reversible">
        <substrate name="cpd:C01278"/>
        <product name="cpd:C01163"/>
    </reaction>
    <reaction name="rn:R03470" type="reversible">
        <substrate name="cpd:C01278"/>
        <product name="cpd:C03586"/>
    </reaction>
    <reaction name="rn:R02604" type="irreversible">
        <substrate name="cpd:C00682"/>
        <product name="cpd:C00596"/>
    </reaction>
    <reaction name="rn:R06990" type="reversible">
        <substrate name="cpd:C14610"/>
        <product name="cpd:C03586"/>
    </reaction>
    <reaction name="rn:R06989" type="reversible">
        <substrate name="cpd:C02480"/>
        <product name="cpd:C14610"/>
    </reaction>
    <reaction name="rn:R01507" type="irreversible">
        <substrate name="cpd:C00196"/>
        <product name="cpd:C04480"/>
    </reaction>
    <reaction name="rn:R02602" type="irreversible">
        <substrate name="cpd:C03453"/>
        <product name="cpd:C00596"/>
    </reaction>
    <reaction name="rn:R00821" type="irreversible">
        <substrate name="cpd:C00196"/>
        <product name="cpd:C00090"/>
    </reaction>
    <reaction name="rn:R00822" type="reversible">
        <substrate name="cpd:C00230"/>
        <product name="cpd:C00090"/>
    </reaction>
    <reaction name="rn:R03308" type="reversible">
        <substrate name="cpd:C04553"/>
        <product name="cpd:C01163"/>
    </reaction>
    <reaction name="rn:R00980" type="irreversible">
        <substrate name="cpd:C00108"/>
        <product name="cpd:C00196"/>
    </reaction>
    <reaction name="rn:R00823" type="irreversible">
        <substrate name="cpd:C00108"/>
        <product name="cpd:C00090"/>
    </reaction>
    <reaction name="rn:R00825" type="irreversible">
        <substrate name="cpd:C00108"/>
        <product name="cpd:C00090"/>
    </reaction>
    <reaction name="rn:R01508" type="irreversible">
        <substrate name="cpd:C00587"/>
        <product name="cpd:C00196"/>
    </reaction>
    <reaction name="rn:R00817" type="irreversible">
        <substrate name="cpd:C00090"/>
        <product name="cpd:C02480"/>
    </reaction>
    <reaction name="rn:R05621" type="irreversible">
        <substrate name="cpd:C00180"/>
        <product name="cpd:C06321"/>
    </reaction>
    <reaction name="rn:R05622" type="irreversible">
        <substrate name="cpd:C00180"/>
        <product name="cpd:C06321"/>
    </reaction>
    <reaction name="rn:R02990" type="irreversible">
        <substrate name="cpd:C00846"/>
        <product name="cpd:C02232"/>
    </reaction>
    <reaction name="rn:R03892" type="irreversible">
        <substrate name="cpd:C03676"/>
        <product name="cpd:C02222"/>
    </reaction>
    <reaction name="rn:R02763" type="irreversible">
        <substrate name="cpd:C04480"/>
        <product name="cpd:C00682"/>
    </reaction>
    <reaction name="rn:R01427" type="irreversible">
        <substrate name="cpd:C00180"/>
        <product name="cpd:C00587"/>
    </reaction>
</pathway>
